movie_id,title,genre,release_year,imdb_rating,watch_time_minutes
3188,Neon Mirage 3188,Documentary,1972,5.5,181250
6594,Hidden Journey 6594,Documentary,1985,4.9,155063
4863,Forgotten Odyssey 4863,Fantasy,2017,6.2,501950
3368,Eternal Legacy 3368,Drama,1984,5.4,0
2006,Quiet Echo 2006,Documentary,1982,6.7,393241
8766,Quiet Journey 8766,SciFi,1991,6.2,646074
1987,Eternal Legacy 1987,SciFi,1977,7.1,183970
800,Endless Mirage 800,Romance,1987,6.9,453913
8985,Endless Frontier 8985,Animation,2005,5.7,174253
9265,Secret Odyssey 9265,Thriller,1991,9.7,630193
5173,Dark Storm 5173,Romance,2014,6.7,163980
5246,Last Shadow 5246,Romance,2026,6.5,573807
3367,Forgotten Echo 3367,SciFi,2026,6.5,215697
936,Dark Horizon 936,Animation,2026,6.9,0
5500,Eternal Requiem 5500,Comedy,2026,7.5,608023
2514,Silent Echo 2514,SciFi,2025,6.3,851918
4787,Hidden Requiem 4787,SciFi,2008,7.3,868758
6494,Golden Requiem 6494,Fantasy,2006,7.3,177449
1178,Frozen Reflection 1178,Horror,1979,8.8,386130
7421,Golden Frontier 7421,Comedy,1974,6.5,397361
3468,Forgotten Empire 3468,Thriller,1986,6.5,713818
8649,Distant Odyssey 8649,SciFi,1997,6.6,328322
5848,Lost Storm 5848,Horror,2009,5.4,0
1535,Quiet Paradox 1535,Comedy,1977,7.0,726084
3429,Distant Chronicles 3429,Documentary,2020,7.5,307944
8426,Last Harbor 8426,Drama,2003,7.7,135612
4503,Last Mirage 4503,Thriller,2006,5.3,612017
5669,Lost Harbor 5669,Romance,1979,8.0,193924
9550,Distant Signal 9550,Horror,2009,7.3,268065
3767,Forgotten Empire 3767,Documentary,2024,8.0,608392
317,Frozen Mirage 317,Drama,2010,6.0,93106
9108,Eternal Harbor 9108,Animation,1994,7.0,637007
6859,Last Descent 6859,SciFi,2014,7.3,913425
7838,Secret Passage 7838,Animation,1978,7.1,608058
2993,Crimson Empire 2993,Documentary,2013,5.2,16670
4191,Forgotten Passage 4191,Comedy,2011,6.2,672885
8326,Secret Frontier 8326,Animation,2018,6.4,238876
7785,Neon Frontier 7785,SciFi,2021,8.6,0
4601,Eternal Verdict 4601,Fantasy,2013,6.9,748611
45,Dark Empire 45,Drama,1971,8.3,1029183
9236,Forgotten Mirage 9236,Action,2022,4.2,149089
2520,Wild Requiem 2520,SciFi,1982,8.2,691885
6502,Hidden Shadow 6502,Comedy,2017,6.7,208579
3008,Silent Mirage 3008,Animation,1970,3.9,477468
5720,Golden Kingdom 5720,Documentary,2006,4.7,411713
7388,Golden Descent 7388,Romance,2000,8.5,969369
1209,Endless Requiem 1209,Animation,2008,8.7,575785
6554,Endless Chronicles 6554,Action,2009,6.6,681185
2134,Eternal Horizon 2134,SciFi,1994,5.1,33165
5701,Forgotten Paradox 5701,Animation,1999,4.5,11277
4204,Golden Odyssey 4204,Comedy,2014,6.4,829778
6105,Quiet Paradox 6105,Animation,2012,6.6,671468
6113,Neon Requiem 6113,Animation,2003,6.1,435710
479,Dark Paradox 479,Thriller,2006,5.3,504819
6247,Silent Descent 6247,Romance,1986,5.2,681189
5460,Golden Passage 5460,SciFi,2008,7.9,816914
9078,Frozen Requiem 9078,Romance,1970,6.8,715003
5079,Crimson Empire 5079,Horror,1971,7.1,417331
1561,Hidden Empire 1561,Fantasy,2017,6.2,293608
707,Crimson Signal 707,Drama,1993,7.4,742476
5003,Dark Echo 5003,Animation,1985,5.4,444620
6376,Eternal Mirage 6376,Fantasy,1999,7.0,291653
9931,Burning Storm 9931,Horror,1980,5.6,263465
4211,Eternal Harbor 4211,Thriller,2025,7.1,429387
2228,Crimson Requiem 2228,Action,2025,7.1,300383
8405,Secret Shadow 8405,Animation,2017,10.0,289539
3565,Quiet Passage 3565,Animation,2026,6.2,1214230
6122,Rising Empire 6122,Horror,2006,7.3,511477
7280,Burning Reflection 7280,Fantasy,2008,6.5,23478
5391,Fallen Journey 5391,Fantasy,1996,7.3,730942
4911,Neon Horizon 4911,Romance,1970,7.9,0
2095,Endless Requiem 2095,Thriller,1991,7.6,623331
3076,Crimson Journey 3076,Thriller,1971,6.5,713200
6689,Golden Verdict 6689,Drama,1976,4.8,646207
9662,Distant Empire 9662,SciFi,2016,7.4,439410
2147,Neon Verdict 2147,Romance,1994,5.8,285884
2543,Broken Harbor 2543,Drama,2015,6.4,370028
2653,Lost Echo 2653,Horror,1987,5.0,903060
7207,Lost Mirage 7207,Fantasy,2004,6.6,595399
294,Burning Mirage 294,Comedy,2012,7.4,395864
8561,Dark Shadow 8561,Thriller,2020,8.6,171174
5187,Forgotten Requiem 5187,Romance,2020,5.4,205372
3663,Frozen Chronicles 3663,Horror,2023,6.2,495815
687,Lost Mirage 687,Drama,2022,6.6,618611
8964,Rising Reflection 8964,Animation,2024,6.1,604443
1743,Eternal Mirage 1743,Thriller,1971,4.0,185846
9787,Neon Mirage 9787,Fantasy,1976,5.7,0
9969,Endless Empire 9969,Comedy,1989,5.9,860003
2586,Eternal Chronicles 2586,Drama,2024,4.9,534833
4720,Silent Chronicles 4720,Comedy,2004,4.7,91488
8460,Distant Signal 8460,Documentary,2019,9.6,0
3800,Secret Signal 3800,Thriller,2015,4.8,282664
2917,Endless Empire 2917,SciFi,1995,6.4,460081
5630,Silent Paradox 5630,Documentary,2008,5.6,744194
9033,Quiet Odyssey 9033,SciFi,1999,5.8,345065
675,Golden Requiem 675,Fantasy,2023,6.1,732076
7112,Eternal Journey 7112,Horror,1995,9.4,896038
8373,Fallen Harbor 8373,Fantasy,2005,7.1,0
2675,Wild Odyssey 2675,Romance,1999,7.6,563867
6415,Distant Paradox 6415,Drama,1970,8.1,195723
2412,Neon Signal 2412,Animation,1997,6.9,773315
1539,Last Mirage 1539,Action,2002,5.7,417289
8708,Eternal Frontier 8708,Action,2005,6.2,606495
1442,Rising Passage 1442,Action,1988,6.2,734193
8188,Crimson Odyssey 8188,Fantasy,1982,6.4,473362
3955,Rising Horizon 3955,SciFi,2008,7.3,503102
4283,Eternal Shadow 4283,Thriller,1990,5.6,189528
2916,Distant Frontier 2916,Documentary,2018,7.7,468871
8978,Secret Echo 8978,Documentary,1986,7.1,281978
3357,Frozen Passage 3357,Drama,1995,8.0,0
9867,Dark Storm 9867,Fantasy,1984,8.2,625314
9304,Crimson Harbor 9304,Romance,1970,7.4,821694
6361,Wild Harbor 6361,Romance,1994,4.5,633359
4767,Secret Kingdom 4767,Fantasy,2008,7.9,943976
4901,Last Kingdom 4901,Comedy,1979,6.9,684309
6743,Quiet Verdict 6743,Horror,2003,7.1,373459
5779,Golden Odyssey 5779,Fantasy,1993,7.1,223632
5627,Rising Odyssey 5627,Romance,2014,6.5,883003
2065,Crimson Empire 2065,Comedy,2006,5.8,607379
1534,Forgotten Empire 1534,Horror,1993,6.9,628605
3816,Crimson Signal 3816,Thriller,2015,6.6,471320
2060,Forgotten Passage 2060,Comedy,1970,8.3,642518
6189,Golden Paradox 6189,Action,1995,6.4,795364
5084,Distant Harbor 5084,Comedy,1974,8.0,472625
9498,Quiet Horizon 9498,Animation,1993,6.4,360962
6545,Lost Legacy 6545,Action,1981,8.8,968733
1982,Distant Legacy 1982,Action,2024,6.6,326522
732,Rising Paradox 732,SciFi,1992,5.9,330387
5893,Rising Journey 5893,Thriller,1976,6.9,52426
4376,Lost Kingdom 4376,Horror,2008,6.5,755990
5616,Silent Odyssey 5616,Comedy,1983,7.0,856075
2656,Last Chronicles 2656,Fantasy,2014,5.2,356135
3734,Endless Chronicles 3734,Comedy,1990,7.5,243967
4016,Frozen Echo 4016,Comedy,1981,8.1,534327
8184,Golden Frontier 8184,Drama,1998,8.5,559658
3898,Frozen Legacy 3898,Action,1971,6.5,518198
4913,Fallen Signal 4913,Fantasy,1977,5.3,250697
6459,Hidden Mirage 6459,Comedy,1981,6.1,687101
1786,Golden Frontier 1786,Drama,1997,8.5,441316
5875,Burning Kingdom 5875,Horror,1972,9.0,902108
402,Distant Echo 402,Drama,2013,7.6,408902
8299,Broken Requiem 8299,Documentary,1976,7.4,977243
4930,Endless Chronicles 4930,Thriller,2000,7.3,1236139
542,Neon Mirage 542,Horror,2023,6.1,526722
2067,Silent Storm 2067,Fantasy,2026,5.7,605289
7192,Fallen Signal 7192,Documentary,2016,5.5,668156
7395,Fallen Empire 7395,Documentary,2025,10.0,660127
9296,Neon Journey 9296,Thriller,1994,6.3,244713
812,Last Descent 812,Action,1974,6.4,627039
8075,Dark Paradox 8075,Comedy,2015,6.3,487314
6814,Burning Storm 6814,Documentary,1993,6.3,965227
2948,Crimson Empire 2948,Comedy,1976,5.0,849277
6037,Dark Paradox 6037,Romance,1991,6.5,708986
8282,Quiet Signal 8282,Fantasy,2002,6.6,363478
2862,Golden Horizon 2862,Comedy,2016,5.3,586125
6752,Secret Signal 6752,Action,1986,6.2,533986
8906,Dark Frontier 8906,Drama,1983,6.3,0
6071,Rising Frontier 6071,Comedy,2016,7.6,875425
724,Fallen Chronicles 724,Horror,2019,9.8,341627
6311,Last Storm 6311,Thriller,2020,7.9,918391
8375,Dark Verdict 8375,Romance,2022,6.6,514308
621,Wild Echo 621,Animation,1989,6.3,537626
2249,Rising Empire 2249,Romance,2026,9.4,427189
5159,Forgotten Signal 5159,Documentary,2013,9.6,40868
6631,Last Frontier 6631,Comedy,2000,6.6,409916
3608,Distant Chronicles 3608,Documentary,2009,6.0,814199
3578,Forgotten Reflection 3578,Drama,1982,4.7,1021614
9705,Golden Odyssey 9705,Action,1984,8.5,282414
4548,Crimson Verdict 4548,Drama,1984,7.9,1040778
1443,Last Shadow 1443,Documentary,2022,7.1,143448
2475,Dark Horizon 2475,Documentary,2022,10.0,794389
7670,Last Odyssey 7670,Fantasy,1992,7.4,647472
5661,Forgotten Passage 5661,SciFi,1981,7.7,845884
8728,Forgotten Legacy 8728,Fantasy,1982,7.7,573526
7076,Wild Signal 7076,Drama,2015,5.7,327898
6738,Frozen Frontier 6738,Romance,2010,9.0,378314
1739,Crimson Horizon 1739,Fantasy,1999,6.7,821120
6986,Secret Shadow 6986,Drama,1990,4.4,399080
2084,Last Paradox 2084,Comedy,1985,6.8,171305
6605,Forgotten Shadow 6605,Comedy,2015,8.7,648843
7859,Burning Mirage 7859,SciFi,2015,6.8,147790
5636,Last Mirage 5636,SciFi,1996,5.0,610759
3965,Last Frontier 3965,Drama,2009,8.9,751537
2640,Lost Passage 2640,Animation,1986,5.0,213161
4814,Silent Journey 4814,Animation,2004,8.3,783603
1832,Endless Passage 1832,Horror,2001,4.5,0
2553,Burning Horizon 2553,Comedy,2006,4.9,819924
6500,Wild Mirage 6500,Thriller,2006,5.7,258268
78,Crimson Harbor 78,Action,1986,7.0,513314
7465,Burning Reflection 7465,Documentary,2019,7.1,545036
7958,Last Empire 7958,Horror,1997,7.7,417689
3808,Secret Echo 3808,Comedy,1975,6.0,676372
5809,Quiet Reflection 5809,Thriller,1992,6.9,572029
3462,Crimson Verdict 3462,Drama,2015,6.8,1037479
2070,Wild Descent 2070,Action,2021,8.3,522457
2442,Burning Mirage 2442,Romance,1975,5.2,576946
629,Neon Harbor 629,Action,2015,5.7,601391
8468,Lost Storm 8468,Animation,1985,9.7,529756
5352,Secret Reflection 5352,Thriller,1990,5.2,194530
6719,Distant Passage 6719,Romance,1987,7.0,865921
3182,Golden Requiem 3182,Fantasy,2013,6.2,979602
2769,Neon Verdict 2769,Comedy,1980,4.7,224420
5493,Silent Passage 5493,Fantasy,2010,6.7,405649
181,Neon Reflection 181,Action,2022,6.0,899649
7530,Lost Horizon 7530,Romance,1980,8.7,625071
4094,Eternal Kingdom 4094,Documentary,1994,4.6,493045
8106,Wild Paradox 8106,Comedy,1984,7.3,880587
3042,Forgotten Paradox 3042,Animation,2017,6.8,674756
9468,Dark Mirage 9468,SciFi,2003,8.5,898024
167,Last Kingdom 167,Documentary,2005,6.1,450869
7939,Dark Journey 7939,Romance,1996,5.1,774344
5423,Fallen Descent 5423,Comedy,2003,7.0,853130
5975,Golden Mirage 5975,Animation,1973,6.5,211221
698,Last Storm 698,Thriller,1985,7.2,814434
8784,Golden Empire 8784,Documentary,2014,5.9,707752
6692,Quiet Frontier 6692,Thriller,2015,9.8,502245
3204,Distant Harbor 3204,Action,1972,6.1,534836
30,Neon Verdict 30,Drama,2010,6.8,777135
6144,Hidden Mirage 6144,Fantasy,1994,7.8,760113
5099,Eternal Harbor 5099,Animation,1974,4.3,245436
8176,Dark Shadow 8176,Action,2001,6.8,670697
6480,Fallen Odyssey 6480,Documentary,2003,5.6,599886
3410,Broken Odyssey 3410,Documentary,1972,6.0,850521
3135,Golden Storm 3135,SciFi,2011,5.8,580762
2419,Rising Verdict 2419,Action,1992,6.2,552913
5406,Silent Empire 5406,Thriller,2013,6.7,446683
5238,Eternal Signal 5238,Romance,1983,7.6,852198
3289,Wild Chronicles 3289,Comedy,2021,8.8,538123
938,Lost Echo 938,Documentary,1979,6.2,438523
1498,Hidden Harbor 1498,Documentary,2022,6.9,619702
7422,Lost Verdict 7422,Fantasy,1970,6.4,380295
2774,Quiet Frontier 2774,Documentary,1973,7.4,587514
4051,Golden Frontier 4051,Drama,1996,6.2,935183
9813,Distant Shadow 9813,Drama,2007,5.0,245943
3891,Quiet Legacy 3891,Action,2005,5.5,827638
2845,Wild Descent 2845,Animation,1998,8.2,514529
6984,Eternal Horizon 6984,Drama,1995,6.1,409636
8441,Rising Descent 8441,Comedy,2025,7.6,948034
6844,Silent Harbor 6844,SciFi,1977,6.9,460271
574,Fallen Descent 574,Drama,2012,8.4,454223
5566,Neon Passage 5566,Drama,2011,5.3,660663
2443,Fallen Requiem 2443,Animation,2006,6.8,441469
1532,Forgotten Harbor 1532,Thriller,1989,8.3,683395
5257,Broken Chronicles 5257,Action,2013,7.2,294622
168,Burning Journey 168,Comedy,1986,6.2,355359
6153,Last Empire 6153,Horror,2020,7.2,818132
2882,Quiet Horizon 2882,Thriller,2014,6.0,559728
425,Golden Requiem 425,SciFi,2025,6.4,399437
1857,Forgotten Verdict 1857,Fantasy,2013,5.7,439751
7025,Quiet Harbor 7025,Documentary,2026,6.2,650602
6552,Secret Reflection 6552,Comedy,2018,8.1,572369
792,Last Harbor 792,SciFi,1989,6.4,734021
1624,Hidden Descent 1624,Horror,1999,7.1,676414
7448,Last Empire 7448,Drama,2025,5.1,689569
4796,Endless Echo 4796,Action,2018,7.2,454252
4773,Secret Kingdom 4773,Fantasy,1998,6.6,677649
610,Neon Kingdom 610,Action,1995,6.4,250497
8685,Lost Empire 8685,Animation,2020,5.4,559111
8350,Eternal Storm 8350,SciFi,2018,6.7,859542
6714,Neon Legacy 6714,Documentary,2018,7.2,432855
624,Secret Odyssey 624,Fantasy,1993,4.7,421004
9880,Dark Paradox 9880,Action,1970,6.3,703169
5210,Secret Odyssey 5210,Horror,2020,6.2,1045380
8444,Forgotten Horizon 8444,SciFi,2013,7.0,342333
5652,Silent Legacy 5652,Thriller,1974,4.2,592554
7771,Burning Legacy 7771,Documentary,2016,5.5,569321
3411,Broken Mirage 3411,SciFi,2024,8.3,354718
5651,Wild Kingdom 5651,Romance,1985,7.4,520356
1015,Hidden Chronicles 1015,Comedy,1982,6.0,73276
2649,Wild Journey 2649,Drama,1982,4.9,169746
3125,Burning Verdict 3125,Romance,2023,6.3,978571
5725,Burning Signal 5725,Horror,2000,6.7,397369
617,Wild Echo 617,Thriller,2003,7.4,750131
3172,Frozen Requiem 3172,Animation,1977,6.9,77201
1931,Neon Verdict 1931,Documentary,1998,8.6,827096
7181,Last Harbor 7181,Horror,2010,9.1,712738
3089,Silent Paradox 3089,Documentary,1986,7.0,535865
2304,Crimson Passage 2304,Drama,2008,5.3,370008
8857,Hidden Kingdom 8857,Thriller,2015,6.5,342054
5120,Lost Echo 5120,Comedy,2008,8.0,385121
1060,Broken Storm 1060,Documentary,1990,6.7,293864
1997,Wild Chronicles 1997,Drama,1998,8.1,552050
6463,Golden Passage 6463,Romance,1994,5.7,125688
6977,Secret Horizon 6977,Thriller,1971,7.2,728747
288,Secret Odyssey 288,Horror,1999,6.9,653392
2891,Golden Frontier 2891,Thriller,2014,4.5,1187076
3785,Rising Odyssey 3785,Fantasy,2007,7.8,537869
5219,Distant Signal 5219,Comedy,1998,8.0,350696
2354,Forgotten Kingdom 2354,Comedy,1999,9.2,614605
7277,Last Empire 7277,Horror,2026,8.0,435969
8602,Frozen Journey 8602,Horror,1983,9.7,399245
7539,Dark Odyssey 7539,Drama,2018,6.7,484198
8940,Fallen Frontier 8940,Drama,1992,6.4,618623
4244,Last Harbor 4244,Thriller,2021,7.6,237399
2340,Silent Passage 2340,Fantasy,1979,6.8,250600
2523,Lost Empire 2523,Horror,2008,7.8,248943
5543,Fallen Echo 5543,SciFi,1995,8.3,517170
7307,Dark Echo 7307,Documentary,2017,6.7,466426
1048,Crimson Harbor 1048,Drama,2014,7.4,231285
8399,Lost Kingdom 8399,SciFi,2011,6.9,640997
517,Distant Mirage 517,SciFi,2006,4.1,179600
6679,Burning Verdict 6679,Horror,1984,5.1,919110
1715,Hidden Legacy 1715,Drama,2016,7.0,103451
6062,Quiet Frontier 6062,SciFi,2011,5.6,487596
912,Fallen Harbor 912,Action,2020,6.9,91708
4610,Burning Shadow 4610,Fantasy,1987,7.0,414416
9607,Secret Signal 9607,Documentary,1982,6.4,114342
3453,Neon Frontier 3453,Action,1972,9.7,457202
2444,Quiet Horizon 2444,Thriller,1990,6.9,897616
537,Fallen Passage 537,Comedy,2020,7.4,519053
1909,Frozen Passage 1909,Documentary,1973,4.6,794545
8735,Broken Echo 8735,Comedy,1970,7.3,375063
9348,Frozen Signal 9348,Thriller,1997,8.8,217184
5430,Burning Empire 5430,Animation,1980,5.3,325473
4444,Golden Legacy 4444,Documentary,2009,8.9,778963
8982,Burning Shadow 8982,Comedy,2003,6.0,897529
3384,Lost Frontier 3384,Romance,1999,7.2,0
6857,Golden Requiem 6857,Horror,1994,5.2,622596
9383,Endless Signal 9383,Documentary,1975,7.1,822252
1163,Burning Passage 1163,SciFi,2007,6.9,1073012
151,Quiet Signal 151,Comedy,1975,7.8,388282
3545,Rising Empire 3545,Drama,1972,5.9,1113903
1812,Eternal Harbor 1812,Documentary,2016,6.3,61651
6832,Golden Empire 6832,Horror,2017,6.9,309471
9839,Forgotten Empire 9839,Documentary,2017,5.5,699934
5556,Hidden Chronicles 5556,Romance,2004,6.4,16429
9749,Fallen Shadow 9749,Horror,1998,8.0,216421
1710,Last Reflection 1710,Thriller,2024,8.0,1099155
255,Broken Horizon 255,Romance,2001,8.3,761590
6336,Endless Horizon 6336,SciFi,2015,6.5,0
3847,Last Signal 3847,Documentary,1988,5.5,394758
4592,Burning Empire 4592,Documentary,2009,8.5,466358
7391,Neon Legacy 7391,Drama,1989,6.2,931671
6741,Silent Chronicles 6741,Documentary,1996,7.7,280522
8253,Dark Shadow 8253,Fantasy,1996,7.2,704968
1825,Endless Descent 1825,Drama,2021,5.9,619135
4112,Endless Kingdom 4112,Action,1988,8.0,404505
6072,Eternal Reflection 6072,Comedy,1979,7.4,1132260
8030,Neon Legacy 8030,Action,1992,8.4,431781
1508,Golden Odyssey 1508,Animation,1983,7.8,288658
3401,Neon Harbor 3401,Documentary,2020,6.6,622964
9414,Silent Verdict 9414,Horror,2003,5.9,623029
4259,Eternal Horizon 4259,SciFi,1992,7.2,126010
2498,Dark Verdict 2498,Documentary,2002,7.0,477412
6869,Wild Empire 6869,Thriller,2008,7.0,194525
7158,Broken Frontier 7158,Comedy,1973,8.5,446834
3596,Broken Empire 3596,Romance,1991,8.2,559398
5359,Eternal Descent 5359,Romance,1988,6.7,398749
3821,Burning Verdict 3821,Documentary,1989,9.1,560102
5608,Hidden Frontier 5608,Animation,1996,7.3,398592
3856,Silent Passage 3856,Comedy,2009,4.3,439604
5905,Forgotten Paradox 5905,Documentary,2016,6.3,1105751
5265,Burning Chronicles 5265,Drama,2026,8.4,414921
1458,Forgotten Reflection 1458,Animation,1984,4.2,575113
240,Eternal Verdict 240,Animation,2000,5.3,564258
4122,Dark Requiem 4122,Action,2018,6.1,810970
1547,Distant Legacy 1547,Documentary,2015,8.5,625546
1063,Wild Horizon 1063,SciFi,2005,7.9,605890
5997,Secret Echo 5997,Comedy,1981,6.9,448792
7559,Secret Verdict 7559,Animation,2017,6.5,64141
1454,Endless Kingdom 1454,Comedy,2016,6.7,428139
1289,Hidden Odyssey 1289,Thriller,2026,6.8,698716
6273,Eternal Echo 6273,Horror,2024,5.6,452423
1233,Rising Empire 1233,Documentary,1976,7.8,667604
9449,Endless Reflection 9449,Action,2019,5.8,729315
2165,Broken Shadow 2165,Romance,1991,6.0,843635
9362,Broken Storm 9362,Thriller,1976,6.2,598429
2441,Eternal Echo 2441,SciFi,1970,6.5,0
2777,Dark Verdict 2777,Comedy,2013,5.7,249200
3533,Secret Chronicles 3533,Horror,2001,7.9,2811
4044,Endless Paradox 4044,Romance,1992,8.4,274355
7114,Fallen Empire 7114,Animation,1999,6.0,388894
5482,Neon Harbor 5482,Horror,1987,6.5,417270
8815,Neon Journey 8815,Horror,1979,5.8,282989
1152,Quiet Verdict 1152,Comedy,1997,7.8,367716
766,Hidden Echo 766,Fantasy,1986,6.0,489752
9442,Lost Chronicles 9442,Documentary,1983,6.7,520708
567,Silent Signal 567,Action,1983,5.8,1043475
7905,Lost Signal 7905,Horror,1988,6.2,635803
1859,Lost Frontier 1859,Thriller,1988,8.0,756742
2809,Quiet Shadow 2809,Romance,2007,8.0,544148
2624,Neon Verdict 2624,Animation,2014,7.3,757511
9715,Endless Journey 9715,Animation,2021,5.3,572683
1828,Neon Paradox 1828,Action,2018,4.2,306289
7943,Neon Mirage 7943,Fantasy,1996,6.9,696643
5968,Burning Echo 5968,Action,1979,4.7,302139
2897,Lost Signal 2897,Animation,2018,7.9,424290
5249,Eternal Frontier 5249,Action,2014,6.9,667836
4857,Forgotten Odyssey 4857,Romance,1979,9.8,235490
4635,Golden Frontier 4635,Romance,2001,5.1,347500
9831,Broken Signal 9831,Fantasy,1975,6.5,725887
8060,Rising Passage 8060,Action,1976,6.2,590657
4740,Eternal Reflection 4740,SciFi,2025,5.8,767519
7954,Burning Kingdom 7954,Comedy,2004,7.3,0
1038,Burning Storm 1038,Documentary,1975,6.9,835942
9919,Crimson Passage 9919,Documentary,1987,6.3,977621
5024,Forgotten Echo 5024,Horror,1987,8.8,342564
6802,Endless Legacy 6802,Thriller,2017,8.3,635892
4461,Rising Kingdom 4461,Action,2012,5.9,616594
3062,Endless Passage 3062,Action,1972,8.4,0
8129,Endless Legacy 8129,Romance,2017,6.2,0
1139,Frozen Requiem 1139,Animation,1995,7.0,807871
1041,Eternal Kingdom 1041,Horror,1996,6.3,205092
5800,Eternal Chronicles 5800,Animation,2016,8.7,703909
9254,Crimson Odyssey 9254,Documentary,1994,3.8,635780
482,Hidden Kingdom 482,Romance,1983,7.0,227697
4399,Burning Journey 4399,Drama,2020,4.9,771559
113,Silent Signal 113,Romance,2023,4.5,924405
2726,Burning Passage 2726,Comedy,1972,8.2,368809
1591,Dark Mirage 1591,Drama,2026,6.2,266919
8377,Forgotten Passage 8377,Drama,2001,5.9,336964
2191,Dark Signal 2191,SciFi,1988,7.7,732080
2873,Burning Shadow 2873,Romance,1985,6.5,441270
7710,Hidden Kingdom 7710,Horror,1976,6.5,440455
9500,Eternal Empire 9500,Thriller,2021,7.4,542510
4007,Hidden Kingdom 4007,Documentary,2005,9.0,788219
6853,Burning Harbor 6853,SciFi,2025,5.5,291336
3944,Fallen Kingdom 3944,Horror,2004,6.0,579743
6475,Quiet Mirage 6475,Drama,1982,8.2,641740
105,Quiet Passage 105,Comedy,2005,7.8,1287667
9841,Lost Kingdom 9841,Drama,1992,6.9,238384
275,Eternal Paradox 275,Thriller,2013,7.1,640423
3659,Lost Legacy 3659,SciFi,2011,7.2,257769
3623,Golden Mirage 3623,Comedy,2019,8.4,64375
6980,Endless Shadow 6980,Drama,1997,7.7,18537
8653,Lost Legacy 8653,Documentary,1981,9.1,544934
7582,Last Reflection 7582,Horror,2015,6.4,683820
362,Lost Chronicles 362,Fantasy,2007,5.2,657306
2040,Distant Requiem 2040,Drama,2001,5.9,392099
277,Eternal Verdict 277,Drama,1986,7.6,220609
1889,Rising Journey 1889,Romance,2024,6.2,640418
7657,Lost Chronicles 7657,Romance,2006,7.2,627696
4340,Dark Frontier 4340,Comedy,2000,6.1,267883
301,Last Passage 301,Comedy,2005,7.7,711757
7037,Eternal Requiem 7037,Drama,2000,9.4,690336
481,Forgotten Kingdom 481,Fantasy,2008,5.7,0
5476,Frozen Requiem 5476,Drama,1971,6.3,892962
2510,Burning Descent 2510,Animation,1980,8.1,974312
9205,Broken Frontier 9205,Comedy,1982,7.8,257513
9577,Eternal Journey 9577,Thriller,2005,6.7,469780
2096,Rising Echo 2096,Comedy,2007,5.7,536905
2037,Golden Requiem 2037,Drama,2023,6.9,263703
8186,Distant Frontier 8186,Documentary,2008,7.2,579460
927,Secret Shadow 927,Documentary,1998,4.7,810019
1849,Endless Reflection 1849,SciFi,1982,6.8,582748
2494,Distant Descent 2494,Horror,2002,7.8,982719
3080,Fallen Shadow 3080,Thriller,2026,5.2,832043
3060,Endless Reflection 3060,Comedy,1980,6.3,2453
9152,Hidden Signal 9152,SciFi,2025,6.1,167602
5244,Burning Passage 5244,Romance,2019,7.6,741614
5028,Last Passage 5028,Action,1988,7.8,1002308
1228,Distant Legacy 1228,Drama,1990,6.5,211717
6147,Forgotten Shadow 6147,Documentary,2022,7.3,49082
1042,Golden Shadow 1042,Comedy,1973,3.3,255274
9286,Hidden Echo 9286,Fantasy,2019,4.3,450577
1834,Distant Chronicles 1834,Fantasy,2013,7.6,1037783
4619,Fallen Echo 4619,Animation,1975,4.7,672987
5854,Rising Shadow 5854,Fantasy,2003,6.3,342305
9145,Silent Legacy 9145,Comedy,1994,5.3,290851
7641,Distant Odyssey 7641,Romance,1981,7.2,445304
492,Golden Paradox 492,Fantasy,1985,5.7,977169
692,Endless Echo 692,Romance,1974,6.8,73285
9806,Quiet Odyssey 9806,Documentary,1991,6.0,902187
3193,Silent Chronicles 3193,SciFi,2000,7.1,832596
1275,Golden Passage 1275,Fantasy,2012,7.4,297655
901,Last Signal 901,Horror,2003,7.8,653947
7341,Forgotten Verdict 7341,Action,2025,6.9,194503
8930,Forgotten Descent 8930,Thriller,1982,5.5,696150
2177,Hidden Passage 2177,Animation,1997,6.2,698820
8975,Endless Verdict 8975,Fantasy,1975,8.3,599446
398,Quiet Verdict 398,Drama,2022,8.5,549420
5022,Crimson Requiem 5022,Comedy,2006,6.0,127493
937,Wild Kingdom 937,Action,1983,4.2,480084
7352,Last Shadow 7352,Fantasy,2011,5.6,226375
9850,Endless Kingdom 9850,Romance,1976,7.3,1223303
9427,Broken Requiem 9427,Animation,2007,4.8,561254
4173,Distant Storm 4173,Fantasy,1992,10.0,208786
7104,Frozen Reflection 7104,Fantasy,1985,6.0,61492
8051,Endless Requiem 8051,Drama,2009,5.7,185412
9268,Distant Legacy 9268,Drama,1985,4.6,908526
2274,Hidden Verdict 2274,Animation,1989,7.2,184664
3510,Fallen Journey 3510,Thriller,1994,5.7,0
4484,Silent Echo 4484,SciFi,1979,7.5,50818
1985,Hidden Odyssey 1985,Horror,2022,8.0,395703
7781,Crimson Descent 7781,Thriller,2023,8.6,219274
6696,Fallen Chronicles 6696,Action,2000,7.0,998136
5080,Rising Signal 5080,Comedy,1997,9.2,1195560
8016,Dark Journey 8016,Comedy,2005,8.6,581393
6242,Forgotten Verdict 6242,Romance,1993,8.4,470314
1084,Frozen Empire 1084,Comedy,1986,6.9,2697
3190,Burning Frontier 3190,Action,1999,4.3,643442
8147,Wild Empire 8147,Comedy,2009,6.0,355013
9105,Fallen Mirage 9105,SciFi,2005,6.8,350116
2313,Secret Reflection 2313,Thriller,2004,7.3,660535
3009,Crimson Kingdom 3009,Romance,2013,4.6,156439
9103,Neon Legacy 9103,Comedy,2017,7.1,165067
1874,Frozen Odyssey 1874,Action,1976,7.3,640309
9553,Dark Horizon 9553,Fantasy,1994,7.7,198924
7044,Eternal Signal 7044,Comedy,1979,9.2,0
7986,Frozen Verdict 7986,Fantasy,2018,7.0,329076
7086,Wild Descent 7086,Thriller,1991,6.0,1105384
4722,Endless Passage 4722,Animation,1996,6.2,244352
3354,Quiet Storm 3354,Animation,2021,5.4,345536
3382,Crimson Chronicles 3382,Thriller,1987,5.8,542982
1452,Broken Signal 1452,Horror,2006,7.2,1190113
8494,Eternal Journey 8494,Drama,1977,6.4,687433
4523,Wild Storm 4523,Horror,1995,6.5,192377
9660,Endless Harbor 9660,Romance,1975,6.9,169775
9963,Secret Passage 9963,Drama,1997,7.4,660580
7800,Dark Shadow 7800,Romance,2020,4.6,439778
9266,Lost Harbor 9266,Romance,1988,7.8,773227
2787,Crimson Shadow 2787,Thriller,1994,5.2,552018
6337,Crimson Descent 6337,Thriller,2019,5.4,507223
3506,Rising Mirage 3506,Thriller,2019,5.5,986675
3022,Secret Shadow 3022,Horror,1985,7.2,696100
8972,Quiet Echo 8972,SciFi,1987,4.5,180436
2044,Broken Journey 2044,Horror,1996,7.9,112757
4676,Broken Requiem 4676,Animation,1977,6.9,131449
8724,Golden Requiem 8724,Thriller,1971,7.6,138347
3714,Quiet Frontier 3714,Thriller,1992,8.6,243031
3699,Burning Echo 3699,Romance,2007,7.0,0
5948,Quiet Chronicles 5948,Animation,2003,8.3,711854
5184,Crimson Requiem 5184,Documentary,2005,8.4,304477
7415,Crimson Harbor 7415,Romance,2004,6.6,310883
8867,Wild Descent 8867,Animation,1973,6.2,283717
3628,Hidden Signal 3628,Thriller,1972,8.3,294714
4534,Wild Paradox 4534,Thriller,2014,6.5,1325464
8870,Eternal Horizon 8870,Fantasy,1996,8.6,350361
6123,Dark Frontier 6123,Animation,1984,7.8,344334
3594,Lost Verdict 3594,Thriller,1972,7.8,640727
9998,Forgotten Journey 9998,Animation,2005,8.2,361153
5743,Frozen Horizon 5743,Fantasy,1989,8.8,289573
6787,Lost Storm 6787,Animation,2004,5.3,439488
2392,Forgotten Verdict 2392,Animation,2008,8.3,830087
4670,Neon Mirage 4670,Thriller,2009,5.5,627329
3151,Last Descent 3151,Horror,2009,8.9,435813
9191,Quiet Horizon 9191,SciFi,1986,6.9,709804
8436,Fallen Echo 8436,Action,1976,7.2,629135
5513,Fallen Harbor 5513,Thriller,1999,7.7,837373
9538,Secret Odyssey 9538,Comedy,2003,7.3,185476
5344,Crimson Odyssey 5344,Comedy,1985,8.2,0
3323,Crimson Echo 3323,Romance,1981,6.0,652377
8171,Frozen Legacy 8171,Thriller,1992,7.8,298318
4167,Rising Mirage 4167,Animation,1991,6.2,173197
3866,Burning Empire 3866,Drama,2006,6.7,159171
9827,Frozen Storm 9827,Documentary,1999,8.4,503285
2137,Frozen Mirage 2137,Drama,1985,8.5,951514
318,Last Reflection 318,Action,2012,5.7,187173
4169,Lost Signal 4169,Animation,1974,8.2,489735
5068,Rising Journey 5068,Fantasy,2000,5.4,563979
9872,Hidden Passage 9872,Drama,1983,7.4,942588
8880,Wild Mirage 8880,Documentary,2011,6.3,568469
8083,Broken Verdict 8083,Romance,1995,7.1,715871
8021,Endless Descent 8021,SciFi,2013,6.4,636440
4181,Last Harbor 4181,Comedy,1979,5.3,615868
4833,Lost Empire 4833,Romance,1982,6.7,1136790
8217,Forgotten Paradox 8217,SciFi,2006,8.4,413473
3379,Rising Kingdom 3379,Fantasy,2024,6.5,633864
7402,Forgotten Reflection 7402,Documentary,2014,7.5,884769
2395,Crimson Paradox 2395,Horror,2009,8.2,506170
81,Secret Chronicles 81,Thriller,1984,5.6,973429
6985,Rising Empire 6985,SciFi,1977,7.7,173159
276,Burning Signal 276,SciFi,2010,6.0,0
8244,Golden Signal 8244,SciFi,2003,5.1,347928
9222,Eternal Requiem 9222,Comedy,1991,6.9,781200
816,Lost Horizon 816,Horror,2023,6.9,360908
7630,Hidden Passage 7630,Animation,1979,7.3,770687
9279,Distant Horizon 9279,Action,2008,7.1,468419
3441,Fallen Mirage 3441,Animation,2001,4.8,686070
1949,Rising Echo 1949,Animation,1970,6.3,864313
3795,Golden Shadow 3795,Thriller,1987,6.2,783885
3337,Dark Legacy 3337,Horror,2021,5.8,770773
6420,Golden Verdict 6420,Comedy,2021,5.4,0
7982,Fallen Shadow 7982,SciFi,1985,5.5,761861
2064,Quiet Storm 2064,Drama,1993,6.4,1104388
4197,Broken Storm 4197,Drama,2010,6.1,304719
3447,Neon Odyssey 3447,Romance,2010,6.6,272415
7741,Broken Verdict 7741,Action,2012,6.7,535377
5270,Frozen Odyssey 5270,Drama,2018,7.1,761987
1636,Secret Horizon 1636,Fantasy,1975,7.2,193013
1252,Fallen Passage 1252,Horror,1993,6.1,637692
5751,Silent Legacy 5751,Comedy,1999,6.6,164505
3233,Lost Odyssey 3233,Animation,1974,6.4,726166
8633,Last Frontier 8633,Romance,1996,3.3,43761
1759,Eternal Paradox 1759,Thriller,1985,5.0,0
2544,Lost Descent 2544,SciFi,1998,7.0,547105
3556,Silent Legacy 3556,SciFi,2016,8.7,1009522
6140,Golden Storm 6140,Horror,2014,6.3,892279
2610,Hidden Journey 2610,Drama,2011,5.3,301654
3191,Dark Chronicles 3191,Fantasy,1986,6.5,865902
3490,Golden Reflection 3490,Drama,1985,7.2,303796
4343,Silent Reflection 4343,Drama,2012,6.3,0
4089,Burning Harbor 4089,Comedy,1986,7.0,624540
5145,Quiet Kingdom 5145,Drama,1971,5.8,737839
3681,Crimson Odyssey 3681,Documentary,1971,7.6,714019
4609,Silent Reflection 4609,Drama,2021,7.2,649577
3047,Secret Empire 3047,Action,1974,6.0,402916
5806,Broken Horizon 5806,Animation,1980,7.8,419400
9061,Fallen Horizon 9061,Drama,1984,7.5,489818
1121,Wild Journey 1121,Documentary,1988,5.7,775586
1274,Lost Signal 1274,Documentary,2019,7.7,500802
9027,Eternal Chronicles 9027,Animation,1980,6.3,637794
2922,Silent Odyssey 2922,Horror,1981,7.7,553640
690,Dark Legacy 690,Romance,2019,7.3,653938
5268,Dark Legacy 5268,Drama,1978,5.7,204519
8610,Quiet Empire 8610,Animation,1976,6.0,1137126
8477,Secret Descent 8477,Fantasy,1975,7.2,192202
478,Lost Chronicles 478,Drama,1994,6.7,120666
6148,Frozen Reflection 6148,SciFi,1987,6.5,480421
206,Secret Shadow 206,Action,2018,5.6,492794
598,Hidden Horizon 598,Action,1990,7.3,557244
5449,Dark Legacy 5449,Romance,2008,8.8,772568
3069,Secret Paradox 3069,Horror,2018,7.0,923446
9451,Fallen Echo 9451,Documentary,1982,8.2,0
7140,Fallen Verdict 7140,Romance,1998,6.6,158113
1639,Quiet Echo 1639,Animation,2017,8.3,548618
9699,Crimson Journey 9699,Romance,2010,7.1,457661
573,Secret Shadow 573,Romance,2022,6.1,710381
8664,Distant Harbor 8664,Documentary,2023,5.9,711092
8859,Neon Kingdom 8859,Documentary,2020,6.0,0
9517,Silent Verdict 9517,SciFi,2013,6.2,509654
6972,Frozen Harbor 6972,Animation,2025,6.4,505909
2607,Broken Journey 2607,Documentary,1978,8.1,1116883
8481,Golden Descent 8481,Horror,1991,8.3,301417
3488,Fallen Journey 3488,Action,1998,6.7,486433
278,Silent Mirage 278,Horror,2003,5.5,0
7261,Lost Storm 7261,Fantasy,1997,8.5,911033
8719,Broken Kingdom 8719,Fantasy,1991,8.3,567639
4292,Crimson Storm 4292,Drama,2003,8.2,408216
8632,Forgotten Signal 8632,Romance,1974,7.6,935860
3344,Eternal Storm 3344,Comedy,2013,7.7,1224451
8247,Last Kingdom 8247,Fantasy,1975,5.9,505453
9617,Forgotten Descent 9617,Drama,1970,9.7,611442
6194,Eternal Harbor 6194,Animation,1977,5.3,333056
2222,Hidden Kingdom 2222,Action,1975,6.3,0
7064,Last Descent 7064,Comedy,2010,5.2,1026084
8514,Dark Storm 8514,Thriller,2026,7.2,408433
6481,Neon Passage 6481,Animation,1997,6.2,489973
2400,Forgotten Reflection 2400,Documentary,1972,6.8,199464
4498,Secret Shadow 4498,Romance,1992,7.8,660365
7378,Secret Shadow 7378,Romance,2018,7.2,0
7246,Rising Signal 7246,Horror,2011,6.9,1100152
7678,Secret Storm 7678,Documentary,2013,8.6,943982
9585,Broken Frontier 9585,Drama,2026,5.9,611357
344,Lost Storm 344,Fantasy,2018,8.0,517403
4034,Wild Passage 4034,Fantasy,1971,7.9,181540
351,Silent Harbor 351,SciFi,2003,6.4,416853
343,Eternal Chronicles 343,Fantasy,1973,6.2,198379
9306,Burning Mirage 9306,Horror,1984,8.2,122804
3035,Golden Signal 3035,Drama,1990,5.3,690447
5370,Wild Descent 5370,Romance,1998,7.4,155314
3127,Golden Signal 3127,SciFi,2005,7.2,356959
34,Lost Echo 34,Romance,1979,5.8,0
708,Neon Verdict 708,SciFi,2001,5.8,1057311
448,Broken Horizon 448,Fantasy,1990,7.3,673967
957,Silent Legacy 957,Romance,2013,8.1,73650
7824,Crimson Descent 7824,Action,1993,5.6,1007393
1479,Wild Verdict 1479,Fantasy,1997,2.9,115837
8406,Neon Signal 8406,Horror,2005,8.6,579861
7497,Endless Requiem 7497,Documentary,2013,7.1,252856
6484,Quiet Frontier 6484,Romance,1984,7.1,678101
6854,Fallen Shadow 6854,Documentary,1973,5.5,902223
3372,Dark Harbor 3372,SciFi,1974,7.7,214778
7375,Wild Descent 7375,Comedy,2022,7.3,380606
6363,Crimson Signal 6363,SciFi,1990,8.1,357225
7456,Last Mirage 7456,SciFi,1980,7.9,184571
3170,Burning Frontier 3170,Action,2004,7.6,589700
5292,Hidden Verdict 5292,SciFi,2017,5.7,1406776
227,Wild Mirage 227,Fantasy,1998,5.6,283637
6569,Secret Mirage 6569,Horror,1986,7.4,113032
1758,Frozen Legacy 1758,Horror,1993,8.3,650948
5435,Burning Kingdom 5435,Drama,1991,7.0,0
5133,Hidden Frontier 5133,Romance,2002,6.0,366084
8897,Neon Echo 8897,Romance,1993,8.3,0
1649,Fallen Harbor 1649,Comedy,1993,7.6,207356
3331,Silent Descent 3331,Animation,2026,6.5,436401
579,Silent Mirage 579,Drama,1977,8.1,630721
9971,Lost Kingdom 9971,Thriller,2006,7.3,573984
8124,Frozen Mirage 8124,Thriller,1978,6.7,583497
3056,Frozen Echo 3056,Fantasy,2011,8.4,194043
546,Distant Paradox 546,Documentary,1994,7.8,400125
4998,Burning Descent 4998,Drama,1995,7.3,609107
1882,Dark Chronicles 1882,Thriller,1992,6.3,318733
7406,Wild Descent 7406,Comedy,1993,7.3,247833
2513,Frozen Reflection 2513,Romance,1979,6.4,108628
9367,Wild Journey 9367,SciFi,1989,6.8,610643
6244,Forgotten Verdict 6244,Drama,1998,6.4,789375
8312,Distant Odyssey 8312,Documentary,2009,6.0,609658
2389,Eternal Signal 2389,Fantasy,1999,7.1,285742
2915,Wild Harbor 2915,Documentary,2002,8.6,508517
5604,Golden Descent 5604,Drama,2014,6.1,320118
9663,Last Passage 9663,Thriller,2003,6.1,611621
1425,Hidden Passage 1425,Animation,2001,8.4,804840
4995,Wild Verdict 4995,Documentary,1983,5.9,666158
3707,Wild Paradox 3707,Documentary,2011,4.7,636544
4815,Dark Journey 4815,Drama,2010,5.8,912595
5013,Secret Signal 5013,Animation,1994,6.7,0
7604,Crimson Descent 7604,Horror,2011,7.4,206066
3141,Wild Harbor 3141,Comedy,1979,6.8,1070733
59,Crimson Passage 59,Animation,2004,7.3,165766
8137,Broken Shadow 8137,Horror,1977,8.1,0
4944,Last Echo 4944,Animation,1972,7.2,165578
5116,Quiet Mirage 5116,Fantasy,1977,7.4,427504
9055,Lost Descent 9055,Animation,1976,6.2,576778
583,Frozen Passage 583,Thriller,1990,6.9,432670
797,Golden Requiem 797,Action,1981,6.1,330329
1529,Crimson Signal 1529,Animation,2008,4.4,505957
4250,Silent Passage 4250,Romance,1986,7.6,365786
2669,Wild Legacy 2669,Fantasy,1978,7.1,221162
285,Neon Harbor 285,Action,1986,6.6,799531
948,Eternal Empire 948,Horror,1992,6.0,327544
8134,Hidden Journey 8134,Drama,1982,7.4,341905
6020,Golden Legacy 6020,Action,1999,9.6,273242
1800,Lost Paradox 1800,Documentary,1990,7.7,540612
3229,Lost Verdict 3229,Documentary,1984,9.1,724031
9633,Last Shadow 9633,SciFi,1990,5.4,208363
2472,Fallen Signal 2472,SciFi,1991,8.0,163760
5683,Endless Harbor 5683,Comedy,2002,6.7,342883
782,Rising Paradox 782,Horror,1986,8.1,586520
511,Broken Mirage 511,Animation,1997,7.1,590807
5818,Last Chronicles 5818,Documentary,2021,6.8,1106651
3132,Burning Chronicles 3132,Horror,1982,6.9,580797
355,Last Horizon 355,Action,1972,4.5,285950
5541,Endless Reflection 5541,Documentary,2006,5.3,501852
3216,Frozen Requiem 3216,SciFi,1976,8.1,114083
5983,Rising Passage 5983,Action,2023,7.9,406046
7542,Last Signal 7542,Romance,1975,5.2,758865
5745,Forgotten Verdict 5745,Romance,1972,9.0,329944
5866,Secret Chronicles 5866,Fantasy,1991,8.4,269949
2338,Last Requiem 2338,Documentary,1987,7.6,336773
9415,Rising Storm 9415,Comedy,1987,4.7,520670
6068,Golden Kingdom 6068,Romance,1974,4.8,16095
3696,Lost Passage 3696,Action,1978,7.4,713476
2334,Frozen Storm 2334,Romance,2015,6.1,160595
2793,Golden Storm 2793,SciFi,1983,6.6,594957
4040,Golden Reflection 4040,Romance,1996,6.1,95495
3552,Rising Shadow 3552,Documentary,2011,5.9,636948
1693,Rising Storm 1693,SciFi,1983,6.0,478765
7695,Eternal Verdict 7695,Animation,2021,7.4,452055
3557,Neon Harbor 3557,Horror,1997,7.3,761368
103,Fallen Legacy 103,Action,2000,7.7,588298
9375,Fallen Horizon 9375,Thriller,1998,5.3,794137
4821,Fallen Harbor 4821,Action,2016,6.7,597075
8505,Silent Signal 8505,Horror,2023,7.7,269509
497,Fallen Harbor 497,SciFi,1980,6.5,467591
1332,Quiet Legacy 1332,Action,1997,6.7,387634
3321,Burning Mirage 3321,Animation,2010,6.0,964958
1318,Golden Descent 1318,Fantasy,1999,6.9,320530
9315,Crimson Shadow 9315,Documentary,1972,6.7,561219
9513,Distant Reflection 9513,SciFi,2016,5.7,0
4479,Burning Signal 4479,Fantasy,1996,7.3,640544
2866,Wild Passage 2866,Fantasy,2006,5.8,403825
5074,Fallen Legacy 5074,Thriller,2012,8.9,773059
9542,Quiet Signal 9542,Drama,2015,6.9,993973
4900,Lost Requiem 4900,Thriller,1998,5.8,727379
474,Golden Storm 474,Drama,1971,5.4,899801
9807,Secret Paradox 9807,SciFi,1971,6.7,839523
5282,Lost Journey 5282,Comedy,1979,8.2,680851
6045,Wild Frontier 6045,Thriller,1973,5.4,304960
7339,Frozen Signal 7339,Thriller,1990,7.1,1279591
4448,Distant Descent 4448,Romance,2008,8.2,415738
8234,Lost Legacy 8234,Thriller,1998,8.5,469705
8422,Last Requiem 8422,Documentary,1998,6.5,302888
7316,Dark Horizon 7316,Documentary,1995,4.5,407331
9094,Frozen Frontier 9094,Thriller,1975,6.7,327911
5425,Quiet Verdict 5425,Fantasy,1997,7.3,577789
5664,Quiet Reflection 5664,Drama,2019,7.4,208023
5580,Neon Frontier 5580,Fantasy,1982,6.7,722511
2541,Silent Paradox 2541,Action,1970,6.3,500838
9832,Silent Signal 9832,Fantasy,2009,6.7,371160
106,Endless Horizon 106,SciFi,1999,8.1,664810
1776,Burning Horizon 1776,Action,2012,6.8,697718
2488,Dark Horizon 2488,Drama,1984,7.3,857134
5550,Fallen Horizon 5550,Drama,2009,5.0,437999
9109,Eternal Shadow 9109,Thriller,2021,6.7,667237
5868,Frozen Harbor 5868,Action,2007,8.2,602190
8839,Eternal Signal 8839,SciFi,1988,7.4,281403
7356,Hidden Passage 7356,Romance,2009,5.6,815483
1381,Golden Passage 1381,Fantasy,2021,6.8,487157
5578,Forgotten Horizon 5578,SciFi,2023,7.5,649486
5432,Lost Echo 5432,Drama,1981,6.2,232326
6723,Endless Requiem 6723,Drama,1991,6.9,830843
8270,Dark Storm 8270,Drama,2021,7.6,361524
9126,Eternal Frontier 9126,Drama,1975,6.3,807076
7564,Neon Harbor 7564,Action,2026,6.2,308690
991,Crimson Storm 991,Romance,1983,9.3,153750
2723,Forgotten Echo 2723,Documentary,2022,5.0,551539
200,Forgotten Requiem 200,SciFi,2007,6.8,797891
9194,Forgotten Legacy 9194,SciFi,1977,4.8,561266
4410,Distant Reflection 4410,SciFi,2001,7.1,838553
773,Lost Horizon 773,Thriller,1983,7.8,335614
2386,Secret Chronicles 2386,SciFi,2001,5.9,551730
3836,Forgotten Legacy 3836,Action,2013,8.4,348090
4223,Crimson Storm 4223,Horror,1989,7.1,0
7024,Eternal Chronicles 7024,Fantasy,1983,5.9,637465
5780,Forgotten Journey 5780,Animation,1973,8.6,0
5974,Distant Legacy 5974,Romance,1978,5.4,342830
4364,Crimson Odyssey 4364,Animation,1994,8.8,359014
7336,Silent Horizon 7336,Fantasy,2009,6.9,665370
1477,Silent Journey 1477,Fantasy,2006,8.7,371062
2508,Endless Odyssey 2508,Drama,1998,7.1,94454
4672,Fallen Storm 4672,Action,1982,7.0,1199266
4401,Eternal Paradox 4401,Fantasy,2024,8.2,491395
6815,Endless Paradox 6815,Action,1995,5.9,336894
1955,Rising Harbor 1955,Comedy,1998,5.4,843786
426,Quiet Passage 426,SciFi,2016,6.1,723730
8340,Dark Reflection 8340,Romance,2018,7.5,783015
7239,Hidden Frontier 7239,Fantasy,2006,6.3,1489339
2099,Burning Empire 2099,Horror,1978,6.7,843121
8598,Fallen Reflection 8598,Thriller,1973,8.0,581632
4232,Golden Kingdom 4232,SciFi,2007,5.8,452851
5768,Neon Storm 5768,SciFi,1989,6.5,362280
2871,Frozen Shadow 2871,Action,2011,6.7,472145
9137,Lost Shadow 9137,Comedy,1991,7.0,1025113
8125,Lost Echo 8125,Drama,1985,6.4,1035652
6518,Fallen Journey 6518,Romance,2021,8.1,424651
2142,Dark Chronicles 2142,Thriller,1976,5.4,217809
3335,Frozen Passage 3335,Documentary,2026,7.2,593774
4865,Crimson Mirage 4865,Romance,2011,8.8,501550
4454,Eternal Kingdom 4454,Comedy,2013,4.8,945255
6648,Golden Legacy 6648,Action,1994,5.5,574205
4010,Dark Chronicles 4010,SciFi,2001,7.6,559762
6779,Rising Storm 6779,Thriller,2022,5.4,71745
1829,Last Paradox 1829,Thriller,1993,6.5,28998
403,Burning Horizon 403,Romance,1976,6.4,478140
8084,Eternal Mirage 8084,Comedy,2023,5.6,912488
5250,Forgotten Horizon 5250,Documentary,2021,4.7,729877
7967,Fallen Journey 7967,SciFi,2025,7.9,124222
4727,Fallen Legacy 4727,Action,2018,5.8,467323
4238,Crimson Chronicles 4238,Animation,2000,6.7,896208
284,Dark Verdict 284,Animation,2018,8.6,301008
6175,Burning Empire 6175,Thriller,2017,7.7,4914
2839,Distant Echo 2839,SciFi,2013,5.1,800412
2542,Burning Kingdom 2542,Romance,1982,7.5,864934
6968,Endless Shadow 6968,Romance,2004,6.3,964905
9767,Golden Requiem 9767,Horror,2006,6.3,956033
897,Burning Harbor 897,Animation,1998,7.2,26544
8501,Fallen Requiem 8501,Animation,2007,5.9,250850
7505,Last Descent 7505,Documentary,2013,6.2,467453
132,Forgotten Horizon 132,Drama,1972,5.0,730773
7769,Silent Harbor 7769,Comedy,1987,8.2,797248
1364,Dark Legacy 1364,SciFi,1988,7.8,0
7811,Broken Reflection 7811,Comedy,2026,6.2,334359
5473,Crimson Chronicles 5473,SciFi,1996,7.6,71668
9863,Broken Signal 9863,Animation,1982,5.6,609821
370,Golden Passage 370,Drama,1987,6.0,610955
6999,Neon Empire 6999,Fantasy,1971,8.6,496124
8773,Last Signal 8773,Thriller,1988,8.3,134987
8351,Hidden Empire 8351,SciFi,2005,5.5,185575
483,Last Requiem 483,Horror,2017,6.2,359526
1277,Frozen Signal 1277,Action,1976,6.0,1138181
7596,Silent Passage 7596,Horror,1987,6.0,1152319
4179,Lost Reflection 4179,Comedy,1998,7.4,880680
3003,Secret Storm 3003,Horror,2008,7.9,332110
6008,Secret Chronicles 6008,Romance,1980,6.4,222532
508,Forgotten Mirage 508,Fantasy,2010,8.4,721167
6563,Eternal Journey 6563,Thriller,2006,8.0,79681
3029,Eternal Journey 3029,Romance,1992,6.6,878414
4050,Secret Storm 4050,Horror,1980,9.1,674738
3115,Lost Storm 3115,Thriller,1979,7.2,925318
7098,Neon Shadow 7098,Action,2016,6.5,278812
9168,Endless Verdict 9168,Comedy,2013,6.6,1057568
4026,Broken Frontier 4026,Romance,2016,5.2,697237
5838,Endless Journey 5838,Comedy,2022,6.9,807210
7922,Neon Passage 7922,Horror,1978,5.7,514555
7428,Rising Requiem 7428,Romance,2000,5.5,949800
8140,Rising Paradox 8140,Comedy,1990,7.7,1005533
2050,Eternal Echo 2050,Action,1997,6.7,307429
4208,Neon Descent 4208,Comedy,2014,6.5,278183
5864,Wild Paradox 5864,Comedy,2016,6.2,273947
869,Burning Signal 869,Drama,2021,6.6,506487
2733,Endless Journey 2733,Animation,2026,5.2,292981
3287,Wild Verdict 3287,Horror,1976,6.8,714939
4607,Quiet Chronicles 4607,Fantasy,1993,6.0,269104
9941,Burning Verdict 9941,Animation,2012,7.3,182968
378,Golden Passage 378,Action,2020,7.5,181024
8291,Neon Mirage 8291,Comedy,1988,5.4,212598
6184,Last Chronicles 6184,Drama,1970,6.5,282437
764,Distant Journey 764,Drama,1993,7.0,166347
4728,Secret Descent 4728,Documentary,2016,5.5,307546
1840,Rising Echo 1840,Animation,1989,7.4,440926
6483,Hidden Chronicles 6483,Horror,1991,7.9,730413
5609,Rising Kingdom 5609,Animation,2015,8.6,989077
1075,Neon Odyssey 1075,SciFi,1976,7.5,1061260
4739,Last Legacy 4739,Comedy,2005,8.2,0
6434,Rising Journey 6434,Horror,1985,9.4,0
4605,Dark Harbor 4605,Animation,1997,7.3,571980
8928,Golden Passage 8928,Documentary,1974,5.6,338541
9212,Golden Echo 9212,Horror,1999,6.2,0
5376,Dark Echo 5376,Action,1998,9.3,962105
4898,Quiet Reflection 4898,Documentary,1992,6.3,419199
8343,Quiet Requiem 8343,Fantasy,2023,7.5,356815
6316,Last Signal 6316,Horror,1980,7.0,424840
5176,Silent Empire 5176,Horror,2026,7.5,123878
5115,Forgotten Passage 5115,Animation,1986,7.3,0
6190,Frozen Verdict 6190,Documentary,2022,6.1,363134
6539,Neon Verdict 6539,Comedy,1977,6.8,1032119
99,Endless Storm 99,Comedy,2024,6.6,982697
334,Dark Requiem 334,Documentary,1994,7.0,175702
2662,Broken Harbor 2662,Thriller,1983,6.6,735065
5314,Distant Descent 5314,Romance,1997,5.9,453705
3471,Rising Horizon 3471,Thriller,2021,7.8,730601
7232,Eternal Empire 7232,Drama,1974,8.9,247317
8378,Secret Frontier 8378,Comedy,2019,6.5,262507
578,Wild Legacy 578,Thriller,1995,6.8,369886
5784,Distant Storm 5784,Romance,2017,7.6,692508
7463,Burning Storm 7463,Documentary,1989,7.8,729118
1076,Eternal Odyssey 1076,Documentary,2007,7.1,0
5422,Broken Requiem 5422,Animation,1973,9.7,0
7634,Fallen Echo 7634,SciFi,1976,5.2,437860
3134,Last Reflection 3134,Action,2010,6.4,339024
9802,Distant Mirage 9802,Action,1974,5.5,610836
2818,Silent Empire 2818,Fantasy,2006,6.4,643942
1886,Burning Journey 1886,Romance,2005,6.7,639260
7084,Forgotten Frontier 7084,SciFi,2025,7.6,785356
2434,Endless Passage 2434,Romance,1970,6.9,459299
884,Quiet Passage 884,Thriller,2009,8.3,744986
1625,Hidden Passage 1625,Comedy,2004,5.6,528568
5439,Neon Empire 5439,Animation,2014,7.0,377158
6623,Rising Journey 6623,Documentary,1984,7.1,435142
3403,Crimson Reflection 3403,Animation,1997,5.8,85093
4506,Wild Odyssey 4506,Drama,1983,8.1,192941
6239,Eternal Empire 6239,Romance,1982,7.1,0
8902,Burning Shadow 8902,Animation,1996,7.0,243949
9819,Burning Chronicles 9819,SciFi,2006,4.4,1321060
9595,Fallen Paradox 9595,Comedy,2007,6.2,528922
3154,Fallen Mirage 3154,Horror,2022,6.6,451985
2489,Endless Kingdom 2489,Romance,1980,7.5,661451
2140,Quiet Reflection 2140,Documentary,2025,7.0,1038347
2788,Hidden Odyssey 2788,Drama,2022,4.7,551388
8597,Silent Signal 8597,SciFi,1993,6.7,220588
9993,Last Horizon 9993,Horror,2016,6.1,260886
3286,Quiet Horizon 3286,Thriller,1970,5.7,910176
6155,Distant Verdict 6155,Comedy,1989,7.0,653670
9735,Eternal Descent 9735,Horror,1975,5.9,404183
4447,Quiet Chronicles 4447,Action,1995,7.8,502409
9412,Eternal Descent 9412,Fantasy,2008,5.2,668904
9571,Silent Horizon 9571,Drama,1976,8.0,523716
4143,Secret Paradox 4143,Fantasy,1982,6.5,723478
3922,Golden Horizon 3922,Documentary,2014,7.9,221739
9656,Broken Passage 9656,Documentary,2001,7.0,468879
3587,Distant Paradox 3587,Animation,2009,7.0,0
384,Secret Requiem 384,Action,2003,7.2,248348
9499,Rising Reflection 9499,Drama,2010,8.1,770861
7547,Fallen Journey 7547,Thriller,2007,6.2,999867
5490,Lost Requiem 5490,Action,1980,7.3,622843
8185,Neon Requiem 8185,Romance,1982,5.7,532388
189,Wild Passage 189,Drama,1978,8.3,535361
9566,Distant Horizon 9566,Drama,2010,7.0,0
3250,Secret Horizon 3250,Thriller,1999,8.3,187003
2743,Eternal Reflection 2743,Horror,2000,6.0,559982
6282,Last Mirage 6282,Drama,2000,2.3,839727
3503,Neon Horizon 3503,Comedy,2015,7.6,997487
6768,Dark Journey 6768,Action,1985,7.8,354079
1273,Rising Mirage 1273,Thriller,2001,8.1,463241
8730,Secret Chronicles 8730,Horror,1976,6.4,570021
2969,Rising Signal 2969,SciFi,2012,6.1,810901
5093,Hidden Verdict 5093,Thriller,2010,8.0,257956
5193,Secret Harbor 5193,Drama,1986,7.6,603264
6676,Frozen Passage 6676,Thriller,1984,7.6,541057
614,Distant Shadow 614,Animation,2012,7.1,907289
3240,Wild Paradox 3240,Drama,2023,9.9,178466
6272,Hidden Reflection 6272,Documentary,1983,7.0,503598
3670,Secret Mirage 3670,Documentary,1978,6.5,501641
3291,Last Passage 3291,Animation,1990,8.5,568971
814,Quiet Empire 814,Comedy,1986,6.4,790649
1218,Eternal Echo 1218,Fantasy,2019,6.1,854781
6562,Dark Odyssey 6562,Action,2013,4.2,406106
8004,Secret Legacy 8004,Action,1975,6.2,989501
4714,Broken Empire 4714,Documentary,1993,5.8,269998
9502,Secret Mirage 9502,Fantasy,1997,8.1,990692
7575,Rising Harbor 7575,SciFi,2003,6.4,327701
8848,Distant Chronicles 8848,Comedy,1972,6.7,686542
6911,Quiet Legacy 6911,Thriller,1975,7.0,1102066
7946,Hidden Frontier 7946,SciFi,2008,5.0,246458
8349,Distant Paradox 8349,SciFi,1974,6.7,686851
237,Secret Storm 237,SciFi,2011,9.1,224121
9161,Secret Shadow 9161,SciFi,1999,8.2,896582
112,Golden Requiem 112,Romance,1994,5.9,1025751
4629,Wild Empire 4629,Action,1992,8.1,650429
4467,Fallen Passage 4467,Fantasy,2021,7.3,809477
1434,Quiet Horizon 1434,Horror,1974,5.5,325271
6093,Wild Requiem 6093,Romance,1970,6.4,658774
1319,Wild Descent 1319,Thriller,2021,5.5,1061686
3538,Crimson Harbor 3538,Thriller,1972,5.0,461673
6982,Burning Reflection 6982,Romance,2008,5.3,0
8943,Neon Mirage 8943,Documentary,1979,6.3,894755
1669,Burning Journey 1669,Comedy,2022,7.3,141314
9818,Golden Storm 9818,Drama,1983,5.9,721074
2299,Golden Empire 2299,Thriller,1981,6.8,809718
9858,Secret Journey 9858,Thriller,2007,5.9,702813
6681,Distant Journey 6681,Documentary,1980,6.8,464412
8909,Forgotten Horizon 8909,Romance,1974,5.2,634579
5855,Silent Reflection 5855,Animation,1981,8.1,555366
192,Last Journey 192,Horror,2001,6.8,0
3391,Secret Reflection 3391,Horror,2018,7.7,1118767
5165,Forgotten Journey 5165,Thriller,1999,8.7,318200
6759,Wild Horizon 6759,Romance,2025,7.0,478881
1108,Neon Horizon 1108,Drama,1991,5.0,971707
8558,Golden Journey 8558,Fantasy,2004,6.2,678954
1853,Hidden Legacy 1853,Action,1990,6.6,403623
2531,Hidden Shadow 2531,Thriller,1984,7.4,0
6830,Silent Requiem 6830,Drama,1996,5.5,1028462
6126,Fallen Horizon 6126,Horror,1999,5.2,320467
424,Rising Paradox 424,Comedy,2001,3.8,1066847
4365,Broken Signal 4365,Comedy,1978,6.4,528443
9146,Distant Horizon 9146,Documentary,2004,6.8,1103879
1429,Rising Empire 1429,Romance,1993,7.1,917114
6154,Silent Echo 6154,Horror,2005,8.1,433449
7074,Burning Echo 7074,Thriller,1972,6.4,579780
7397,Eternal Legacy 7397,Romance,2002,5.9,1210544
405,Frozen Passage 405,Action,2021,10.0,399746
8465,Eternal Storm 8465,Action,2004,7.3,974527
8935,Frozen Storm 8935,Romance,1986,5.6,420276
2974,Distant Frontier 2974,Fantasy,2003,5.3,722821
4521,Frozen Passage 4521,Animation,2022,8.0,660699
1775,Silent Kingdom 1775,Documentary,1976,8.1,882434
2463,Eternal Odyssey 2463,Romance,1978,7.5,55049
5808,Silent Kingdom 5808,Thriller,1981,6.2,298219
2239,Eternal Paradox 2239,SciFi,2025,6.8,394323
7125,Silent Verdict 7125,Action,2004,5.5,770977
2752,Secret Signal 2752,Thriller,1994,7.7,105781
4293,Eternal Odyssey 4293,SciFi,1982,5.8,361602
2658,Lost Mirage 2658,Documentary,2012,4.3,515311
8513,Rising Kingdom 8513,Romance,2012,6.9,404600
9972,Eternal Harbor 9972,Action,1991,8.0,825104
6718,Hidden Requiem 6718,Horror,1998,5.1,785559
8338,Lost Paradox 8338,Thriller,1992,6.7,805110
8029,Distant Shadow 8029,Action,2018,6.9,580505
7998,Golden Journey 7998,Comedy,2013,7.6,453856
6487,Quiet Reflection 6487,Fantasy,1983,7.0,492447
397,Rising Paradox 397,Thriller,2025,7.1,941338
3638,Last Frontier 3638,Animation,1981,5.1,954476
8520,Golden Odyssey 8520,Romance,2012,6.9,468740
1053,Fallen Signal 1053,Animation,2025,8.0,370226
1037,Secret Reflection 1037,Animation,1995,7.7,888644
2581,Endless Journey 2581,Action,2000,6.1,1050345
2342,Endless Paradox 2342,Fantasy,1979,9.1,473174
5310,Dark Chronicles 5310,Fantasy,1984,4.4,1035299
6567,Silent Legacy 6567,Drama,2010,7.4,677735
8515,Endless Journey 8515,Documentary,1975,7.8,521603
8304,Broken Chronicles 8304,Romance,2003,8.7,1294790
7376,Distant Chronicles 7376,SciFi,2024,7.6,732890
8218,Lost Odyssey 8218,Thriller,1970,7.3,39730
6557,Secret Verdict 6557,Fantasy,1988,5.6,360619
3865,Secret Passage 3865,Horror,1979,7.7,445605
9923,Eternal Passage 9923,Animation,1978,7.5,541069
5276,Secret Verdict 5276,Thriller,1995,6.8,136157
218,Forgotten Echo 218,SciFi,1989,4.6,0
9167,Secret Reflection 9167,Comedy,1984,8.6,0
5216,Silent Odyssey 5216,Romance,1983,6.1,710077
9835,Crimson Paradox 9835,SciFi,1983,6.7,508277
7454,Distant Horizon 7454,Comedy,2006,7.0,381471
2648,Quiet Legacy 2648,Romance,2011,8.4,368755
7273,Hidden Reflection 7273,Animation,1979,7.6,329321
6040,Last Paradox 6040,Horror,1991,7.6,524041
4049,Distant Passage 4049,Fantasy,1990,8.6,455361
3452,Dark Horizon 3452,Documentary,2023,8.2,180172
2076,Secret Reflection 2076,Fantasy,2023,6.6,868141
7762,Lost Harbor 7762,Action,2010,6.5,411008
7835,Distant Verdict 7835,Comedy,2004,7.9,0
2517,Eternal Signal 2517,Animation,1986,6.6,523867
1701,Golden Frontier 1701,Fantasy,1996,5.7,607071
7480,Fallen Mirage 7480,Animation,2018,9.1,175188
4202,Last Harbor 4202,Animation,2016,4.7,828469
7512,Quiet Mirage 7512,Animation,2000,6.9,816259
4,Broken Paradox 4,Comedy,1984,5.7,209689
7067,Dark Empire 7067,Fantasy,2021,5.4,378477
6402,Quiet Requiem 6402,Fantasy,2017,7.9,925828
1312,Secret Verdict 1312,Drama,2002,7.7,280168
7137,Broken Echo 7137,Animation,1980,6.2,255992
6966,Golden Echo 6966,Romance,2012,5.4,180619
65,Eternal Empire 65,Horror,2002,5.8,678296
3349,Last Descent 3349,Horror,1998,5.6,667004
229,Frozen Empire 229,Thriller,1980,8.7,686912
5392,Wild Verdict 5392,Action,2004,6.1,755597
3543,Neon Paradox 3543,Documentary,2000,7.2,818127
9509,Wild Mirage 9509,Romance,2007,7.0,462767
9561,Forgotten Paradox 9561,Horror,1984,6.0,643647
620,Hidden Requiem 620,Drama,2014,6.8,639730
4152,Broken Harbor 4152,Action,2025,7.0,413983
8223,Secret Signal 8223,SciFi,1973,7.8,432858
4537,Lost Chronicles 4537,Action,2001,7.1,338746
6394,Distant Descent 6394,Animation,1982,6.9,318342
9129,Distant Empire 9129,SciFi,2008,5.8,390799
3731,Distant Frontier 3731,Horror,2019,4.1,595201
9450,Endless Mirage 9450,Documentary,1986,6.9,523095
7610,Rising Verdict 7610,Documentary,2001,5.7,1230730
1565,Broken Frontier 1565,SciFi,2023,7.1,940451
7666,Wild Frontier 7666,Action,1982,9.8,0
3678,Silent Empire 3678,Action,2025,4.8,697704
6059,Frozen Journey 6059,Fantasy,2018,9.0,532997
6493,Frozen Descent 6493,Horror,1997,6.6,450867
7883,Dark Frontier 7883,Action,2018,5.3,296782
4823,Silent Mirage 4823,Action,2003,6.0,402867
7319,Hidden Empire 7319,Drama,1980,6.1,0
776,Last Paradox 776,Action,2025,5.6,555606
7255,Broken Horizon 7255,Action,1975,6.0,937118
7026,Last Horizon 7026,Horror,1981,8.0,602435
2421,Hidden Descent 2421,Horror,1984,4.6,361006
3741,Dark Signal 3741,Fantasy,2024,9.9,425526
3531,Wild Harbor 3531,Drama,1986,5.9,736491
5711,Lost Frontier 5711,Action,1971,5.4,706690
6682,Secret Descent 6682,Documentary,1981,7.3,618692
5496,Frozen Kingdom 5496,Comedy,1993,5.8,185676
2174,Distant Signal 2174,Thriller,2007,4.5,795348
7696,Endless Empire 7696,Thriller,1978,5.6,620829
1638,Dark Shadow 1638,Drama,1974,6.5,484512
7702,Dark Harbor 7702,Horror,1987,5.4,321026
2714,Eternal Horizon 2714,Drama,2014,6.4,605832
4151,Distant Journey 4151,Documentary,2000,6.2,28453
5912,Wild Paradox 5912,Documentary,1977,7.9,516697
4334,Dark Kingdom 4334,Thriller,2010,8.7,229065
9492,Endless Legacy 9492,Comedy,1975,6.3,231809
723,Dark Chronicles 723,Animation,1980,5.7,0
1975,Burning Shadow 1975,SciFi,2017,7.6,649315
9952,Secret Horizon 9952,Thriller,2022,7.8,278555
4360,Eternal Passage 4360,Documentary,2011,9.6,412380
8173,Broken Signal 8173,Drama,2013,7.5,701291
8774,Last Signal 8774,Thriller,1987,7.8,439664
4634,Eternal Paradox 4634,Fantasy,1997,7.3,670526
5275,Eternal Frontier 5275,Animation,2023,6.6,412208
7832,Rising Journey 7832,Fantasy,2011,6.6,444968
4880,Forgotten Paradox 4880,Romance,2013,6.1,161392
7046,Eternal Horizon 7046,Fantasy,1997,6.1,882341
8428,Wild Shadow 8428,SciFi,1988,8.8,640697
4831,Rising Paradox 4831,Fantasy,2000,6.3,1007033
4902,Fallen Storm 4902,Romance,2021,6.8,453158
453,Fallen Empire 453,Romance,1970,8.6,172425
1221,Wild Horizon 1221,Animation,1987,6.9,405654
1357,Crimson Storm 1357,Fantasy,1975,7.0,1018544
6704,Burning Odyssey 6704,Thriller,1977,8.5,0
6133,Eternal Empire 6133,Fantasy,1981,6.5,928247
4539,Golden Shadow 4539,Comedy,2022,6.5,366272
8893,Rising Shadow 8893,Action,2011,7.2,723198
3251,Hidden Shadow 3251,SciFi,2001,6.8,349177
8278,Distant Odyssey 8278,Animation,2015,6.4,0
2258,Silent Odyssey 2258,Fantasy,2012,4.9,238481
2924,Neon Horizon 2924,SciFi,1991,5.2,369545
1878,Distant Mirage 1878,Comedy,1975,8.3,940661
9573,Secret Horizon 9573,Comedy,1996,6.3,447449
5023,Wild Paradox 5023,Drama,2000,6.4,598466
1407,Crimson Descent 1407,Romance,1974,4.3,172635
8323,Wild Shadow 8323,Thriller,2003,7.2,756631
824,Eternal Empire 824,SciFi,2018,5.3,847581
799,Distant Verdict 799,Comedy,1980,3.6,796423
4372,Endless Horizon 4372,SciFi,2024,7.1,89583
8388,Frozen Frontier 8388,Thriller,1994,7.0,1140830
6050,Eternal Harbor 6050,SciFi,2024,7.0,374081
3106,Hidden Verdict 3106,Action,1983,5.1,418281
3238,Hidden Chronicles 3238,Thriller,1999,6.6,750564
6604,Distant Reflection 6604,Animation,2007,7.6,298600
5857,Crimson Verdict 5857,Drama,1982,8.2,568117
8756,Crimson Frontier 8756,Thriller,1999,6.2,782747
7509,Wild Passage 7509,Documentary,1977,4.2,651141
4990,Endless Empire 4990,Thriller,2001,8.6,769832
7226,Neon Empire 7226,Romance,1983,4.9,833037
1769,Fallen Odyssey 1769,Action,2018,6.0,522310
250,Crimson Chronicles 250,Action,2015,7.0,0
4979,Endless Reflection 4979,Documentary,2001,5.2,17780
6992,Lost Requiem 6992,Documentary,1990,7.8,36272
1705,Eternal Signal 1705,Action,1990,6.4,1058474
4379,Distant Frontier 4379,Romance,1976,4.5,599819
3479,Forgotten Mirage 3479,Thriller,2023,6.2,766961
3527,Endless Kingdom 3527,SciFi,2023,6.9,831680
4326,Eternal Echo 4326,Comedy,1993,5.8,0
5654,Neon Kingdom 5654,Romance,1971,7.8,0
3710,Silent Horizon 3710,Documentary,1980,10.0,189922
5325,Burning Frontier 5325,Romance,1987,8.0,467989
7461,Broken Horizon 7461,SciFi,1985,7.7,352246
7549,Crimson Descent 7549,Thriller,2017,6.9,728562
4733,Forgotten Kingdom 4733,Romance,2020,7.4,53009
8508,Hidden Descent 8508,Documentary,1976,6.7,0
6666,Burning Descent 6666,Documentary,1972,5.7,1009608
1921,Crimson Signal 1921,Fantasy,1975,9.3,394048
8726,Neon Frontier 8726,Drama,1980,5.6,524523
3168,Last Echo 3168,Animation,1977,8.8,540014
6521,Crimson Kingdom 6521,SciFi,1995,7.0,715146
777,Eternal Frontier 777,Documentary,2008,8.5,1010777
7224,Fallen Requiem 7224,Action,1997,6.3,106431
4381,Quiet Empire 4381,Horror,2004,6.2,1050084
866,Golden Odyssey 866,Thriller,2026,6.8,580448
4925,Eternal Signal 4925,Drama,1992,6.9,97053
6056,Silent Passage 6056,Fantasy,2012,7.6,473993
2485,Neon Echo 2485,Romance,1998,6.2,839371
9059,Golden Frontier 9059,Horror,2009,5.7,950697
7737,Lost Harbor 7737,Documentary,1975,5.9,816249
4599,Last Kingdom 4599,Animation,1992,5.4,299467
5198,Last Kingdom 5198,Romance,1991,5.9,154295
3607,Neon Empire 3607,SciFi,2021,6.5,543869
3606,Fallen Frontier 3606,SciFi,1988,5.8,449506
6862,Last Harbor 6862,SciFi,2026,6.0,0
4449,Distant Horizon 4449,Horror,1979,6.3,872202
2992,Hidden Horizon 2992,Drama,2026,7.1,737524
5443,Wild Journey 5443,Fantasy,2023,6.6,596126
1198,Golden Reflection 1198,Drama,1983,5.7,511893
3840,Rising Chronicles 3840,Drama,2017,8.8,599980
4241,Broken Empire 4241,Comedy,1985,7.2,652337
5346,Last Verdict 5346,Thriller,2013,4.8,869523
1795,Neon Signal 1795,Horror,1989,5.7,0
364,Frozen Empire 364,Documentary,1985,7.7,0
5572,Golden Shadow 5572,Documentary,2010,6.4,362982
4536,Endless Empire 4536,Action,1986,6.9,715342
9435,Neon Verdict 9435,Action,2004,7.0,716901
622,Frozen Chronicles 622,Documentary,2014,8.1,775051
6735,Endless Passage 6735,Drama,1978,5.3,179098
107,Quiet Storm 107,Horror,1983,9.2,153149
6436,Dark Shadow 6436,Action,1987,7.8,518488
7749,Broken Signal 7749,Animation,2018,4.4,361060
6713,Crimson Paradox 6713,Comedy,1998,6.3,889531
7115,Quiet Empire 7115,Documentary,2024,6.8,53446
2973,Endless Frontier 2973,Romance,1994,5.8,1178665
2262,Fallen Chronicles 2262,Fantasy,1997,7.2,290716
5564,Dark Shadow 5564,Fantasy,1972,6.7,622865
1375,Quiet Passage 1375,Action,1991,6.2,944420
3580,Endless Chronicles 3580,SciFi,1975,6.2,417946
7034,Golden Journey 7034,Fantasy,2017,5.9,618652
2808,Golden Signal 2808,SciFi,2019,4.2,878786
808,Neon Passage 808,Fantasy,2013,8.3,1131388
1157,Crimson Odyssey 1157,Comedy,2005,7.3,512944
1733,Silent Shadow 1733,Horror,1973,7.4,522805
8789,Last Mirage 8789,Thriller,2013,5.7,693186
9870,Frozen Journey 9870,Drama,2009,8.2,717851
9372,Quiet Requiem 9372,Drama,2007,7.4,511639
2615,Broken Signal 2615,SciFi,1973,6.4,802350
5206,Forgotten Storm 5206,Documentary,1985,4.6,849970
2502,Wild Descent 2502,Fantasy,2017,7.6,402534
7498,Dark Reflection 7498,Horror,1988,6.1,211947
2878,Rising Kingdom 2878,Drama,2015,5.4,402523
2394,Hidden Requiem 2394,Drama,2004,8.2,118053
1147,Frozen Passage 1147,Romance,2003,5.9,344096
6667,Rising Journey 6667,Action,2005,6.5,770985
5549,Golden Chronicles 5549,Documentary,1981,5.2,468431
5691,Rising Chronicles 5691,Drama,1987,7.3,555328
4987,Eternal Shadow 4987,Fantasy,1990,4.2,411324
8960,Distant Reflection 8960,SciFi,1992,6.9,301651
176,Quiet Harbor 176,Action,2026,6.6,645505
7794,Dark Journey 7794,Animation,2001,8.2,434991
2894,Wild Passage 2894,Documentary,1976,7.2,591348
9524,Distant Storm 9524,Romance,2011,5.7,162143
3729,Silent Mirage 3729,Comedy,1991,6.2,411684
1355,Hidden Verdict 1355,Romance,2020,7.6,338121
550,Fallen Legacy 550,Action,2005,7.2,422913
1919,Quiet Requiem 1919,Drama,2018,7.0,35922
419,Neon Harbor 419,Documentary,2012,7.9,612914
4560,Hidden Mirage 4560,Comedy,1986,7.7,0
6861,Silent Odyssey 6861,Animation,2001,8.4,452538
8118,Lost Journey 8118,Comedy,1989,6.4,388312
7011,Distant Signal 7011,Documentary,2025,8.1,1031703
9892,Hidden Chronicles 9892,Animation,1973,8.0,219130
2160,Neon Odyssey 2160,Drama,2015,7.2,589567
980,Silent Echo 980,Animation,1970,7.4,264244
8529,Endless Requiem 8529,Romance,2007,5.2,1053749
7222,Forgotten Passage 7222,Drama,1972,6.6,449005
7655,Frozen Legacy 7655,Comedy,2012,5.8,286083
1102,Distant Paradox 1102,Drama,2018,7.6,220471
2931,Broken Kingdom 2931,Drama,2015,5.7,535373
4303,Rising Chronicles 4303,Romance,1992,7.3,994341
5910,Broken Shadow 5910,Horror,2007,7.0,19177
7469,Distant Verdict 7469,SciFi,1982,7.0,855911
6983,Silent Passage 6983,Fantasy,1998,6.2,602316
9658,Wild Reflection 9658,Thriller,2003,5.4,283960
2083,Golden Shadow 2083,Comedy,1988,8.3,577499
6489,Hidden Verdict 6489,Comedy,1972,4.1,833485
4219,Last Horizon 4219,SciFi,1997,5.1,706872
3206,Fallen Paradox 3206,Documentary,2014,5.8,104049
8064,Neon Legacy 8064,Drama,1973,5.4,814181
9321,Fallen Paradox 9321,Fantasy,1982,8.3,580042
6455,Eternal Legacy 6455,Thriller,1992,7.1,973215
3967,Rising Passage 3967,Thriller,1972,5.7,794952
9703,Lost Frontier 9703,Fantasy,2010,7.2,713795
6264,Distant Odyssey 6264,Documentary,1975,7.0,1046228
7886,Frozen Frontier 7886,Comedy,1976,6.4,399981
2224,Crimson Legacy 2224,Comedy,1982,6.0,245006
4366,Rising Harbor 4366,Comedy,1981,6.2,115289
4384,Hidden Kingdom 4384,Documentary,2008,8.2,375279
4545,Quiet Journey 4545,Documentary,1984,6.6,378940
2059,Secret Shadow 2059,Thriller,2010,4.8,753418
3819,Burning Journey 3819,Action,2001,7.6,380246
8450,Endless Passage 8450,Thriller,2024,6.1,583162
6599,Wild Shadow 6599,Fantasy,2012,5.4,349552
1761,Silent Harbor 1761,Horror,2003,6.0,512947
6973,Forgotten Verdict 6973,Comedy,2014,8.0,228176
587,Eternal Harbor 587,Thriller,1990,6.9,70298
8189,Wild Verdict 8189,SciFi,1996,7.7,1167003
6707,Forgotten Mirage 6707,Thriller,2024,8.6,783444
6060,Frozen Verdict 6060,Comedy,2002,5.0,72555
9495,Crimson Requiem 9495,Drama,2025,6.1,435058
9339,Golden Odyssey 9339,Fantasy,2017,4.8,972636
9956,Fallen Requiem 9956,Drama,2000,5.6,434695
672,Dark Journey 672,SciFi,2021,8.2,662232
9158,Distant Passage 9158,Documentary,1981,7.8,407903
5769,Silent Verdict 5769,Thriller,2004,5.6,333405
5399,Rising Legacy 5399,Fantasy,2023,6.7,244328
5222,Silent Frontier 5222,Romance,1983,6.1,0
7349,Quiet Horizon 7349,Horror,2013,7.5,420372
8682,Endless Harbor 8682,Thriller,2008,8.0,625594
7485,Last Horizon 7485,Horror,2022,7.7,327876
540,Crimson Passage 540,Action,1971,6.4,643513
933,Burning Reflection 933,Romance,1989,8.2,481006
8089,Secret Harbor 8089,Fantasy,1981,6.2,331128
7614,Neon Paradox 7614,SciFi,2011,7.3,785672
2717,Secret Reflection 2717,Action,2019,6.5,494748
5771,Dark Requiem 5771,Documentary,1981,7.1,625303
4077,Wild Chronicles 4077,SciFi,2023,8.3,430760
9664,Fallen Reflection 9664,Romance,1982,7.1,565755
3551,Neon Shadow 3551,Documentary,1986,6.8,681642
4751,Secret Requiem 4751,Comedy,1986,8.6,1068685
4006,Secret Frontier 4006,Romance,2023,6.1,1047101
7489,Rising Harbor 7489,Documentary,2012,7.7,461710
2278,Crimson Reflection 2278,Fantasy,1992,7.1,983020
4512,Rising Verdict 4512,Romance,1975,7.5,752991
1226,Lost Legacy 1226,SciFi,1984,7.1,442325
7552,Eternal Signal 7552,Animation,1982,7.5,759852
7521,Rising Descent 7521,SciFi,2001,8.4,507539
4685,Broken Paradox 4685,Comedy,1997,6.2,689405
6205,Frozen Journey 6205,Animation,1979,6.9,549344
3268,Quiet Chronicles 3268,Action,2001,5.7,409985
6933,Dark Harbor 6933,Romance,2005,5.0,0
6722,Secret Kingdom 6722,SciFi,1998,7.1,261784
214,Secret Kingdom 214,Romance,2025,5.4,605918
1616,Fallen Chronicles 1616,Documentary,2013,7.9,578134
8414,Rising Shadow 8414,Action,2006,6.4,557561
3874,Broken Odyssey 3874,Fantasy,1999,5.3,340649
3252,Dark Descent 3252,SciFi,1991,5.6,750878
8538,Burning Verdict 8538,Drama,1976,8.0,559911
8492,Fallen Legacy 8492,Action,1996,6.5,837001
7987,Frozen Echo 7987,Animation,1990,7.8,305373
4008,Broken Signal 4008,Romance,1995,6.6,298316
7915,Lost Requiem 7915,Drama,2024,5.5,375860
9808,Burning Chronicles 9808,Documentary,2012,5.3,631272
5330,Endless Mirage 5330,Action,2016,5.3,543672
6458,Frozen Chronicles 6458,Comedy,2018,7.3,585690
1077,Hidden Kingdom 1077,Fantasy,1990,4.5,441209
4457,Lost Empire 4457,Fantasy,2000,5.9,720782
3061,Silent Verdict 3061,Comedy,1983,7.7,338743
4842,Endless Passage 4842,Comedy,1971,4.2,532225
3493,Frozen Paradox 3493,Romance,1995,6.8,519113
4041,Quiet Paradox 4041,Romance,1976,6.6,393950
1871,Silent Odyssey 1871,Thriller,1998,7.0,379936
4769,Eternal Harbor 4769,Horror,2002,6.3,633077
3598,Broken Journey 3598,Documentary,1976,7.6,661876
7917,Crimson Frontier 7917,Action,2024,5.8,601945
6065,Last Signal 6065,Drama,1994,6.6,1028808
3158,Distant Echo 3158,Drama,2006,6.7,427164
3650,Dark Mirage 3650,Comedy,1970,6.6,179715
6736,Secret Descent 6736,Horror,1993,6.8,600986
2907,Neon Requiem 2907,SciFi,2010,8.2,671544
9903,Golden Verdict 9903,Fantasy,2023,7.9,106560
4692,Fallen Kingdom 4692,SciFi,1974,7.3,374828
3658,Dark Mirage 3658,Animation,2002,7.2,462668
6063,Burning Verdict 6063,Comedy,2003,5.8,524434
6523,Frozen Requiem 6523,Horror,2009,8.0,223071
1055,Distant Legacy 1055,Romance,1992,5.2,473668
2967,Distant Echo 2967,Thriller,2014,5.7,223417
685,Lost Odyssey 685,Thriller,2008,7.0,144568
6313,Eternal Kingdom 6313,Animation,1972,6.9,662929
5782,Rising Mirage 5782,Horror,1989,7.6,454096
8330,Rising Odyssey 8330,Horror,1981,5.1,446789
2828,Forgotten Requiem 2828,Drama,2013,8.2,385948
1754,Secret Harbor 1754,Horror,2003,8.2,399418
3464,Frozen Paradox 3464,Action,1986,6.5,136265
2198,Last Shadow 2198,SciFi,2020,7.4,478547
2789,Silent Shadow 2789,Horror,2025,6.5,196037
6211,Rising Journey 6211,SciFi,2016,7.4,455691
247,Frozen Journey 247,Thriller,1983,6.9,575357
7457,Frozen Storm 7457,Thriller,1985,9.7,437046
8275,Endless Kingdom 8275,Horror,1983,8.6,903331
1025,Rising Legacy 1025,Drama,1980,7.1,618282
6292,Rising Paradox 6292,Action,2008,6.8,222715
5573,Distant Passage 5573,SciFi,1996,4.4,610898
9008,Fallen Mirage 9008,Romance,1986,5.2,1079303
3982,Forgotten Legacy 3982,Drama,2022,5.9,395817
7856,Fallen Signal 7856,Romance,1993,6.3,429604
7642,Rising Storm 7642,Animation,2023,8.0,575656
3163,Rising Reflection 3163,Fantasy,1980,6.8,347002
221,Endless Odyssey 221,Fantasy,2011,7.2,528345
8827,Lost Frontier 8827,Thriller,2012,7.2,955950
2490,Crimson Frontier 2490,Documentary,2026,8.0,619489
2298,Last Requiem 2298,Thriller,1996,7.0,0
8019,Golden Horizon 8019,Drama,2003,6.7,258180
6343,Secret Echo 6343,Thriller,2004,7.6,41461
6186,Endless Signal 6186,Romance,2022,8.3,446358
5518,Distant Echo 5518,Documentary,2000,4.8,447499
7010,Distant Shadow 7010,Thriller,2013,6.5,267164
9132,Hidden Descent 9132,Action,2025,9.4,771419
905,Distant Harbor 905,Comedy,1985,5.3,598968
9159,Secret Kingdom 9159,Comedy,1995,7.5,0
9130,Last Legacy 9130,Thriller,2008,6.6,22410
4024,Crimson Paradox 4024,Thriller,2007,7.7,837826
7764,Fallen Shadow 7764,Drama,1990,8.9,385736
4801,Eternal Shadow 4801,Fantasy,1975,7.7,90113
1097,Lost Descent 1097,Drama,1974,5.7,134850
353,Crimson Requiem 353,Comedy,1998,7.0,0
7153,Silent Horizon 7153,Fantasy,2017,5.4,0
4686,Fallen Journey 4686,Fantasy,1970,6.0,563369
1748,Secret Requiem 1748,Drama,2006,6.3,670356
3001,Wild Frontier 3001,Thriller,1995,7.4,535540
8583,Eternal Odyssey 8583,Action,1972,6.6,885143
564,Neon Chronicles 564,Animation,2011,7.5,630694
767,Crimson Horizon 767,Thriller,2015,6.4,1042395
5262,Fallen Kingdom 5262,Horror,2024,8.0,566474
5957,Silent Kingdom 5957,Thriller,1976,6.9,176955
4846,Broken Chronicles 4846,Romance,1994,8.8,543448
7289,Hidden Chronicles 7289,Documentary,1984,7.1,200105
7854,Crimson Frontier 7854,Fantasy,2009,8.4,484101
8826,Eternal Paradox 8826,Thriller,1974,3.9,658680
5925,Fallen Chronicles 5925,Thriller,2014,6.9,175773
7997,Quiet Kingdom 7997,Drama,2018,6.9,1157030
1646,Last Empire 1646,Documentary,1974,8.0,262377
3783,Frozen Horizon 3783,Action,1972,6.6,545339
3399,Crimson Storm 3399,Documentary,1995,5.7,505038
2728,Frozen Requiem 2728,Drama,2026,5.7,269800
962,Distant Frontier 962,Comedy,1991,6.8,911364
1283,Burning Storm 1283,Romance,1971,6.6,70551
713,Distant Passage 713,SciFi,1988,5.7,836835
4081,Silent Storm 4081,Thriller,1993,8.1,783658
1836,Silent Echo 1836,Comedy,2011,7.1,1004770
1790,Secret Frontier 1790,Action,2001,9.8,673154
8154,Quiet Storm 8154,Fantasy,2003,5.7,553995
8842,Neon Journey 8842,Comedy,2001,6.5,279270
8013,Rising Legacy 8013,Comedy,2010,5.4,0
5750,Forgotten Mirage 5750,Comedy,2018,8.9,184257
906,Last Storm 906,Horror,2000,6.9,689773
7570,Distant Kingdom 7570,Action,1983,5.4,170079
2918,Forgotten Odyssey 2918,Drama,2004,8.1,0
4260,Fallen Shadow 4260,SciFi,1978,6.4,771884
9651,Forgotten Descent 9651,Drama,1977,7.4,711779
9785,Wild Journey 9785,Fantasy,2006,4.9,675861
2257,Neon Storm 2257,Romance,1983,5.9,594357
8573,Lost Echo 8573,Horror,2003,6.9,400977
6492,Endless Harbor 6492,Romance,1979,7.1,895609
7008,Fallen Storm 7008,Horror,1994,6.2,624388
7432,Forgotten Passage 7432,Comedy,1975,6.8,408134
18,Quiet Harbor 18,Drama,2009,7.1,570188
6324,Dark Passage 6324,Thriller,1977,7.3,521333
3739,Distant Paradox 3739,Drama,1976,6.9,252574
6811,Neon Chronicles 6811,Horror,1977,7.9,531007
5921,Eternal Journey 5921,Comedy,1983,5.6,492405
2437,Rising Mirage 2437,Documentary,2017,6.7,535829
8121,Forgotten Descent 8121,Animation,1971,7.4,489780
9280,Rising Reflection 9280,Romance,1976,8.7,461876
9938,Forgotten Signal 9938,Romance,1986,5.8,309825
4570,Dark Odyssey 4570,Romance,1984,6.0,0
3915,Burning Chronicles 3915,Horror,2013,9.1,843774
5031,Secret Signal 5031,Action,2002,7.2,627492
224,Endless Empire 224,Drama,1970,7.6,413033
4885,Eternal Echo 4885,Romance,2008,6.4,0
5732,Wild Kingdom 5732,Drama,2016,6.8,440987
416,Frozen Paradox 416,Horror,1970,7.4,418138
9394,Golden Signal 9394,Documentary,1983,6.3,677820
5472,Dark Signal 5472,Animation,1999,7.4,543758
6368,Eternal Odyssey 6368,Comedy,2024,5.5,262635
8157,Golden Frontier 8157,Horror,1982,4.8,151221
4630,Fallen Signal 4630,Documentary,2003,6.3,184145
2115,Rising Frontier 2115,Animation,2012,4.7,496976
9842,Fallen Echo 9842,Action,2008,7.3,887628
2195,Eternal Journey 2195,Fantasy,1986,6.6,684590
2162,Lost Chronicles 2162,SciFi,1994,6.6,432255
4310,Lost Frontier 4310,Fantasy,2003,5.1,157391
3485,Broken Kingdom 3485,Romance,2005,7.1,538641
2996,Burning Horizon 2996,Fantasy,1991,5.0,778595
4289,Hidden Frontier 4289,Drama,1996,6.8,802032
5840,Forgotten Storm 5840,Action,1988,6.1,478002
4271,Golden Kingdom 4271,Documentary,1974,5.2,1101266
7116,Dark Mirage 7116,Fantasy,1994,6.3,882891
3280,Broken Kingdom 3280,Animation,1995,7.2,371903
6790,Endless Harbor 6790,Action,2009,7.9,363962
3777,Fallen Descent 3777,Action,1984,3.4,6168
279,Dark Signal 279,Action,1994,8.1,0
3290,Frozen Storm 3290,Fantasy,1986,7.3,795893
4771,Dark Chronicles 4771,Fantasy,2004,8.0,233507
8787,Burning Horizon 8787,Romance,2001,4.9,395575
6764,Rising Signal 6764,Fantasy,2018,8.0,131469
6213,Eternal Signal 6213,Romance,2010,8.7,357750
7366,Neon Passage 7366,Comedy,2013,6.8,861753
6369,Rising Harbor 6369,Fantasy,1973,7.3,470523
2303,Wild Signal 2303,SciFi,1978,5.1,634043
2982,Wild Storm 2982,SciFi,2002,5.1,507532
3667,Dark Storm 3667,Comedy,1971,4.7,186126
6082,Rising Echo 6082,Comedy,2023,6.5,566772
1764,Quiet Mirage 1764,Horror,2005,6.2,503545
3,Last Requiem 3,Horror,1974,6.9,879018
849,Silent Legacy 849,Fantasy,2021,6.7,829715
9697,Broken Requiem 9697,Drama,1988,3.9,678413
9005,Burning Chronicles 9005,Romance,2018,8.8,0
8609,Fallen Legacy 8609,SciFi,2012,5.6,354821
9263,Crimson Chronicles 9263,Drama,1983,7.1,502158
2794,Broken Frontier 2794,Action,1979,6.1,719011
6081,Dark Kingdom 6081,Documentary,1982,4.5,660347
1904,Lost Requiem 1904,Comedy,1979,5.6,183572
3689,Burning Verdict 3689,Action,2025,6.3,613125
6117,Distant Descent 6117,Romance,1970,7.6,66626
1538,Broken Frontier 1538,Horror,1970,5.5,1186004
2791,Rising Reflection 2791,Documentary,1995,8.4,518045
5618,Quiet Signal 5618,Comedy,2001,6.6,293583
3899,Quiet Passage 3899,Animation,2012,6.2,375808
6675,Quiet Legacy 6675,Romance,2010,7.0,568294
2512,Silent Requiem 2512,Thriller,1993,5.8,540860
615,Crimson Storm 615,Documentary,2024,6.5,141273
7385,Endless Echo 7385,Documentary,1998,8.4,514985
4827,Eternal Descent 4827,Documentary,2019,4.5,461359
8916,Distant Descent 8916,Horror,1981,8.7,826800
9621,Burning Signal 9621,Animation,1995,8.3,24678
8096,Crimson Horizon 8096,Drama,2003,5.3,759689
155,Lost Verdict 155,Romance,2019,7.8,0
3764,Neon Frontier 3764,Drama,1994,4.7,957123
8334,Silent Shadow 8334,SciFi,1989,6.2,212616
1045,Endless Legacy 1045,Drama,1974,6.2,516012
4861,Quiet Empire 4861,Documentary,1980,9.1,885547
2750,Burning Frontier 2750,Action,2022,8.3,337330
8954,Hidden Reflection 8954,Horror,2003,5.0,459651
4209,Endless Descent 4209,Horror,1995,7.4,611002
6150,Quiet Shadow 6150,Romance,2008,7.7,534671
4278,Fallen Echo 4278,Animation,1994,4.4,780996
6145,Silent Echo 6145,Horror,1982,8.0,323984
5901,Crimson Reflection 5901,Animation,1977,5.3,516398
7279,Wild Journey 7279,SciFi,2012,7.6,707158
8502,Lost Verdict 8502,Action,1990,5.1,34998
5926,Endless Frontier 5926,Action,2010,6.4,623889
1867,Last Descent 1867,Comedy,1977,4.3,64163
261,Rising Echo 261,Drama,1994,8.5,453292
5635,Burning Echo 5635,SciFi,1970,7.5,26935
780,Broken Odyssey 780,Comedy,1982,6.9,420963
3433,Burning Frontier 3433,Animation,1985,8.7,493950
7717,Endless Harbor 7717,Documentary,1972,2.2,729705
861,Broken Mirage 861,Documentary,1983,5.8,25241
145,Frozen Reflection 145,Action,2021,6.2,1059277
5208,Broken Reflection 5208,Animation,1974,7.9,150129
8463,Crimson Paradox 8463,SciFi,1980,6.3,447680
7531,Burning Journey 7531,Romance,2013,6.3,1049427
2855,Silent Kingdom 2855,Comedy,1972,6.8,795526
1798,Distant Odyssey 1798,Animation,1976,6.6,192964
4088,Lost Mirage 4088,Drama,2024,6.4,614758
2921,Distant Chronicles 2921,Thriller,1973,6.6,402200
6672,Dark Mirage 6672,Animation,2016,7.5,729233
1585,Broken Echo 1585,Thriller,2015,7.8,779953
3599,Fallen Echo 3599,Action,2025,6.0,485968
4646,Frozen Descent 4646,Thriller,2008,8.0,379426
6018,Broken Empire 6018,Horror,1997,8.2,537183
6536,Silent Echo 6536,Animation,1978,5.6,204249
3686,Forgotten Frontier 3686,Romance,1971,6.5,632517
8950,Distant Mirage 8950,Action,2012,4.4,180583
4229,Hidden Verdict 4229,Documentary,2003,6.6,625295
969,Frozen Requiem 969,Comedy,2010,8.2,140373
935,Golden Mirage 935,Horror,2023,4.8,299906
1738,Silent Verdict 1738,Comedy,1985,5.7,430488
2041,Hidden Shadow 2041,Animation,1995,6.7,724044
5505,Distant Harbor 5505,SciFi,1972,7.0,27762
3542,Endless Signal 3542,Animation,2006,9.2,489869
8226,Distant Mirage 8226,Horror,2021,7.0,387112
8233,Golden Echo 8233,Action,2023,6.0,925944
7918,Fallen Paradox 7918,Horror,2021,7.9,697701
7171,Forgotten Shadow 7171,Comedy,1991,8.2,866099
148,Neon Frontier 148,Fantasy,1981,7.9,290699
5695,Wild Empire 5695,Comedy,2010,6.6,1081383
5807,Crimson Harbor 5807,Drama,2019,5.1,519380
7576,Golden Requiem 7576,Drama,1994,6.2,563177
52,Secret Legacy 52,Animation,1979,6.6,491420
8122,Broken Verdict 8122,SciFi,2005,6.7,331030
8287,Burning Mirage 8287,Animation,2010,5.9,687010
539,Frozen Legacy 539,Fantasy,2026,6.8,1530776
3049,Hidden Frontier 3049,Thriller,2013,5.7,316342
914,Wild Chronicles 914,Romance,2009,6.1,733460
6756,Distant Paradox 6756,Drama,1995,6.0,876195
8231,Silent Verdict 8231,Fantasy,1974,7.6,216438
7668,Silent Legacy 7668,Thriller,2006,8.4,574433
1307,Quiet Reflection 1307,Thriller,1985,8.4,1009860
7292,Lost Signal 7292,Fantasy,2020,6.3,1097680
3197,Fallen Horizon 3197,Fantasy,1989,7.4,1160331
9090,Fallen Frontier 9090,Documentary,1988,5.9,728107
8732,Hidden Kingdom 8732,Thriller,2019,6.4,896686
5714,Silent Shadow 5714,Animation,1991,6.7,535120
7042,Quiet Descent 7042,Animation,2008,4.3,599537
5949,Crimson Frontier 5949,SciFi,1986,6.6,706557
5331,Hidden Signal 5331,Thriller,1986,6.4,0
8588,Lost Storm 8588,Horror,2016,3.6,607186
1104,Neon Kingdom 1104,Fantasy,2014,8.7,415416
2625,Burning Echo 2625,Animation,1980,6.3,57252
1215,Golden Mirage 1215,Documentary,1989,5.8,223295
6894,Silent Horizon 6894,Drama,2026,6.7,1005487
1043,Hidden Verdict 1043,Animation,2013,6.0,514295
1066,Dark Frontier 1066,Comedy,1993,7.6,1103703
1908,Silent Journey 1908,Fantasy,2023,7.2,34374
4331,Golden Legacy 4331,Romance,2007,7.8,147570
7507,Fallen Descent 7507,Action,2004,6.2,636645
7184,Burning Kingdom 7184,Horror,1973,8.0,706932
6291,Fallen Shadow 6291,Thriller,1987,6.7,206737
5757,Distant Descent 5757,Horror,1972,7.0,607938
2457,Secret Journey 2457,Comedy,1996,6.1,379471
9522,Forgotten Signal 9522,Romance,1974,8.3,452517
5532,Lost Empire 5532,Drama,2015,6.7,150486
2242,Forgotten Kingdom 2242,Drama,1978,6.8,263313
1101,Rising Mirage 1101,Fantasy,2023,7.0,819375
7560,Fallen Frontier 7560,Action,2003,7.0,280939
8285,Quiet Echo 8285,Comedy,1971,2.3,305343
6252,Eternal Legacy 6252,Thriller,1981,9.5,401251
5382,Broken Horizon 5382,Comedy,2015,5.6,291603
802,Distant Horizon 802,Thriller,2026,6.5,601869
9305,Broken Frontier 9305,Action,1988,6.8,373345
5011,Rising Passage 5011,Documentary,1974,9.0,614611
2088,Frozen Kingdom 2088,Horror,1989,5.1,685526
1057,Burning Requiem 1057,Fantasy,1981,7.8,567618
6010,Forgotten Storm 6010,Comedy,1971,7.4,475653
4904,Silent Journey 4904,Animation,2021,7.3,825751
6700,Frozen Echo 6700,Romance,2012,5.5,419232
3050,Distant Kingdom 3050,Horror,2009,5.6,490923
616,Endless Paradox 616,Thriller,1979,8.6,702956
9614,Endless Mirage 9614,Comedy,1970,8.1,152246
4237,Crimson Legacy 4237,Documentary,1975,6.1,658112
9786,Golden Reflection 9786,Comedy,1984,6.3,697903
9084,Rising Empire 9084,Fantasy,2003,8.1,963866
6000,Quiet Chronicles 6000,Drama,2017,5.8,288745
1478,Hidden Harbor 1478,Thriller,2007,4.1,867493
4526,Last Reflection 4526,Documentary,2009,8.1,618095
7519,Silent Kingdom 7519,Action,1980,7.1,884642
5841,Neon Legacy 5841,Drama,2006,5.8,808528
3162,Broken Shadow 3162,SciFi,2003,7.0,428219
4956,Hidden Shadow 4956,Animation,2008,6.4,578828
6975,Silent Echo 6975,Romance,2022,6.5,675346
3416,Crimson Chronicles 3416,Documentary,1970,7.5,773451
7645,Hidden Requiem 7645,Action,1979,8.3,1175550
1513,Frozen Echo 1513,Romance,1976,6.7,422507
1925,Neon Frontier 1925,Horror,2011,7.2,139876
7792,Dark Odyssey 7792,Thriller,2013,7.9,492895
8072,Forgotten Reflection 8072,Horror,1970,5.4,193466
5327,Lost Mirage 5327,Comedy,2017,8.0,362965
3002,Golden Echo 3002,Horror,2000,7.1,317270
3067,Forgotten Frontier 3067,Fantasy,2003,5.5,725326
7050,Secret Journey 7050,Comedy,1999,6.6,296917
7282,Lost Chronicles 7282,Romance,1994,8.0,403871
2062,Hidden Storm 2062,Drama,2019,4.6,8204
7595,Quiet Odyssey 7595,Thriller,2008,7.4,394237
7517,Lost Paradox 7517,Horror,1983,6.9,732296
8546,Rising Shadow 8546,Thriller,1972,7.3,394702
9979,Secret Frontier 9979,Horror,1985,8.2,751738
3091,Rising Verdict 3091,Animation,1983,5.9,764006
3968,Golden Descent 3968,Romance,2009,6.1,311230
4172,Burning Requiem 4172,SciFi,1999,5.8,461984
5016,Forgotten Mirage 5016,SciFi,1972,9.5,476287
8203,Dark Legacy 8203,Fantasy,2023,7.6,277173
4245,Last Storm 4245,Animation,1971,8.3,188184
6705,Crimson Requiem 6705,SciFi,2003,5.9,186710
3702,Frozen Shadow 3702,Comedy,1995,7.5,522633
9618,Wild Journey 9618,Comedy,2003,5.7,707629
9702,Dark Legacy 9702,Thriller,1976,7.1,399676
4240,Burning Reflection 4240,Comedy,2005,6.1,482236
5323,Dark Journey 5323,Romance,2015,8.5,326466
9905,Secret Storm 9905,Comedy,1970,7.9,671359
2687,Broken Horizon 2687,Drama,2001,5.3,509003
7974,Secret Passage 7974,Thriller,2018,3.4,772397
4323,Crimson Harbor 4323,Animation,1996,5.7,503467
9774,Silent Journey 9774,Animation,1979,8.0,0
9353,Golden Requiem 9353,Romance,1972,7.1,498730
6863,Secret Harbor 6863,Action,2013,6.8,535880
1035,Hidden Echo 1035,Horror,1980,5.6,316880
3876,Crimson Shadow 3876,Documentary,2019,6.8,130896
3315,Endless Storm 3315,Horror,2026,7.1,231029
2167,Quiet Requiem 2167,Thriller,1973,6.9,1014714
9474,Rising Chronicles 9474,Drama,2014,6.7,937189
4746,Rising Journey 4746,Romance,1984,5.4,847171
1922,Wild Storm 1922,Documentary,1991,4.9,217428
9021,Broken Paradox 9021,Thriller,1972,6.2,902381
8686,Golden Echo 8686,Fantasy,2025,4.2,584222
8222,Forgotten Mirage 8222,Horror,2021,7.3,333731
5515,Neon Odyssey 5515,SciFi,1989,6.0,294681
3973,Secret Kingdom 3973,Action,2010,6.5,575889
791,Hidden Shadow 791,Thriller,2024,9.3,0
1763,Hidden Requiem 1763,Thriller,2022,8.2,528341
1014,Lost Echo 1014,Animation,2012,8.5,886221
5194,Rising Kingdom 5194,Romance,1971,5.1,695092
4789,Frozen Legacy 4789,Thriller,2022,6.7,42415
1172,Neon Reflection 1172,Drama,2005,5.5,62626
2416,Last Requiem 2416,Documentary,1990,5.6,769870
4763,Silent Journey 4763,Drama,1999,9.0,507888
6294,Quiet Signal 6294,Comedy,1999,7.5,158942
1766,Burning Reflection 1766,SciFi,2000,6.3,638560
4004,Lost Descent 4004,Thriller,1971,7.1,676596
3882,Golden Shadow 3882,SciFi,1995,5.0,308035
5980,Golden Legacy 5980,Animation,1977,6.3,302961
1466,Endless Legacy 1466,Comedy,2002,3.4,757915
9713,Dark Frontier 9713,Action,2021,6.2,862964
9569,Lost Storm 9569,Horror,2003,6.0,178616
1727,Neon Storm 1727,Documentary,2019,6.4,786106
1687,Neon Chronicles 1687,Comedy,2022,5.7,697433
6391,Quiet Signal 6391,Drama,1972,5.4,605236
242,Lost Verdict 242,Fantasy,2007,9.1,809733
7632,Distant Requiem 7632,Drama,2017,6.5,813455
1305,Endless Passage 1305,Fantasy,2012,7.2,278922
8965,Quiet Descent 8965,Horror,2023,8.0,527278
5285,Dark Paradox 5285,Documentary,1976,7.0,620453
7035,Quiet Verdict 7035,SciFi,1974,5.3,958312
5170,Burning Journey 5170,Animation,1980,6.7,477223
7269,Dark Passage 7269,Thriller,1982,7.1,326212
4637,Lost Kingdom 4637,Thriller,1997,7.0,546904
335,Crimson Paradox 335,Romance,1988,6.5,911015
6783,Frozen Reflection 6783,Thriller,1970,5.9,301613
654,Golden Shadow 654,Fantasy,2001,8.0,1114057
3427,Dark Echo 3427,Thriller,2009,5.9,691105
3176,Lost Requiem 3176,Romance,1970,7.9,194542
3926,Crimson Harbor 3926,Thriller,1972,5.3,87848
6206,Broken Shadow 6206,Fantasy,1976,6.6,617031
7381,Lost Legacy 7381,Horror,2019,8.9,666966
5415,Broken Paradox 5415,SciFi,2007,8.0,669774
3186,Burning Signal 3186,Romance,2001,9.5,1120035
8267,Dark Passage 8267,Romance,1987,7.9,213610
9374,Silent Kingdom 9374,Fantasy,2004,7.5,870589
1212,Hidden Chronicles 1212,Fantasy,2009,7.8,583228
3031,Dark Passage 3031,Documentary,2008,5.6,797011
1428,Quiet Chronicles 1428,Animation,1976,9.9,0
4999,Golden Journey 4999,Fantasy,2007,4.9,189020
7425,Lost Storm 7425,Action,2010,7.5,464879
7333,Distant Requiem 7333,Animation,2003,5.3,526377
4666,Crimson Frontier 4666,Drama,1985,6.5,681179
836,Hidden Reflection 836,SciFi,2012,6.9,390666
910,Golden Mirage 910,Romance,1990,7.7,938596
9677,Eternal Verdict 9677,Drama,2003,7.2,270935
1284,Forgotten Horizon 1284,Animation,1987,7.5,717336
994,Hidden Kingdom 994,Drama,2021,6.6,410081
6379,Hidden Horizon 6379,SciFi,2016,7.5,290225
681,Eternal Descent 681,Animation,1985,7.0,466783
7677,Wild Paradox 7677,Fantasy,1982,4.7,494976
3721,Dark Kingdom 3721,Animation,1984,7.8,514356
1954,Wild Journey 1954,Comedy,2006,8.6,804840
3121,Lost Paradox 3121,Documentary,2001,6.9,261236
4422,Hidden Echo 4422,Romance,2009,7.3,1018623
1371,Hidden Legacy 1371,Romance,1990,7.0,455804
2486,Fallen Kingdom 2486,Action,1979,9.1,0
5937,Endless Signal 5937,Animation,1991,5.1,140606
5274,Rising Harbor 5274,Animation,1980,5.9,460901
3210,Silent Harbor 3210,Documentary,1980,8.1,650522
8644,Secret Passage 8644,Comedy,1998,6.4,578259
2178,Secret Requiem 2178,Action,2003,6.8,235126
5876,Secret Verdict 5876,SciFi,2022,7.3,712564
1935,Crimson Passage 1935,Horror,1981,5.2,735966
1143,Eternal Descent 1143,Animation,2025,8.1,808791
1940,Rising Descent 1940,Thriller,1996,7.1,313872
7240,Frozen Chronicles 7240,Fantasy,1982,6.1,920421
5178,Secret Echo 5178,Comedy,2004,6.9,416694
5774,Crimson Empire 5774,Fantasy,1971,4.9,0
6710,Hidden Journey 6710,Fantasy,2014,6.7,953490
4755,Secret Chronicles 4755,Action,1976,4.6,370588
5918,Endless Verdict 5918,Documentary,2024,7.8,629216
601,Endless Shadow 601,Romance,1983,8.7,0
8116,Burning Harbor 8116,SciFi,2022,6.7,57872
2548,Last Passage 2548,Documentary,2000,7.2,633137
6659,Neon Descent 6659,Romance,2000,6.2,385787
349,Secret Legacy 349,Thriller,1972,8.0,336548
9007,Silent Verdict 9007,Fantasy,1986,6.5,325617
4224,Last Requiem 4224,Drama,2025,6.3,543292
9922,Last Paradox 9922,Thriller,2007,8.4,648672
4924,Endless Mirage 4924,Horror,2015,5.9,403396
9342,Frozen Legacy 9342,Drama,2002,8.7,595897
753,Crimson Shadow 753,Fantasy,1977,5.6,710997
8984,Dark Chronicles 8984,SciFi,1972,8.3,335303
3642,Quiet Descent 3642,Romance,1973,5.6,1056839
142,Burning Chronicles 142,Action,1971,7.7,1085696
5546,Endless Odyssey 5546,Comedy,2026,7.7,24348
4177,Broken Odyssey 4177,Drama,2003,5.6,171069
4688,Rising Requiem 4688,Horror,1971,6.0,394483
6214,Hidden Reflection 6214,SciFi,1987,7.5,1090533
1265,Wild Legacy 1265,Fantasy,2015,6.1,253197
756,Endless Paradox 756,Drama,1997,5.1,629636
968,Golden Requiem 968,Thriller,1972,6.8,0
5709,Last Mirage 5709,SciFi,2019,7.3,318867
2719,Secret Frontier 2719,SciFi,2024,6.9,478026
5201,Endless Reflection 5201,Animation,2001,6.3,252537
4540,Golden Verdict 4540,Romance,1971,8.0,1783
5619,Crimson Harbor 5619,Horror,1997,6.6,838142
6450,Broken Journey 6450,Comedy,2025,7.4,385048
5459,Eternal Shadow 5459,Horror,2020,7.1,564267
6825,Endless Echo 6825,Horror,2004,6.4,119166
9578,Last Legacy 9578,Romance,2020,5.6,333678
913,Broken Signal 913,Thriller,2024,5.8,1063858
4082,Last Shadow 4082,Action,2012,5.5,826731
4606,Wild Echo 4606,Horror,1971,5.0,637040
3919,Burning Signal 3919,Fantasy,1995,6.4,666793
3498,Endless Shadow 3498,Drama,1997,8.8,504183
4080,Broken Reflection 4080,Drama,2016,6.6,219637
9422,Rising Passage 9422,Fantasy,1994,4.8,709504
5977,Eternal Odyssey 5977,Comedy,1977,9.2,1366453
5299,Eternal Signal 5299,Comedy,2002,5.8,661582
1560,Wild Empire 1560,Documentary,2024,6.9,822013
6217,Frozen Journey 6217,Romance,1991,8.8,292727
1450,Endless Reflection 1450,SciFi,2003,7.6,508978
6819,Distant Echo 6819,Thriller,2018,7.3,760028
3610,Wild Horizon 3610,Animation,2013,6.3,391101
9833,Wild Horizon 9833,Documentary,2003,4.7,86933
2208,Secret Empire 2208,Romance,1999,6.2,499115
4158,Frozen Signal 4158,Romance,1989,7.6,382874
785,Frozen Horizon 785,Comedy,2024,8.5,580491
2684,Rising Chronicles 2684,Thriller,2024,8.4,333184
3096,Endless Storm 3096,Romance,1982,7.1,529856
8352,Crimson Passage 8352,Horror,1977,6.9,1308855
7022,Neon Legacy 7022,SciFi,1977,7.7,811382
4587,Burning Passage 4587,Documentary,1986,6.2,544827
8866,Quiet Mirage 8866,Romance,2019,6.7,852488
7166,Rising Passage 7166,Horror,2020,5.8,286417
6471,Secret Verdict 6471,Comedy,2003,7.4,298373
6706,Golden Mirage 6706,Drama,2002,6.1,890473
3209,Quiet Echo 3209,Fantasy,2010,2.7,359870
8999,Distant Chronicles 8999,Documentary,2024,8.3,554468
9859,Burning Shadow 9859,Thriller,2010,7.2,877962
3425,Forgotten Descent 3425,Romance,1988,7.5,478294
5624,Endless Passage 5624,Romance,2016,5.6,203882
9992,Golden Frontier 9992,Romance,1972,8.4,636676
889,Lost Empire 889,Thriller,1989,9.4,481213
7631,Wild Chronicles 7631,Fantasy,2009,6.3,570056
3841,Silent Empire 3841,Comedy,1972,7.5,0
4575,Forgotten Paradox 4575,Drama,1989,8.0,408717
7913,Dark Chronicles 7913,Drama,2015,6.4,560289
1518,Endless Odyssey 1518,Fantasy,2001,7.4,641629
4659,Endless Kingdom 4659,Documentary,2021,5.7,611597
4434,Last Reflection 4434,Horror,1993,9.0,142864
6341,Neon Shadow 6341,Thriller,2019,6.9,500581
6014,Frozen Mirage 6014,Horror,2019,4.6,633993
9104,Neon Odyssey 9104,Animation,2005,6.4,470399
7237,Endless Frontier 7237,Romance,2015,7.0,547824
6571,Neon Odyssey 6571,Romance,1977,6.2,352988
6680,Lost Frontier 6680,Fantasy,1972,9.4,625607
4513,Wild Empire 4513,Action,1977,6.3,453347
3426,Dark Empire 3426,Romance,1971,4.5,659713
1313,Crimson Shadow 1313,Thriller,1977,5.1,608335
1854,Golden Journey 1854,Drama,1995,6.5,554681
9804,Crimson Signal 9804,Comedy,2018,8.2,148358
8524,Lost Frontier 8524,Thriller,2003,6.5,380584
1735,Silent Echo 1735,Comedy,1982,6.3,226289
9057,Quiet Requiem 9057,Horror,1996,6.2,780230
348,Dark Chronicles 348,Romance,2006,5.7,380083
7925,Crimson Frontier 7925,Romance,2013,7.6,548851
7740,Secret Requiem 7740,Animation,1982,7.3,894731
2388,Silent Mirage 2388,Drama,1983,5.2,0
2146,Rising Mirage 2146,Animation,1992,6.8,627718
6939,Distant Verdict 6939,Comedy,2005,6.8,563983
568,Silent Frontier 568,Horror,2009,6.3,254310
5000,Quiet Empire 5000,Action,2019,7.0,165894
4758,Quiet Legacy 4758,Thriller,2006,6.3,864637
3641,Broken Passage 3641,Animation,2005,8.4,277648
9125,Quiet Odyssey 9125,Romance,1973,7.5,1171673
7203,Last Echo 7203,Documentary,1983,6.4,384032
5758,Last Reflection 5758,Drama,1987,5.5,1066132
3609,Forgotten Signal 3609,Comedy,1985,7.0,0
6495,Forgotten Reflection 6495,Thriller,1987,8.1,492278
5402,Hidden Shadow 5402,Documentary,2018,5.5,405300
9197,Golden Passage 9197,Action,2012,6.8,726091
6786,Endless Shadow 6786,Documentary,2001,7.8,259602
7013,Fallen Descent 7013,Drama,2020,6.6,248709
7218,Rising Harbor 7218,Animation,1971,6.1,428943
7728,Quiet Storm 7728,Thriller,1982,6.7,501470
6629,Golden Storm 6629,Romance,1975,6.5,627588
1374,Hidden Harbor 1374,Romance,1991,5.2,0
6349,Silent Odyssey 6349,Fantasy,2003,5.8,554109
1276,Endless Mirage 1276,Drama,2016,9.8,12257
2073,Dark Kingdom 2073,Documentary,1993,7.5,605368
1012,Dark Harbor 1012,Thriller,2008,7.2,732555
1167,Burning Horizon 1167,SciFi,1999,5.9,370332
5935,Rising Reflection 5935,Comedy,1979,5.3,719198
815,Dark Passage 815,Comedy,2025,7.8,386676
9173,Rising Echo 9173,Fantasy,2002,6.2,0
8571,Eternal Storm 8571,Documentary,1988,6.7,883587
6781,Burning Odyssey 6781,SciFi,1977,8.7,91550
3511,Quiet Echo 3511,Thriller,2011,6.7,52000
9423,Dark Passage 9423,Thriller,2019,8.4,559304
6438,Lost Requiem 6438,Documentary,1982,9.3,216191
4878,Golden Passage 4878,Fantasy,1987,6.0,383715
2218,Fallen Echo 2218,Romance,1980,8.3,501290
7798,Wild Frontier 7798,Comedy,2014,5.3,398459
22,Frozen Odyssey 22,Drama,1975,7.2,694949
8596,Endless Odyssey 8596,Action,1993,7.9,776558
1819,Quiet Frontier 1819,SciFi,2021,6.3,0
1074,Broken Mirage 1074,Thriller,1983,8.6,557382
258,Endless Empire 258,Comedy,2010,6.9,153652
7476,Fallen Paradox 7476,Documentary,1984,7.7,274000
6833,Secret Echo 6833,SciFi,1973,7.0,429802
734,Burning Journey 734,SciFi,1980,4.9,0
3328,Burning Horizon 3328,Romance,2022,6.8,277467
2426,Eternal Kingdom 2426,Action,2000,8.2,388552
2912,Hidden Frontier 2912,Thriller,1979,9.1,567356
2991,Hidden Chronicles 2991,Fantasy,1977,6.6,912294
7942,Dark Paradox 7942,Animation,1994,6.6,76321
1721,Lost Passage 1721,Thriller,2024,6.3,489009
3302,Rising Descent 3302,Drama,1996,7.3,980811
6614,Last Shadow 6614,Action,1978,3.9,114183
85,Dark Empire 85,SciFi,1998,7.9,506497
3347,Quiet Requiem 3347,Romance,2020,8.9,1101221
9488,Frozen Reflection 9488,SciFi,1975,6.7,759105
9482,Fallen Legacy 9482,Thriller,2023,7.0,365012
983,Crimson Reflection 983,Fantasy,2022,8.4,510629
1545,Dark Paradox 1545,Romance,1970,8.9,976690
161,Distant Storm 161,SciFi,1970,6.5,102752
4353,Hidden Passage 4353,Action,2016,7.8,441912
7447,Fallen Empire 7447,Horror,2010,7.3,866700
3395,Frozen Horizon 3395,Thriller,2000,5.0,392546
3935,Hidden Odyssey 3935,SciFi,2001,9.0,489259
817,Lost Harbor 817,Romance,1987,5.2,90203
463,Golden Descent 463,Documentary,1999,7.9,35429
8527,Eternal Requiem 8527,Romance,2005,5.8,545837
7729,Silent Empire 7729,Action,1983,4.3,296327
1847,Burning Harbor 1847,Thriller,1996,6.7,476262
3016,Silent Passage 3016,Drama,1987,5.9,1002246
9540,Frozen Paradox 9540,Animation,1982,7.0,1027489
9965,Secret Descent 9965,Fantasy,1999,6.3,404824
4501,Frozen Empire 4501,Documentary,1998,8.1,613984
559,Fallen Descent 559,Romance,1974,8.2,311437
6482,Lost Passage 6482,Animation,2013,5.4,144935
6720,Broken Descent 6720,Thriller,2016,6.9,81131
921,Quiet Reflection 921,Romance,1993,6.8,638000
8824,Dark Legacy 8824,Thriller,2003,6.4,301307
4848,Golden Verdict 4848,Drama,2003,5.4,379799
4949,Burning Mirage 4949,Thriller,2024,7.4,760950
7106,Rising Requiem 7106,Drama,2002,7.0,864947
7876,Wild Requiem 7876,Drama,2026,6.8,954197
1126,Lost Journey 1126,Drama,1996,8.0,1064764
4073,Wild Verdict 4073,Action,2003,7.3,377914
8389,Burning Requiem 8389,Thriller,1985,6.5,485883
9454,Frozen Verdict 9454,Horror,2010,5.3,680626
717,Endless Legacy 717,Action,1987,7.8,814753
2173,Fallen Paradox 2173,SciFi,2012,6.2,1034849
8942,Wild Harbor 8942,Horror,2016,9.6,634701
79,Secret Descent 79,Thriller,2002,4.0,610658
3383,Crimson Reflection 3383,Drama,2025,5.9,723431
8315,Hidden Legacy 8315,SciFi,1970,8.8,235724
8862,Hidden Storm 8862,Romance,2005,6.3,519547
8667,Distant Legacy 8667,Romance,1980,5.3,513370
7423,Fallen Passage 7423,Documentary,2023,7.6,879014
8470,Crimson Empire 8470,Fantasy,1985,5.0,179540
6490,Crimson Descent 6490,Action,1990,5.1,66290
750,Forgotten Signal 750,Romance,2003,6.0,412309
5984,Burning Horizon 5984,Fantasy,1991,7.3,573753
4538,Eternal Verdict 4538,Romance,2010,5.3,1021731
9211,Quiet Descent 9211,Drama,2014,6.6,446027
496,Hidden Chronicles 496,Documentary,1977,7.5,776336
5456,Rising Descent 5456,Action,1995,5.9,886828
5791,Neon Mirage 5791,Thriller,2022,7.8,1052341
2135,Distant Requiem 2135,Action,1995,7.6,803318
7936,Golden Reflection 7936,Comedy,1990,6.3,103419
6633,Dark Storm 6633,Animation,2013,5.9,931705
3497,Endless Requiem 3497,Thriller,1976,5.7,331459
709,Neon Reflection 709,Drama,1995,6.8,498645
1098,Crimson Echo 1098,Drama,2014,6.2,379948
934,Dark Frontier 934,Animation,2018,5.0,499136
778,Neon Verdict 778,Comedy,2014,7.1,1380657
8744,Distant Horizon 8744,Fantasy,1975,7.7,560473
760,Forgotten Horizon 760,Fantasy,2016,7.9,527749
3875,Wild Paradox 3875,Action,2000,7.2,683238
3288,Broken Requiem 3288,Documentary,2000,8.6,295587
160,Wild Storm 160,Romance,2009,8.7,634405
9237,Burning Passage 9237,Animation,2008,7.8,845148
7441,Fallen Storm 7441,Documentary,2020,5.3,261280
3871,Silent Echo 3871,Comedy,2004,7.0,541577
459,Frozen Signal 459,Horror,2011,7.4,561515
9209,Forgotten Passage 9209,Romance,2021,5.5,262515
3044,Forgotten Odyssey 3044,Romance,2002,6.0,488789
4847,Frozen Chronicles 4847,Fantasy,1984,6.3,292324
9012,Crimson Legacy 9012,Romance,2015,6.6,555731
8309,Neon Chronicles 8309,Drama,1985,6.3,563337
2685,Endless Requiem 2685,Drama,1974,5.7,393675
7659,Silent Signal 7659,Documentary,1973,5.2,841196
1393,Endless Reflection 1393,Horror,1974,5.6,685495
1845,Fallen Shadow 1845,Animation,2014,5.2,280053
6127,Eternal Kingdom 6127,Thriller,2022,6.7,532006
5253,Wild Empire 5253,Romance,1973,7.6,483980
7495,Crimson Requiem 7495,Thriller,1993,8.0,888606
5155,Lost Legacy 5155,Thriller,2023,7.0,716801
575,Eternal Mirage 575,SciFi,2022,6.3,5590
5524,Last Harbor 5524,Drama,1993,6.9,0
1592,Eternal Odyssey 1592,Drama,1999,7.9,857832
9430,Hidden Kingdom 9430,Action,2023,4.8,91104
6511,Secret Journey 6511,Romance,1973,7.7,234043
4253,Crimson Reflection 4253,Documentary,2004,7.0,402675
4533,Rising Kingdom 4533,Horror,2020,7.5,151317
7322,Hidden Reflection 7322,Animation,1991,6.3,459587
1767,Crimson Signal 1767,Romance,2008,7.0,474776
8690,Neon Echo 8690,Animation,1972,8.2,166656
8861,Rising Storm 8861,Drama,1980,7.4,383193
180,Wild Signal 180,Drama,1972,7.1,720587
2506,Lost Journey 2506,Animation,1974,7.8,649797
3682,Forgotten Descent 3682,Romance,1990,5.5,295718
9396,Secret Signal 9396,Thriller,2001,6.1,857199
3591,Fallen Verdict 3591,Documentary,1992,3.4,205054
6254,Golden Empire 6254,Action,1993,5.6,575248
6656,Distant Paradox 6656,Documentary,2019,8.4,190783
1502,Eternal Echo 1502,Fantasy,1988,8.7,0
1860,Eternal Journey 1860,Fantasy,2001,6.2,326211
8347,Forgotten Journey 8347,Horror,1990,6.2,301297
1678,Forgotten Mirage 1678,Romance,2020,6.6,221806
3274,Secret Journey 3274,Action,2003,4.7,660498
6799,Secret Harbor 6799,Documentary,2009,6.8,307205
8151,Dark Kingdom 8151,Drama,2016,8.2,735887
8053,Crimson Descent 8053,Animation,1990,6.9,578003
374,Lost Descent 374,Documentary,2023,6.6,725675
7209,Frozen Requiem 7209,Action,2000,6.2,845314
4975,Dark Reflection 4975,Action,1977,8.1,760454
7673,Broken Descent 7673,Documentary,1985,6.9,236781
7244,Crimson Harbor 7244,Thriller,1990,6.3,740614
1136,Quiet Odyssey 1136,Romance,1985,7.3,33473
9990,Dark Verdict 9990,Fantasy,2022,7.4,495161
37,Eternal Mirage 37,Thriller,2021,6.9,802894
9252,Golden Harbor 9252,Romance,2004,6.5,0
4829,Broken Paradox 4829,Horror,1996,4.7,723923
1224,Forgotten Descent 1224,Action,2007,8.5,92808
7301,Hidden Reflection 7301,SciFi,1981,7.2,133996
7901,Rising Echo 7901,Drama,1981,8.2,323830
4625,Fallen Passage 4625,Documentary,2012,7.5,295015
3144,Distant Legacy 3144,Action,1981,8.5,562404
9548,Broken Harbor 9548,Horror,1984,6.1,573989
655,Rising Empire 655,Documentary,1984,6.0,100744
1963,Wild Echo 1963,Drama,2006,6.2,639792
299,Frozen Descent 299,Drama,2009,8.1,240425
3030,Last Horizon 3030,Animation,1994,8.7,215002
853,Quiet Requiem 853,SciFi,2026,6.0,409064
9626,Dark Frontier 9626,Documentary,2006,5.5,678155
810,Lost Storm 810,Fantasy,2011,5.8,185621
8781,Frozen Journey 8781,Horror,2000,6.6,22450
5825,Secret Empire 5825,Documentary,2000,7.3,893452
670,Silent Harbor 670,Thriller,1979,6.6,419966
1986,Quiet Journey 1986,Drama,2016,7.7,335843
8949,Endless Descent 8949,Documentary,1984,7.1,580264
602,Eternal Shadow 602,SciFi,2015,7.2,711060
8418,Wild Requiem 8418,SciFi,2011,7.2,224147
4809,Broken Legacy 4809,Horror,2026,7.0,373472
7746,Last Empire 7746,Horror,1993,7.0,792889
5052,Rising Odyssey 5052,Comedy,2002,6.2,101357
2150,Wild Passage 2150,Documentary,2009,5.4,648913
5721,Quiet Descent 5721,Comedy,1988,6.4,251293
7417,Forgotten Passage 7417,Drama,2022,8.0,728002
4554,Frozen Empire 4554,Horror,1992,4.9,152906
1937,Crimson Echo 1937,Drama,1973,8.0,1097575
7440,Distant Legacy 7440,Action,1991,7.5,559679
1351,Crimson Harbor 1351,Action,2014,6.8,112649
2458,Eternal Frontier 2458,Animation,1979,6.5,775387
413,Quiet Mirage 413,Fantasy,1984,6.3,337055
3901,Quiet Echo 3901,Animation,1993,5.0,1215813
3122,Eternal Chronicles 3122,Drama,2024,7.2,651249
9755,Frozen Harbor 9755,Romance,1997,7.1,115585
3487,Burning Empire 3487,Action,2020,5.4,405497
3846,Burning Passage 3846,Drama,1980,5.7,305493
3786,Quiet Verdict 3786,Animation,1985,8.3,223840
9854,Lost Verdict 9854,Drama,1976,6.3,759318
6029,Hidden Kingdom 6029,Fantasy,1994,6.2,152051
5544,Distant Kingdom 5544,Animation,1999,8.9,173303
4027,Burning Passage 4027,Animation,2009,6.6,0
6444,Lost Verdict 6444,Romance,1974,6.2,743721
8039,Last Paradox 8039,Animation,1979,7.8,351235
3631,Crimson Mirage 3631,Comedy,2022,7.7,910233
6841,Burning Signal 6841,Comedy,2020,6.5,340696
852,Distant Kingdom 852,Drama,1984,6.4,557175
6661,Quiet Verdict 6661,Horror,1991,6.1,256645
3475,Frozen Descent 3475,Drama,1998,8.4,292990
2949,Quiet Passage 2949,Horror,1978,6.1,1176534
6005,Broken Shadow 6005,Romance,1986,5.3,515263
2830,Forgotten Empire 2830,Documentary,1976,7.8,679688
6615,Dark Requiem 6615,Action,2015,5.1,926933
1656,Hidden Echo 1656,Documentary,2000,6.3,282175
7503,Forgotten Legacy 7503,Animation,2013,5.6,1003926
6652,Lost Paradox 6652,Comedy,1987,6.5,350762
1833,Dark Odyssey 1833,Action,1994,5.3,161355
2233,Dark Signal 2233,Comedy,2014,9.3,745588
4577,Distant Kingdom 4577,Animation,2011,8.3,778256
7238,Rising Paradox 7238,Fantasy,1974,7.7,0
5019,Quiet Descent 5019,Drama,2018,5.4,698269
3632,Hidden Harbor 3632,Action,2024,4.6,829651
6312,Neon Echo 6312,Comedy,1984,6.2,696902
1787,Secret Legacy 1787,Animation,2003,6.7,601575
9156,Eternal Mirage 9156,Drama,2006,6.1,395340
6350,Distant Mirage 6350,Romance,2012,6.8,747928
4330,Forgotten Horizon 4330,Documentary,1978,5.2,617768
5185,Hidden Horizon 5185,Animation,1980,5.6,179485
451,Broken Odyssey 451,Horror,2007,6.8,410433
8590,Secret Mirage 8590,Animation,2021,5.3,237715
6378,Fallen Passage 6378,SciFi,1992,6.5,834989
2438,Lost Storm 2438,Drama,2003,7.1,554318
6998,Neon Passage 6998,Comedy,1994,6.8,286647
6170,Hidden Journey 6170,Comedy,1984,6.4,455006
772,Distant Signal 772,Fantasy,2005,7.8,272113
6590,Golden Storm 6590,Action,1998,7.1,0
408,Burning Odyssey 408,Action,1988,7.6,680775
7945,Hidden Odyssey 7945,Animation,1999,5.5,393333
9262,Burning Passage 9262,Thriller,1987,7.6,197462
2568,Lost Chronicles 2568,Comedy,1978,7.6,161727
5559,Wild Requiem 5559,Action,2015,6.5,250537
1446,Frozen Odyssey 1446,Comedy,2013,6.8,516499
3494,Secret Signal 3494,SciFi,2012,7.4,907393
190,Frozen Shadow 190,Fantasy,2009,8.6,283461
1929,Frozen Storm 1929,Romance,2003,5.8,439071
8745,Wild Shadow 8745,Comedy,1980,6.4,620241
1577,Lost Chronicles 1577,Documentary,2004,7.2,538859
3110,Crimson Journey 3110,SciFi,1999,7.4,166713
5738,Golden Journey 5738,Comedy,1983,6.3,241177
7142,Fallen Legacy 7142,Documentary,1994,5.4,146901
7426,Endless Echo 7426,Horror,2011,9.1,470404
673,Hidden Descent 673,Comedy,2020,7.4,754586
2360,Last Empire 2360,Documentary,1994,4.6,346554
3473,Burning Shadow 3473,Comedy,1993,6.5,357478
5047,Endless Chronicles 5047,SciFi,2006,5.3,357802
6323,Secret Kingdom 6323,Drama,1970,8.5,1117373
1362,Golden Descent 1362,Horror,2007,6.5,517366
6877,Forgotten Empire 6877,Horror,2013,7.1,604496
9176,Fallen Reflection 9176,SciFi,2015,5.9,771243
1159,Hidden Journey 1159,Horror,1989,4.6,478699
2642,Fallen Chronicles 2642,SciFi,2021,7.3,674529
6958,Neon Requiem 6958,SciFi,1996,6.4,479724
8196,Neon Frontier 8196,Thriller,2006,7.3,669385
8103,Rising Echo 8103,Action,1977,8.3,1008245
8172,Rising Requiem 8172,Drama,1992,7.4,1105703
4011,Lost Verdict 4011,Documentary,1974,5.9,230288
259,Rising Journey 259,Romance,1992,9.1,887864
6456,Distant Journey 6456,Documentary,2024,4.7,967545
2005,Distant Harbor 2005,Documentary,1990,6.4,179283
5046,Neon Chronicles 5046,Action,2012,5.4,388027
4816,Crimson Empire 4816,Romance,2020,7.8,291761
6818,Quiet Frontier 6818,Thriller,2004,8.6,865061
5890,Neon Storm 5890,SciFi,1982,7.2,386541
9264,Burning Empire 9264,Animation,1995,9.1,584690
3905,Last Passage 3905,Documentary,1978,5.2,304966
5160,Silent Passage 5160,Drama,2002,7.3,619428
8341,Lost Descent 8341,Action,2003,5.3,0
308,Golden Kingdom 308,Thriller,2015,6.3,579058
6789,Neon Paradox 6789,Documentary,2001,5.3,609278
5713,Hidden Chronicles 5713,Horror,2006,9.1,34555
5610,Fallen Mirage 5610,Animation,1992,7.4,792437
560,Last Paradox 560,Drama,1989,3.7,69943
5837,Burning Odyssey 5837,Horror,1978,6.7,393684
8212,Frozen Legacy 8212,Thriller,2019,5.8,400517
3771,Burning Horizon 3771,Drama,2026,6.2,1300213
6884,Quiet Descent 6884,SciFi,2006,4.3,961760
8325,Hidden Shadow 8325,Animation,1997,7.1,578474
1770,Hidden Passage 1770,Thriller,1996,6.7,109246
930,Golden Requiem 930,Comedy,1981,4.6,417587
7851,Endless Harbor 7851,Fantasy,1970,6.1,483688
4486,Dark Frontier 4486,Animation,2018,6.0,482501
9479,Eternal Journey 9479,Documentary,2022,5.8,981917
846,Endless Reflection 846,SciFi,2020,6.0,557903
6079,Dark Kingdom 6079,Romance,1982,9.7,554013
8150,Frozen Passage 8150,Drama,2017,4.6,1041553
2770,Lost Shadow 2770,Comedy,2011,6.3,547095
4834,Frozen Kingdom 4834,Documentary,1970,6.1,154598
4664,Fallen Mirage 4664,Documentary,1993,7.1,62486
5419,Broken Reflection 5419,Comedy,1982,6.1,100298
9937,Last Journey 9937,Thriller,2006,6.1,468021
464,Dark Harbor 464,Romance,1983,6.6,212556
689,Burning Kingdom 689,Comedy,2020,6.9,987801
5733,Secret Requiem 5733,Horror,2018,6.0,573202
191,Dark Legacy 191,Romance,1988,7.2,656634
7414,Burning Kingdom 7414,Fantasy,2007,5.3,486009
8301,Silent Odyssey 8301,Horror,2003,6.4,626650
2654,Broken Chronicles 2654,Romance,2010,5.4,128128
5625,Eternal Empire 5625,Comedy,1985,6.9,474853
7867,Neon Passage 7867,Drama,1998,6.4,417068
9133,Silent Requiem 9133,Drama,2010,6.1,52088
737,Dark Legacy 737,Animation,2017,5.0,440736
7840,Dark Shadow 7840,Thriller,1996,6.2,451157
3365,Crimson Reflection 3365,Romance,1987,6.4,299518
90,Forgotten Chronicles 90,Thriller,1975,5.5,311394
1324,Burning Odyssey 1324,Animation,2003,6.0,728201
9411,Fallen Paradox 9411,Action,1996,8.2,568372
4613,Wild Empire 4613,Comedy,2004,7.4,611452
9382,Crimson Signal 9382,Animation,1989,8.0,260102
1216,Forgotten Horizon 1216,Drama,1990,6.3,48567
6728,Hidden Descent 6728,Thriller,2016,7.0,253398
7748,Broken Passage 7748,SciFi,2021,8.0,510122
7788,Wild Harbor 7788,Comedy,2019,4.9,833032
9962,Frozen Journey 9962,Documentary,2020,8.4,447906
1110,Crimson Chronicles 1110,Comedy,2025,7.7,1235537
5909,Forgotten Chronicles 5909,Romance,1981,7.1,479451
5107,Neon Shadow 5107,Drama,1996,6.2,459453
6329,Eternal Empire 6329,Thriller,2015,5.7,503851
3627,Rising Kingdom 3627,Comedy,2015,8.1,642510
4239,Eternal Verdict 4239,Documentary,2000,6.8,775586
5736,Quiet Requiem 5736,Animation,1996,6.9,618882
2539,Last Odyssey 2539,Comedy,1973,7.9,848690
2051,Dark Paradox 2051,Romance,1978,6.2,840702
5212,Broken Legacy 5212,Romance,2010,8.1,401424
8851,Dark Descent 8851,SciFi,2010,6.6,991541
5226,Golden Passage 5226,SciFi,2018,8.7,468322
4453,Broken Journey 4453,Animation,1976,9.7,594483
1831,Golden Reflection 1831,Fantasy,2001,3.6,690472
7212,Fallen Mirage 7212,Documentary,1974,7.6,415869
4312,Endless Verdict 4312,Documentary,1988,8.6,991208
7773,Silent Descent 7773,Animation,1982,9.4,520496
6003,Fallen Harbor 6003,Drama,2021,8.4,494965
1951,Crimson Echo 1951,Horror,2017,5.8,553456
9331,Last Shadow 9331,Horror,2011,6.2,445441
61,Quiet Legacy 61,Horror,1977,6.0,663646
4744,Last Kingdom 4744,Documentary,1984,7.0,878662
1227,Crimson Journey 1227,Drama,2019,5.5,638310
8805,Endless Storm 8805,Thriller,2011,5.9,333238
3959,Quiet Verdict 3959,Documentary,2002,6.2,768561
2740,Secret Passage 2740,Horror,2007,5.6,779286
9564,Rising Chronicles 9564,Fantasy,2024,5.1,896056
743,Frozen Chronicles 743,Drama,2011,6.3,51348
9879,Hidden Mirage 9879,Action,1989,6.7,851164
1704,Endless Frontier 1704,Drama,2015,6.1,246845
6238,Rising Horizon 6238,Thriller,2007,7.5,546093
9290,Neon Echo 9290,Documentary,2000,4.1,524776
556,Golden Legacy 556,Thriller,1970,8.2,212039
2361,Silent Chronicles 2361,Romance,2026,8.2,666422
2112,Forgotten Storm 2112,Documentary,2014,7.3,379795
8569,Broken Odyssey 8569,Thriller,1996,4.8,751398
7496,Hidden Reflection 7496,Drama,1983,4.5,466815
2823,Endless Chronicles 2823,Animation,1987,9.5,669782
9017,Forgotten Passage 9017,SciFi,2008,6.7,399595
7361,Broken Empire 7361,Romance,2014,6.6,206119
2164,Golden Horizon 2164,Action,1994,6.4,371749
8608,Wild Echo 8608,Comedy,1975,6.3,1004330
7879,Silent Passage 7879,Romance,1982,8.4,126013
3855,Neon Signal 3855,Horror,1989,8.2,566392
8980,Rising Frontier 8980,Drama,2000,6.4,836318
7178,Rising Odyssey 7178,Thriller,1990,8.7,385395
6816,Wild Descent 6816,SciFi,2025,6.1,207119
3309,Last Echo 3309,Animation,1993,6.2,370303
9739,Distant Odyssey 9739,SciFi,2008,6.8,114931
9419,Quiet Harbor 9419,Romance,1994,5.0,910954
3324,Golden Storm 3324,Fantasy,2012,6.2,979299
2937,Golden Empire 2937,Comedy,1981,7.2,346699
881,Neon Descent 881,Action,2018,7.8,879364
8289,Endless Storm 8289,Animation,2003,5.1,426672
4445,Silent Echo 4445,Romance,1983,6.9,614821
514,Wild Paradox 514,Thriller,2000,7.7,635123
8040,Lost Chronicles 8040,Action,1999,6.2,102611
2401,Distant Chronicles 2401,Action,1999,5.5,276960
650,Rising Shadow 650,Horror,2006,6.9,427955
3179,Dark Storm 3179,Thriller,1974,7.6,100391
9984,Broken Harbor 9984,Fantasy,2024,6.7,791366
875,Last Odyssey 875,Action,1981,6.9,733620
8526,Distant Odyssey 8526,Comedy,1975,4.9,631921
7971,Crimson Chronicles 7971,Action,1976,6.0,912841
5203,Dark Chronicles 5203,Fantasy,1977,6.1,715392
3327,Hidden Chronicles 3327,Comedy,2016,4.4,572911
3039,Wild Descent 3039,Fantasy,1981,7.4,911715
3109,Secret Requiem 3109,Romance,2002,8.8,254166
8022,Secret Horizon 8022,Action,2000,7.2,607811
1870,Hidden Storm 1870,Documentary,2002,8.5,643991
8111,Wild Journey 8111,Horror,1983,6.6,336263
1338,Crimson Requiem 1338,Fantasy,1981,6.1,290323
2528,Crimson Paradox 2528,Drama,2004,5.2,86486
2511,Last Odyssey 2511,Horror,2021,8.2,432640
2660,Forgotten Harbor 2660,Fantasy,1979,8.3,349091
371,Silent Storm 371,Fantasy,2023,6.2,1018719
4719,Last Mirage 4719,Horror,1971,5.2,149685
8763,Rising Paradox 8763,Horror,2011,6.3,918959
6724,Distant Paradox 6724,Horror,2010,7.4,0
3534,Hidden Harbor 3534,Documentary,2006,7.1,413452
5014,Forgotten Descent 5014,Animation,1984,8.7,299215
1969,Wild Mirage 1969,Documentary,1997,6.9,441250
8812,Forgotten Signal 8812,Animation,2014,5.4,697946
4391,Eternal Chronicles 4391,Fantasy,2013,6.6,263671
9737,Endless Requiem 9737,Romance,1980,8.0,592425
9388,Silent Requiem 9388,Drama,1980,6.7,106694
376,Hidden Verdict 376,SciFi,1996,7.1,437347
1032,Dark Reflection 1032,Comedy,1986,7.7,632939
6566,Burning Odyssey 6566,Drama,2026,7.1,288887
6644,Frozen Verdict 6644,Thriller,2006,7.0,944606
6519,Crimson Horizon 6519,Horror,1970,4.3,463823
4871,Secret Passage 4871,Thriller,1999,7.2,863591
3185,Quiet Reflection 3185,Drama,1980,8.4,1264101
1612,Secret Empire 1612,Action,1996,8.1,409430
3749,Neon Legacy 3749,Animation,1998,6.7,961272
5130,Wild Odyssey 5130,Thriller,2001,7.8,922162
3448,Silent Descent 3448,Horror,1990,8.0,552300
9895,Hidden Requiem 9895,Fantasy,1982,6.7,1182435
441,Dark Kingdom 441,Fantasy,2008,8.0,741966
6874,Burning Paradox 6874,Horror,1979,6.3,498902
46,Golden Mirage 46,Fantasy,2000,6.2,267313
890,Golden Empire 890,Action,1984,5.7,562997
2651,Fallen Mirage 2651,Documentary,1978,4.2,1324135
7976,Rising Legacy 7976,Horror,2011,5.8,345338
210,Dark Signal 210,Fantasy,1987,7.9,313923
5797,Burning Journey 5797,SciFi,1972,8.1,473751
1385,Eternal Signal 1385,SciFi,2005,6.6,155758
8480,Last Empire 8480,SciFi,2016,6.7,730840
880,Crimson Legacy 880,Romance,1991,6.1,498170
8723,Silent Harbor 8723,Animation,2009,5.7,230916
9628,Crimson Mirage 9628,Horror,2009,7.1,578653
7799,Secret Frontier 7799,Animation,1989,5.6,451115
8668,Hidden Empire 8668,Animation,2025,6.4,520378
9565,Distant Legacy 9565,Action,1999,6.2,336978
9860,Golden Legacy 9860,Fantasy,2013,6.3,864365
7241,Distant Paradox 7241,Fantasy,1988,8.5,557671
3446,Eternal Requiem 3446,SciFi,1998,7.8,709995
8113,Crimson Legacy 8113,Horror,2007,8.6,358741
8181,Frozen Odyssey 8181,Thriller,2016,6.5,157323
5312,Neon Echo 5312,Action,2006,7.3,463871
973,Lost Harbor 973,Comedy,2024,5.7,619574
2883,Golden Frontier 2883,Fantasy,2003,6.7,551554
6146,Lost Reflection 6146,SciFi,1983,7.7,0
4683,Endless Frontier 4683,Thriller,1991,5.9,632230
9298,Hidden Horizon 9298,Horror,1991,6.8,82446
2645,Dark Harbor 2645,Horror,1979,5.5,169337
5834,Hidden Frontier 5834,Comedy,1970,9.7,0
6359,Distant Legacy 6359,Horror,2026,5.9,650764
8296,Eternal Signal 8296,Thriller,1994,6.0,502628
2090,Silent Echo 2090,SciFi,2009,4.9,63870
4945,Wild Echo 4945,Documentary,1975,6.8,583674
8041,Burning Empire 8041,Drama,2002,7.4,704843
1663,Endless Empire 1663,Romance,2014,6.7,618791
9678,Distant Paradox 9678,Action,2026,6.1,778538
6916,Frozen Chronicles 6916,Romance,2019,6.7,981415
1183,Secret Reflection 1183,Documentary,1991,7.8,225301
2906,Dark Passage 2906,Comedy,1973,6.3,866801
2919,Burning Shadow 2919,Animation,1992,6.0,426543
2414,Endless Storm 2414,Action,2018,8.5,658922
4922,Quiet Chronicles 4922,Comedy,1995,5.9,741178
6872,Silent Requiem 6872,Romance,2008,7.4,276736
3111,Burning Reflection 3111,Horror,1989,5.9,104626
5110,Rising Paradox 5110,Fantasy,2018,6.6,144276
2533,Fallen Frontier 2533,Comedy,2017,6.5,0
4141,Neon Harbor 4141,Horror,1978,5.7,478834
2731,Lost Requiem 2731,Animation,1980,7.3,184547
7594,Endless Harbor 7594,Animation,1989,6.6,740939
5542,Rising Signal 5542,Documentary,2021,5.9,702284
7052,Rising Verdict 7052,Horror,1978,7.9,846882
899,Crimson Legacy 899,Action,2024,9.4,422292
5668,Forgotten Frontier 5668,Romance,2011,6.5,724832
2013,Forgotten Storm 2013,Fantasy,2003,6.8,424099
1449,Distant Verdict 1449,Action,1992,6.2,562468
4753,Silent Shadow 4753,Drama,1976,6.7,370311
8141,Golden Legacy 8141,Documentary,2020,5.5,530941
9545,Fallen Echo 9545,Comedy,2008,7.6,0
3887,Endless Journey 3887,Drama,2018,7.9,762989
3581,Frozen Reflection 3581,SciFi,2001,7.8,952521
5858,Neon Descent 5858,Action,2015,5.4,0
7583,Neon Journey 7583,Animation,1984,5.5,553009
486,Secret Legacy 486,Documentary,2018,7.9,1186888
9219,Golden Horizon 9219,SciFi,1988,5.3,702067
8387,Neon Requiem 8387,Thriller,1999,4.6,961885
6466,Eternal Kingdom 6466,Romance,2002,6.0,602863
7009,Endless Storm 7009,Animation,1976,6.4,589445
8570,Quiet Paradox 8570,Thriller,1993,5.4,207812
1504,Golden Mirage 1504,Animation,2007,7.4,453946
6686,Crimson Odyssey 6686,Drama,1999,7.9,237468
1256,Endless Passage 1256,Action,2001,6.0,421128
5259,Fallen Empire 5259,Horror,1987,6.9,340307
9291,Silent Passage 9291,Thriller,1993,4.4,387328
4370,Crimson Odyssey 4370,Fantasy,1987,5.2,628646
4153,Fallen Harbor 4153,Animation,1991,7.3,293718
9717,Secret Journey 9717,Comedy,1980,5.4,100244
3657,Golden Reflection 3657,Comedy,2019,6.4,725259
2611,Lost Chronicles 2611,Action,1990,6.3,44469
3006,Wild Shadow 3006,Documentary,2010,7.9,734500
9559,Silent Journey 9559,SciFi,2004,5.9,219964
9198,Wild Chronicles 9198,Horror,2000,6.6,1189720
659,Quiet Requiem 659,Drama,2025,8.5,661304
9041,Forgotten Legacy 9041,Romance,1973,5.2,19268
679,Quiet Odyssey 679,Drama,2006,5.4,421168
7450,Forgotten Shadow 7450,Animation,2021,8.7,700615
8932,Fallen Reflection 8932,Romance,1999,6.0,486315
2821,Rising Harbor 2821,Action,2004,7.6,530336
2932,Last Harbor 2932,Fantasy,2006,5.5,691711
5066,Endless Signal 5066,Drama,1979,7.7,271969
7898,Frozen Legacy 7898,Fantasy,1971,7.0,632505
7299,Broken Passage 7299,Documentary,1985,7.2,408007
3937,Crimson Passage 3937,Horror,2022,8.4,334924
3862,Endless Paradox 3862,Action,1987,5.5,307228
7511,Rising Shadow 7511,Romance,2004,7.1,178358
6109,Crimson Horizon 6109,Comedy,2015,6.7,845336
6269,Endless Frontier 6269,Action,1979,6.5,731259
260,Last Requiem 260,Action,1993,7.1,725616
7599,Lost Chronicles 7599,Action,2016,5.6,553286
4940,Quiet Descent 4940,Romance,1976,6.8,277154
1225,Quiet Echo 1225,Drama,2001,7.8,0
8027,Last Horizon 8027,Animation,1987,6.0,783138
8530,Wild Journey 8530,Action,1988,5.1,37939
8117,Secret Reflection 8117,Comedy,2019,7.1,906371
3573,Forgotten Reflection 3573,SciFi,1970,8.6,229590
3041,Secret Signal 3041,Comedy,2012,8.6,65752
7135,Broken Legacy 7135,Horror,1972,8.0,515230
2309,Rising Signal 2309,Animation,1971,8.6,369596
2290,Rising Echo 2290,Comedy,1982,9.6,1190292
5495,Lost Horizon 5495,Documentary,1994,7.7,1121059
9001,Quiet Journey 9001,Fantasy,2014,5.0,914796
6996,Last Journey 6996,Documentary,1997,6.8,411853
404,Burning Reflection 404,Animation,2012,7.5,521451
5970,Rising Echo 5970,Comedy,2019,5.4,943403
2562,Burning Signal 2562,Horror,2006,5.6,638470
2202,Crimson Harbor 2202,Animation,2024,7.1,291153
40,Wild Passage 40,Romance,1993,7.3,567507
7405,Lost Verdict 7405,Action,1993,6.3,285030
7413,Eternal Mirage 7413,Drama,1976,5.9,449207
1235,Frozen Shadow 1235,Drama,1985,6.4,528302
4893,Distant Echo 4893,Action,2007,8.3,562096
6370,Neon Empire 6370,Horror,2023,6.7,539159
7857,Silent Mirage 7857,Action,2003,7.2,472783
2892,Lost Verdict 2892,Romance,1991,7.4,371526
3574,Quiet Verdict 3574,Drama,1974,8.5,572754
7048,Golden Frontier 7048,Fantasy,2017,7.3,238035
877,Lost Legacy 877,Documentary,1991,7.8,623602
6515,Frozen Empire 6515,Thriller,2023,5.1,685631
1726,Neon Legacy 1726,Thriller,1975,6.6,1017631
7396,Fallen Odyssey 7396,Romance,2020,5.0,395733
8641,Crimson Storm 8641,SciFi,1995,7.4,413462
811,Last Mirage 811,Comedy,2014,6.4,576373
7446,Hidden Descent 7446,Comedy,1978,6.9,500829
1403,Distant Chronicles 1403,Drama,1981,6.9,437205
1394,Golden Descent 1394,Horror,2012,8.3,0
4517,Lost Chronicles 4517,Drama,1984,8.5,457193
8545,Last Reflection 8545,Animation,2006,5.1,810327
9139,Forgotten Reflection 9139,Animation,1984,8.1,596671
1724,Dark Verdict 1724,SciFi,2012,7.7,801979
129,Crimson Signal 129,Action,2001,6.3,1274285
5389,Silent Journey 5389,Animation,2003,7.1,670079
2507,Distant Harbor 2507,Horror,1993,6.8,1163331
4622,Forgotten Mirage 4622,Romance,2014,7.3,609098
9688,Lost Empire 9688,Romance,1987,5.9,317080
2619,Broken Requiem 2619,Romance,2005,6.0,455716
6845,Forgotten Passage 6845,Action,2012,7.4,588717
2745,Frozen Journey 2745,Comedy,2019,8.4,915594
2597,Silent Requiem 2597,Romance,1994,8.1,488003
2802,Golden Signal 2802,Romance,1985,6.3,282885
9207,Forgotten Kingdom 9207,Romance,1985,6.1,0
2609,Silent Mirage 2609,Animation,1993,9.3,619159
6665,Golden Echo 6665,Fantasy,1972,7.1,563743
7082,Forgotten Odyssey 7082,Animation,1973,7.4,129865
4393,Dark Shadow 4393,Action,1974,5.9,45002
765,Last Signal 765,Romance,2000,9.4,6490
4768,Golden Descent 4768,Thriller,1988,6.1,816549
2705,Distant Empire 2705,Comedy,1988,7.6,313528
2275,Secret Empire 2275,Thriller,2012,7.8,301552
6041,Last Frontier 6041,Horror,2003,8.3,1194203
2923,Broken Harbor 2923,Drama,2020,8.9,845857
4621,Rising Reflection 4621,Thriller,1983,8.2,571529
412,Forgotten Storm 412,Thriller,2017,8.1,697776
1201,Endless Requiem 1201,Animation,1975,4.8,801629
2284,Frozen Signal 2284,Comedy,1976,9.1,549942
7039,Crimson Storm 7039,Horror,1995,5.1,982660
9613,Broken Passage 9613,Animation,2018,5.4,645248
2887,Dark Signal 2887,Horror,1982,7.4,747401
2138,Rising Echo 2138,Documentary,1992,7.0,641794
4657,Eternal Shadow 4657,Fantasy,1980,7.6,1017098
4713,Quiet Signal 4713,Action,1992,7.3,1116592
7584,Frozen Paradox 7584,Horror,1982,6.3,276522
2468,Hidden Empire 2468,Drama,1983,5.1,316322
291,Golden Frontier 291,Romance,2020,7.4,309114
5191,Frozen Passage 5191,Horror,2019,6.8,587964
997,Broken Reflection 997,Documentary,2008,4.9,592393
2497,Secret Echo 2497,Horror,1979,7.0,418474
2578,Lost Verdict 2578,Action,1986,5.4,606630
3712,Forgotten Signal 3712,SciFi,2000,5.8,319011
6418,Endless Signal 6418,Drama,2011,10.0,60536
9605,Fallen Empire 9605,Thriller,1984,4.3,50331
4690,Hidden Paradox 4690,Horror,2023,8.5,512788
2593,Broken Legacy 2593,Action,1986,7.5,568910
3438,Broken Chronicles 3438,Drama,1992,7.3,63738
4397,Dark Mirage 4397,Action,1985,6.8,583256
4580,Broken Mirage 4580,Fantasy,1981,4.7,634465
7323,Rising Horizon 7323,Animation,1974,7.3,801373
5231,Eternal Horizon 5231,Horror,1993,5.4,544334
9840,Golden Requiem 9840,Romance,2014,6.2,994587
4838,Rising Signal 4838,Fantasy,1977,6.5,535935
5431,Lost Storm 5431,Fantasy,2005,5.9,556825
7031,Silent Kingdom 7031,Action,1986,9.3,1242534
3885,Eternal Descent 3885,Comedy,2011,6.4,361109
361,Secret Frontier 361,Action,1976,8.0,897153
1253,Forgotten Echo 1253,Comedy,2007,6.8,0
9902,Silent Mirage 9902,SciFi,1995,7.4,208934
8280,Neon Shadow 8280,Horror,2009,8.3,372912
3011,Crimson Signal 3011,Action,2000,7.0,916489
1204,Broken Mirage 1204,Horror,1982,7.4,1367856
3450,Quiet Frontier 3450,Romance,1996,7.4,843978
4886,Burning Requiem 4886,Comedy,1999,6.5,589487
1392,Rising Passage 1392,Fantasy,1989,5.3,429289
7014,Crimson Harbor 7014,Romance,2006,7.0,849803
9746,Last Legacy 9746,Documentary,1983,8.1,183873
5065,Silent Legacy 5065,Animation,2018,7.9,423858
4633,Crimson Legacy 4633,Documentary,1980,6.0,881846
9087,Neon Shadow 9087,Animation,1974,7.2,451472
5358,Neon Odyssey 5358,SciFi,2022,5.8,562220
3370,Wild Echo 3370,Action,1986,4.8,572236
2833,Fallen Echo 2833,SciFi,2003,8.3,412064
6908,Silent Shadow 6908,Thriller,1991,7.2,790583
8589,Lost Chronicles 8589,Horror,1983,5.0,444969
9951,Silent Storm 9951,Drama,1980,6.0,0
1180,Last Descent 1180,Drama,2023,5.5,904410
7770,Quiet Shadow 7770,Documentary,1998,7.2,467905
3226,Neon Frontier 3226,SciFi,1976,7.8,128750
8221,Last Shadow 8221,Animation,2025,7.2,758334
2666,Dark Legacy 2666,Animation,1984,5.1,210108
8499,Broken Mirage 8499,Drama,2025,7.4,789528
7418,Eternal Shadow 7418,Fantasy,1984,6.5,618956
1981,Quiet Legacy 1981,Animation,1999,6.2,161269
2978,Wild Passage 2978,Comedy,2005,6.7,962119
7551,Hidden Chronicles 7551,Thriller,1999,6.8,399955
7989,Secret Legacy 7989,Documentary,1973,7.6,679262
330,Broken Kingdom 330,Action,1973,8.5,540212
1572,Fallen Shadow 1572,Documentary,1974,7.5,943396
2034,Eternal Empire 2034,Animation,1999,6.9,425845
9247,Secret Legacy 9247,Romance,1970,5.9,505001
6101,Endless Paradox 6101,SciFi,2023,8.0,799992
71,Fallen Frontier 71,Romance,1975,6.4,1028949
978,Neon Signal 978,Horror,2002,9.0,292937
232,Neon Empire 232,Animation,1989,8.3,664095
5150,Broken Echo 5150,Horror,2010,7.7,96402
5240,Golden Legacy 5240,Romance,1989,6.4,886138
1559,Wild Verdict 1559,Action,1986,9.4,482489
8507,Forgotten Odyssey 8507,Romance,1998,9.1,523231
9692,Hidden Empire 9692,Thriller,2023,7.3,100242
9948,Eternal Requiem 9948,SciFi,1978,10.0,196838
3514,Last Echo 3514,Drama,2010,7.5,59831
2848,Crimson Journey 2848,Thriller,2010,5.3,641608
8095,Golden Descent 8095,Horror,2018,5.5,0
3139,Forgotten Verdict 3139,Thriller,1981,5.8,234547
9089,Neon Signal 9089,Animation,2022,5.6,817016
9581,Frozen Paradox 9581,Documentary,1970,7.4,285067
8000,Fallen Reflection 8000,SciFi,2008,7.8,520558
3953,Fallen Odyssey 3953,Comedy,1978,7.7,785331
5685,Endless Horizon 5685,Romance,2022,5.0,0
2913,Eternal Requiem 2913,Animation,1984,6.5,458968
4346,Hidden Requiem 4346,Fantasy,1980,5.5,718933
5135,Secret Signal 5135,SciFi,2025,7.0,461910
465,Fallen Reflection 465,SciFi,2000,5.9,493463
2554,Rising Reflection 2554,Thriller,1971,5.7,344810
6301,Dark Storm 6301,Comedy,1977,7.3,777330
8420,Forgotten Signal 8420,Animation,1970,8.2,127841
325,Last Frontier 325,Thriller,1979,5.9,273479
1193,Fallen Signal 1193,Fantasy,1997,8.7,241354
5682,Broken Requiem 5682,Action,2003,4.3,869656
5280,Fallen Echo 5280,Horror,1991,7.7,260214
9615,Quiet Legacy 9615,Action,2015,6.2,337717
887,Rising Signal 887,Action,1971,6.8,564854
3232,Golden Frontier 3232,Documentary,1986,5.9,378114
2461,Hidden Harbor 2461,Animation,1981,8.1,469463
2302,Endless Frontier 2302,Fantasy,1971,8.6,474195
7151,Crimson Harbor 7151,Comedy,2023,6.6,544143
8205,Endless Descent 8205,Thriller,2008,7.0,1068449
2838,Rising Empire 2838,SciFi,1985,7.4,557404
5794,Secret Chronicles 5794,SciFi,1987,5.8,651452
234,Quiet Shadow 234,Documentary,1981,6.9,639894
468,Hidden Echo 468,Comedy,2004,8.0,107311
7565,Dark Chronicles 7565,Romance,2003,6.4,0
3032,Forgotten Odyssey 3032,SciFi,1978,5.9,223579
9154,Lost Journey 9154,Horror,1997,7.7,207007
4091,Distant Paradox 4091,Documentary,2008,8.5,717142
9341,Quiet Paradox 9341,Romance,1996,7.1,565601
2602,Eternal Odyssey 2602,Romance,2006,6.9,676103
89,Crimson Shadow 89,Drama,1995,5.8,344245
1772,Endless Horizon 1772,Drama,1998,7.0,721371
3157,Rising Journey 3157,Documentary,1993,7.2,473815
9731,Fallen Shadow 9731,Drama,1975,6.4,677391
5530,Dark Legacy 5530,SciFi,1985,5.7,213299
9647,Crimson Frontier 9647,Action,1998,6.4,610432
8516,Crimson Kingdom 8516,Horror,1997,8.2,535351
7420,Forgotten Harbor 7420,Fantasy,1991,5.5,250581
6835,Rising Echo 6835,Comedy,2011,7.4,102732
8311,Wild Descent 8311,Fantasy,1992,6.1,511893
3564,Forgotten Verdict 3564,Horror,1989,5.4,314670
6166,Frozen Empire 6166,Comedy,1995,7.2,844312
9706,Rising Empire 9706,Action,2020,8.3,566436
554,Distant Kingdom 554,Romance,2012,5.2,1302752
8380,Secret Passage 8380,Documentary,2002,6.3,873513
1794,Distant Descent 1794,Fantasy,1972,6.6,231025
2972,Quiet Odyssey 2972,Fantasy,2002,8.7,746580
7586,Neon Chronicles 7586,Drama,1988,6.6,611360
7208,Eternal Reflection 7208,Drama,2001,9.1,640960
9186,Fallen Paradox 9186,Thriller,1976,4.5,488999
9000,Dark Descent 9000,Horror,2004,6.2,333652
7647,Secret Passage 7647,Documentary,2002,7.1,529593
5412,Distant Kingdom 5412,Comedy,1974,7.1,223090
9557,Crimson Shadow 9557,Animation,2005,7.4,482316
6429,Secret Reflection 6429,Romance,1983,8.1,238157
5724,Broken Frontier 5724,SciFi,2023,6.2,305707
8849,Rising Descent 8849,Animation,2013,9.2,0
6234,Endless Echo 6234,Comedy,2009,9.4,568027
5678,Wild Journey 5678,Comedy,2006,8.4,571447
1756,Burning Mirage 1756,Romance,2014,7.6,546954
8618,Lost Echo 8618,Comedy,1980,5.8,678658
4262,Distant Odyssey 4262,SciFi,1979,8.1,488945
4148,Golden Paradox 4148,Horror,2006,7.0,74704
7363,Burning Passage 7363,Documentary,2004,6.8,581087
1755,Fallen Harbor 1755,Thriller,2020,7.0,234859
3726,Silent Paradox 3726,Fantasy,2008,6.0,450165
6416,Forgotten Odyssey 6416,Drama,2004,7.2,433337
8045,Endless Signal 8045,Action,1971,7.8,233431
7827,Quiet Mirage 7827,Drama,1997,5.3,252004
2204,Golden Horizon 2204,Thriller,2021,3.7,834849
407,Rising Kingdom 407,Fantasy,1976,6.8,863630
5716,Eternal Paradox 5716,Thriller,2011,7.5,923744
4017,Frozen Shadow 4017,Horror,2006,6.7,224895
7669,Distant Shadow 7669,Horror,2009,5.1,144637
2896,Silent Journey 2896,Drama,1974,5.9,37869
1923,Burning Legacy 1923,Drama,1983,4.7,777427
7494,Last Requiem 7494,Thriller,2026,5.4,667517
619,Broken Signal 619,Horror,1993,7.9,18493
8807,Hidden Passage 8807,Thriller,1990,8.7,367387
2706,Frozen Journey 2706,Romance,2006,6.5,277030
4252,Broken Paradox 4252,SciFi,2000,8.9,909922
7297,Silent Descent 7297,Animation,2008,8.3,381431
721,Crimson Signal 721,Drama,2023,4.8,244833
1807,Forgotten Storm 1807,Horror,2009,6.6,744740
8638,Forgotten Legacy 8638,Horror,1974,5.4,425058
5517,Neon Shadow 5517,Romance,2013,6.8,695148
2964,Silent Requiem 2964,Horror,1992,6.0,874416
7501,Secret Legacy 7501,Action,1999,6.6,189987
3579,Wild Chronicles 3579,Animation,2016,8.2,665553
1185,Forgotten Chronicles 1185,Comedy,1987,7.5,1146957
1158,Neon Passage 1158,SciFi,2007,4.9,687827
42,Neon Horizon 42,Documentary,2011,5.8,857696
7143,Hidden Verdict 7143,Comedy,2002,4.8,651714
2335,Eternal Verdict 2335,Documentary,1994,6.7,1040521
4557,Eternal Storm 4557,Animation,1985,6.6,588267
8201,Quiet Horizon 8201,Documentary,1992,6.2,1077684
2521,Eternal Kingdom 2521,Fantasy,2024,8.1,682696
609,Neon Verdict 609,Thriller,2022,7.0,641327
2840,Crimson Echo 2840,Thriller,1980,6.7,739668
1805,Dark Passage 1805,Fantasy,1999,6.1,0
4477,Hidden Chronicles 4477,Horror,2005,7.6,839043
4783,Burning Empire 4783,Thriller,1983,5.9,114244
7286,Forgotten Empire 7286,Comedy,2016,6.8,345945
8818,Crimson Verdict 8818,Animation,1984,5.6,308991
4764,Fallen Kingdom 4764,Action,1982,5.2,273962
9608,Hidden Frontier 9608,Fantasy,1995,8.0,615027
3550,Hidden Legacy 3550,Drama,2018,5.4,367872
5796,Dark Passage 5796,Documentary,1995,6.9,203869
2027,Crimson Requiem 2027,Thriller,1982,7.4,551291
2269,Hidden Requiem 2269,Drama,2021,8.3,455706
1507,Quiet Legacy 1507,SciFi,2019,6.7,0
2330,Rising Harbor 2330,Thriller,2017,4.0,443629
4436,Forgotten Journey 4436,Comedy,2016,8.3,407547
8993,Quiet Frontier 8993,SciFi,1995,6.7,509463
9131,Eternal Passage 9131,Action,2009,6.9,597979
5224,Distant Shadow 5224,Romance,2008,5.2,126412
5836,Eternal Frontier 5836,Drama,2004,5.7,354311
2169,Crimson Legacy 2169,SciFi,1988,4.4,689516
1241,Quiet Shadow 1241,Fantasy,1998,7.4,324414
9978,Secret Harbor 9978,Drama,1977,5.1,571813
2965,Dark Odyssey 2965,Documentary,2018,8.6,338144
4037,Crimson Shadow 4037,Drama,1970,7.9,526138
8751,Frozen Horizon 8751,Fantasy,1974,5.5,554057
3421,Eternal Harbor 3421,SciFi,1979,7.7,1036271
8130,Distant Verdict 8130,Horror,1988,7.8,636623
5341,Fallen Storm 5341,Thriller,1976,5.2,427090
5558,Neon Mirage 5558,Romance,1984,7.0,390061
6383,Wild Reflection 6383,Horror,2000,4.4,416930
4528,Fallen Odyssey 4528,Action,1977,3.1,264729
7083,Eternal Verdict 7083,Thriller,2015,4.9,91068
7621,Broken Paradox 7621,Romance,1971,7.0,264128
783,Endless Journey 783,Comedy,1981,7.7,788428
4150,Silent Descent 4150,Romance,2015,4.8,72644
9637,Silent Horizon 9637,SciFi,1986,9.7,325122
6798,Lost Chronicles 6798,SciFi,1999,6.0,651803
9811,Lost Chronicles 9811,Animation,2019,5.9,670201
1331,Wild Journey 1331,Romance,2007,7.6,72508
1179,Rising Passage 1179,Action,2023,8.4,723062
8174,Silent Frontier 8174,Romance,2015,8.0,311356
9603,Crimson Journey 9603,Fantasy,1996,8.0,0
8912,Last Mirage 8912,Documentary,1972,6.6,859202
8624,Eternal Odyssey 8624,Comedy,1990,6.5,760152
8899,Dark Reflection 8899,Comedy,1981,6.8,526702
7590,Hidden Journey 7590,Romance,2012,7.3,245527
7093,Frozen Signal 7093,Comedy,2018,7.7,721159
9625,Hidden Echo 9625,Animation,2003,5.9,468574
2710,Distant Kingdom 2710,Documentary,1990,8.1,536644
2641,Secret Passage 2641,Documentary,1996,6.5,169617
5956,Last Shadow 5956,Horror,1999,8.9,0
5662,Last Reflection 5662,Romance,1995,6.7,949760
120,Burning Passage 120,Fantasy,2018,8.4,962995
3292,Eternal Kingdom 3292,Horror,2007,8.1,520973
8577,Secret Passage 8577,Horror,2019,7.5,75470
9163,Forgotten Shadow 9163,Drama,1989,7.9,527536
7704,Eternal Paradox 7704,Romance,2006,7.4,872061
911,Distant Reflection 911,Horror,1973,7.8,0
2566,Golden Verdict 2566,Thriller,1972,4.5,624910
3332,Broken Verdict 3332,Animation,1994,4.6,755163
3358,Burning Shadow 3358,SciFi,2008,5.1,707360
6873,Quiet Horizon 6873,Comedy,1993,7.3,619916
4338,Forgotten Horizon 4338,Thriller,2025,7.3,360959
9680,Wild Frontier 9680,Thriller,2013,8.0,532632
7312,Burning Reflection 7312,Documentary,1977,5.9,713211
1563,Last Paradox 1563,SciFi,2001,5.5,641556
6923,Broken Shadow 6923,Horror,1978,5.9,701269
6230,Quiet Signal 6230,Action,1989,8.6,439733
1268,Distant Horizon 1268,Action,1998,6.3,203344
3748,Forgotten Harbor 3748,Comedy,1975,5.8,1037495
7607,Silent Kingdom 7607,Documentary,1989,7.7,624494
2078,Wild Requiem 2078,Thriller,1994,7.9,634397
7563,Endless Verdict 7563,Romance,2007,8.6,294668
9079,Fallen Reflection 9079,Horror,2010,6.1,450111
5655,Broken Legacy 5655,Horror,1999,7.7,574606
8473,Golden Shadow 8473,Comedy,1986,7.3,597663
2644,Secret Echo 2644,Romance,1996,8.8,735204
3516,Last Paradox 3516,SciFi,1986,7.1,45634
6915,Burning Frontier 6915,Action,2002,6.4,81894
4357,Wild Requiem 4357,SciFi,1996,6.3,684559
639,Fallen Horizon 639,Comedy,2001,8.5,764271
4047,Silent Kingdom 4047,Fantasy,2020,8.4,793661
3850,Secret Odyssey 3850,Thriller,1971,5.8,283194
551,Lost Requiem 551,Fantasy,2010,8.5,809713
1408,Frozen Paradox 1408,SciFi,2022,6.9,223681
1244,Frozen Signal 1244,Horror,2011,8.0,798980
2272,Neon Mirage 2272,Animation,2024,4.3,441901
9627,Lost Frontier 9627,Fantasy,1980,7.5,270905
8835,Neon Mirage 8835,Documentary,1983,5.7,144714
115,Fallen Shadow 115,Romance,1997,6.9,0
7374,Distant Echo 7374,Drama,2006,6.9,139740
5168,Eternal Odyssey 5168,Animation,2026,5.7,284613
1085,Last Chronicles 1085,Documentary,2025,6.8,519102
8740,Crimson Echo 8740,SciFi,2015,6.8,840705
6078,Eternal Verdict 6078,Drama,1972,6.6,561882
6227,Secret Harbor 6227,Animation,1972,5.2,503647
3892,Lost Echo 3892,Comedy,1979,7.0,305005
6052,Silent Journey 6052,Horror,1976,6.3,415575
7808,Fallen Legacy 7808,Thriller,1997,7.1,437707
7330,Rising Passage 7330,Action,2013,7.8,893724
9973,Distant Legacy 9973,Comedy,1996,6.0,210921
8163,Last Descent 8163,Thriller,2016,7.7,304940
4349,Distant Frontier 4349,Drama,1977,6.5,430629
9165,Eternal Empire 9165,Documentary,2007,6.2,714522
7350,Fallen Mirage 7350,Comedy,2011,6.2,722453
9234,Rising Mirage 9234,Animation,1979,6.9,262223
5802,Eternal Storm 5802,Animation,1996,6.8,949095
345,Rising Shadow 345,Animation,2021,6.5,585213
8627,Eternal Descent 8627,Documentary,1983,7.4,548691
8700,Fallen Chronicles 8700,Horror,2011,5.4,465628
4367,Rising Descent 4367,Animation,2018,6.1,264504
5235,Rising Kingdom 5235,Documentary,1970,6.1,703968
3282,Burning Kingdom 3282,Drama,2017,6.4,712900
1657,Rising Mirage 1657,Documentary,1974,7.5,808694
8934,Forgotten Frontier 8934,Animation,2004,7.5,588832
4873,Crimson Journey 4873,Comedy,1988,7.0,737963
8011,Dark Frontier 8011,Romance,1981,9.7,963538
5933,Wild Requiem 5933,Fantasy,1973,7.3,652619
5773,Crimson Passage 5773,Comedy,2015,6.7,0
6558,Forgotten Echo 6558,SciFi,1976,6.8,101799
5954,Fallen Legacy 5954,Documentary,2003,7.7,778857
3830,Forgotten Frontier 3830,Comedy,1998,7.7,1073907
5588,Crimson Chronicles 5588,SciFi,1977,6.5,0
7038,Last Echo 7038,SciFi,2007,6.7,509762
1961,Distant Empire 1961,Documentary,2002,5.2,950566
9144,Quiet Chronicles 9144,Drama,1973,8.1,471147
2981,Golden Echo 2981,Romance,2010,6.1,306093
1732,Burning Legacy 1732,Romance,2005,7.3,767153
7234,Last Reflection 7234,Animation,1982,7.7,1066605
6895,Broken Horizon 6895,Comedy,1985,5.8,679220
6196,Distant Mirage 6196,Drama,1977,8.2,122849
5340,Last Signal 5340,Action,1992,6.3,240825
5906,Silent Signal 5906,Drama,1975,7.5,414339
1623,Burning Mirage 1623,Action,2005,5.6,875849
1684,Lost Echo 1684,Action,2008,6.8,839430
8476,Neon Frontier 8476,SciFi,2009,7.3,631811
1300,Wild Shadow 1300,Horror,1976,6.8,410679
5821,Wild Kingdom 5821,Fantasy,2006,8.9,245508
7248,Lost Passage 7248,Action,1970,5.7,299358
3643,Last Descent 3643,Romance,2022,7.5,481888
6397,Burning Signal 6397,Action,2010,7.1,660554
1397,Rising Verdict 1397,Fantasy,2016,6.2,965004
6161,Last Mirage 6161,Animation,2024,6.0,289706
1127,Distant Odyssey 1127,Horror,1994,6.7,635477
2127,Eternal Kingdom 2127,Thriller,2021,4.8,653704
3640,Wild Echo 3640,Thriller,1995,6.8,0
3040,Fallen Legacy 3040,Comedy,1973,6.8,487560
7782,Quiet Paradox 7782,Action,1971,7.8,625401
3529,Silent Empire 3529,Drama,1982,7.4,1045831
3028,Quiet Shadow 3028,Animation,2023,7.9,757593
8780,Eternal Kingdom 8780,Drama,1979,6.6,810575
4086,Fallen Legacy 4086,Animation,2024,7.2,719189
2246,Broken Signal 2246,Animation,1987,9.8,53505
2152,Secret Echo 2152,Animation,2001,5.2,559712
3108,Last Verdict 3108,Documentary,2017,6.2,883195
4968,Eternal Paradox 4968,Fantasy,1984,5.4,357047
7408,Dark Signal 7408,Thriller,2021,6.2,829551
3810,Quiet Storm 3810,Documentary,1980,7.3,775942
5242,Golden Mirage 5242,SciFi,2006,7.5,813749
9523,Golden Empire 9523,Documentary,1998,5.4,94396
8847,Rising Passage 8847,Drama,1994,6.3,231491
2551,Secret Odyssey 2551,Drama,1996,6.0,497190
6589,Endless Legacy 6589,Comedy,1970,7.2,765809
3499,Hidden Descent 3499,Documentary,1991,4.3,553013
9659,Last Kingdom 9659,Animation,2001,6.9,887110
1632,Forgotten Descent 1632,SciFi,1980,6.9,605044
2532,Last Harbor 2532,Drama,1998,7.5,484788
4218,Last Descent 4218,Animation,2002,7.5,817792
1469,Fallen Chronicles 1469,Comedy,2026,6.9,317141
4093,Neon Frontier 4093,Romance,2005,5.7,8199
7719,Distant Signal 7719,Drama,1974,5.6,352286
6978,Burning Reflection 6978,Romance,2022,7.6,470287
5675,Golden Shadow 5675,Action,2012,7.0,590645
703,Neon Chronicles 703,Documentary,1979,6.4,678758
4652,Endless Shadow 4652,Action,1982,5.4,754508
3439,Neon Frontier 3439,Romance,1994,6.6,309442
9037,Wild Paradox 9037,SciFi,1974,6.5,106050
5514,Fallen Mirage 5514,Thriller,2021,5.8,598172
1522,Silent Empire 1522,Fantasy,1982,5.2,162362
9308,Endless Chronicles 9308,Fantasy,2013,5.1,98882
128,Silent Requiem 128,Horror,1996,6.8,294082
4341,Dark Reflection 4341,Fantasy,1995,7.2,243294
5804,Fallen Chronicles 5804,Comedy,1977,7.3,222050
9172,Rising Descent 9172,Comedy,2016,8.8,453854
5737,Frozen Storm 5737,Thriller,1997,7.4,94160
8926,Endless Descent 8926,SciFi,1999,8.9,575403
7187,Secret Odyssey 7187,Animation,1975,6.6,208369
7665,Endless Reflection 7665,Comedy,1987,6.2,545902
6784,Crimson Paradox 6784,Romance,1977,7.3,138060
9294,Secret Horizon 9294,Romance,2023,6.2,468326
7806,Broken Verdict 7806,SciFi,1970,6.9,0
9486,Quiet Legacy 9486,Documentary,2016,6.6,569005
9147,Eternal Signal 9147,Drama,2025,7.1,823089
368,Distant Signal 368,Thriller,2000,7.7,690235
6201,Hidden Reflection 6201,Documentary,2004,6.1,712322
6937,Last Frontier 6937,Horror,1985,7.7,0
7592,Lost Harbor 7592,Thriller,2002,6.8,756321
2986,Wild Descent 2986,Fantasy,1986,7.5,197984
6163,Frozen Storm 6163,Animation,1971,7.2,525057
5395,Distant Verdict 5395,Fantasy,1992,7.9,593080
722,Rising Harbor 722,Drama,1982,4.4,438340
3584,Fallen Odyssey 3584,SciFi,2025,6.4,634168
4045,Rising Mirage 4045,Fantasy,1995,7.5,225679
9224,Endless Kingdom 9224,Animation,1971,6.1,592866
1525,Frozen Harbor 1525,Documentary,1972,6.0,392063
963,Fallen Storm 963,Action,1993,6.9,393584
2188,Eternal Storm 2188,Drama,2006,6.6,187582
265,Crimson Paradox 265,Thriller,1978,5.9,871768
3692,Distant Signal 3692,Fantasy,1979,6.2,641368
3624,Fallen Odyssey 3624,Romance,2009,7.7,459425
2337,Crimson Harbor 2337,Thriller,1975,5.9,711527
9901,Last Odyssey 9901,Romance,2021,8.1,177388
5950,Golden Odyssey 5950,Romance,1980,6.9,479738
4388,Distant Legacy 4388,Animation,2008,4.8,434228
2874,Last Paradox 2874,SciFi,2010,7.9,451798
8701,Quiet Legacy 8701,Documentary,1993,8.5,362159
3297,Last Paradox 3297,Romance,1971,7.0,538484
3809,Silent Requiem 3809,Animation,2023,4.9,502555
2266,Wild Shadow 2266,Thriller,2003,7.1,545503
5466,Secret Paradox 5466,SciFi,1975,6.4,573078
1677,Hidden Empire 1677,Fantasy,2002,9.1,358057
4572,Fallen Verdict 4572,Action,2017,7.4,812580
1599,Wild Chronicles 1599,Fantasy,1987,5.9,280669
5965,Rising Storm 5965,Comedy,1997,5.3,376971
6015,Broken Legacy 6015,Comedy,2000,8.4,712879
7068,Wild Signal 7068,Animation,1977,5.5,991634
1500,Broken Empire 1500,Thriller,2006,5.2,506789
3801,Secret Odyssey 3801,Romance,2026,6.1,544393
7245,Endless Frontier 7245,SciFi,2010,6.8,866105
3718,Secret Shadow 3718,Documentary,2002,6.3,147286
9975,Dark Reflection 9975,Comedy,1993,7.6,1507773
6600,Dark Echo 6600,Drama,1980,6.7,783117
9526,Wild Mirage 9526,Fantasy,1981,6.8,873226
9862,Distant Horizon 9862,Action,2010,6.0,338797
2055,Forgotten Paradox 2055,Fantasy,2006,5.1,1014521
7625,Hidden Shadow 7625,Fantasy,2020,6.7,388159
4996,Silent Paradox 4996,Fantasy,1976,4.9,628638
565,Broken Legacy 565,Fantasy,1973,8.7,761093
2701,Wild Kingdom 2701,Thriller,2014,5.1,377217
8532,Last Reflection 8532,SciFi,1994,6.0,199594
5489,Secret Reflection 5489,Fantasy,1970,9.8,551627
3381,Last Odyssey 3381,Comedy,1980,7.2,344915
1690,Forgotten Frontier 1690,Thriller,1995,6.0,530368
2372,Crimson Odyssey 2372,Action,1994,6.7,980311
6646,Forgotten Echo 6646,Action,1983,8.7,562016
5606,Dark Requiem 5606,Romance,2015,7.1,437043
9814,Distant Passage 9814,Comedy,1973,6.5,625953
7973,Frozen Storm 7973,Horror,1993,5.9,542082
8662,Endless Horizon 8662,Action,2011,7.7,734102
1030,Distant Frontier 1030,Action,1984,10.0,356144
2264,Eternal Reflection 2264,Action,2001,8.9,587182
2763,Silent Odyssey 2763,Fantasy,2022,5.0,685936
8702,Eternal Paradox 8702,Drama,2010,5.8,1216193
4723,Dark Horizon 4723,Romance,2016,8.6,782637
7274,Frozen Signal 7274,Comedy,1994,4.8,1180831
7251,Lost Signal 7251,Horror,1987,7.2,1001225
9075,Eternal Shadow 9075,Fantasy,2026,6.8,810878
2569,Burning Echo 2569,Romance,2016,7.0,519588
9797,Broken Requiem 9797,Animation,1980,8.8,270096
8534,Last Harbor 8534,Animation,1983,5.2,538448
4578,Silent Descent 4578,Comedy,2018,6.5,599066
642,Golden Requiem 642,Action,2025,6.1,311752
6132,Burning Horizon 6132,Action,1979,5.6,353747
5293,Endless Signal 5293,Comedy,2008,6.9,1012615
8636,Rising Paradox 8636,SciFi,1992,7.6,658995
5400,Rising Echo 5400,Romance,1994,5.2,608243
561,Wild Requiem 561,Comedy,2023,4.2,562414
1972,Endless Passage 1972,Documentary,1988,7.3,526189
5712,Crimson Harbor 5712,Romance,2005,7.1,321803
2024,Frozen Storm 2024,Horror,2000,6.1,518085
3621,Burning Shadow 3621,Drama,1972,8.3,265730
3997,Burning Echo 3997,Fantasy,2025,6.3,209204
1122,Lost Signal 1122,Horror,2021,8.9,506415
9177,Eternal Passage 9177,Action,2008,7.5,213595
5852,Last Journey 5852,Comedy,2013,5.7,912965
6348,Fallen Mirage 6348,Drama,2004,6.1,0
4868,Neon Echo 4868,Romance,2010,6.4,1189306
4853,Frozen Chronicles 4853,Comedy,2011,4.5,551736
8254,Last Verdict 8254,Romance,2014,7.0,851661
8901,Silent Echo 8901,Animation,1982,7.4,573101
1135,Last Storm 1135,Documentary,1981,6.8,753441
7830,Broken Journey 7830,Drama,2012,7.5,637247
3000,Eternal Requiem 3000,Horror,2015,7.4,331895
848,Silent Paradox 848,Romance,2019,8.0,979182
389,Distant Verdict 389,Fantasy,2018,7.6,351128
5883,Golden Verdict 5883,SciFi,1989,7.5,387172
6887,Silent Horizon 6887,Fantasy,1976,7.2,539639
3870,Distant Passage 3870,Documentary,2014,6.9,747114
5702,Hidden Journey 5702,Documentary,1996,6.0,0
9801,Golden Chronicles 9801,Romance,2007,7.9,113302
6152,Wild Passage 6152,SciFi,1994,6.6,446030
7731,Neon Reflection 7731,Fantasy,1987,7.7,821836
6260,Hidden Empire 6260,Fantasy,1982,6.2,66686
2046,Burning Journey 2046,Comedy,2025,5.4,304479
4131,Lost Requiem 4131,Documentary,2006,5.4,701010
74,Hidden Passage 74,Action,1991,8.0,488839
3025,Endless Harbor 3025,Documentary,1973,7.4,795932
8442,Neon Storm 8442,Documentary,1988,4.6,982959
2870,Silent Shadow 2870,Comedy,2000,5.5,743747
5744,Forgotten Legacy 5744,Horror,2009,6.2,609035
3770,Rising Echo 3770,Drama,1976,8.2,532403
2086,Rising Storm 2086,Drama,2017,4.8,920423
3171,Silent Odyssey 3171,Thriller,1999,5.8,817972
8886,Fallen Passage 8886,SciFi,1987,7.5,815621
9670,Rising Legacy 9670,Drama,2004,7.7,428747
1294,Dark Journey 1294,Animation,2009,7.5,734212
4835,Endless Echo 4835,Action,1974,5.4,312056
5234,Distant Frontier 5234,Romance,1977,5.1,43467
7409,Silent Frontier 7409,Drama,1995,5.5,548912
2,Hidden Harbor 2,Fantasy,1973,7.5,387912
2341,Golden Reflection 2341,Action,1994,9.4,283691
7105,Rising Empire 7105,Documentary,2026,5.1,326739
1132,Hidden Frontier 1132,Comedy,2011,7.4,714855
1191,Fallen Frontier 1191,Animation,1979,7.1,339639
6612,Endless Empire 6612,Romance,2021,8.2,306052
3192,Distant Requiem 3192,Drama,1982,3.5,775409
3949,Silent Journey 3949,Animation,1986,7.8,625187
7379,Crimson Descent 7379,Animation,2013,4.6,336533
7066,Frozen Paradox 7066,SciFi,2006,7.0,950913
9447,Last Horizon 9447,Animation,2001,8.0,671287
4113,Silent Verdict 4113,Thriller,1987,6.9,560850
9531,Fallen Paradox 9531,Drama,2024,4.9,466815
5554,Crimson Storm 5554,Comedy,2003,6.5,415262
3081,Rising Descent 3081,Comedy,2005,6.6,551184
2363,Rising Reflection 2363,Romance,1975,6.8,364646
1716,Crimson Empire 1716,Animation,2015,7.0,470902
4761,Fallen Mirage 4761,Animation,1995,8.7,684027
985,Fallen Descent 985,Documentary,1987,9.1,0
3928,Eternal Verdict 3928,Documentary,1991,6.4,769695
4781,Burning Legacy 4781,Romance,1987,7.3,356948
9747,Forgotten Shadow 9747,SciFi,2015,4.9,933903
8303,Endless Paradox 8303,Comedy,1979,8.0,473166
1282,Silent Odyssey 1282,Romance,1984,6.5,680006
5433,Rising Journey 5433,Drama,1980,5.7,720801
5507,Distant Requiem 5507,Comedy,1985,5.3,390342
5081,Neon Signal 5081,SciFi,1996,7.1,256035
9142,Lost Frontier 9142,Documentary,2007,4.7,638723
5100,Quiet Mirage 5100,Thriller,1978,6.1,835605
2952,Dark Reflection 2952,Documentary,2010,6.9,224899
7697,Rising Empire 7697,Animation,1981,7.9,1001662
5411,Dark Horizon 5411,Action,2019,7.9,930338
3706,Endless Frontier 3706,Thriller,1988,6.1,566525
4705,Crimson Mirage 4705,Animation,1974,7.5,798361
5799,Dark Verdict 5799,Romance,1984,8.0,445235
2495,Hidden Verdict 2495,Thriller,1977,7.6,295582
5464,Lost Odyssey 5464,Animation,2002,4.6,451093
82,Golden Verdict 82,Romance,1973,6.9,456569
5134,Fallen Empire 5134,Documentary,2000,7.9,845964
29,Rising Journey 29,Romance,2009,9.2,597482
6699,Dark Verdict 6699,Documentary,2015,7.5,157760
8631,Hidden Chronicles 8631,Fantasy,2012,4.3,296986
2690,Eternal Kingdom 2690,Action,2022,7.8,580542
3306,Distant Odyssey 3306,Documentary,1994,9.0,220190
7951,Frozen Chronicles 7951,Romance,2000,4.5,622195
3881,Broken Mirage 3881,Animation,2007,7.7,41274
8843,Neon Paradox 8843,SciFi,1998,5.2,408557
7801,Hidden Journey 7801,Thriller,2020,4.0,283038
4656,Distant Journey 4656,Thriller,2021,6.9,476617
3101,Fallen Mirage 3101,Documentary,1997,7.1,198643
9834,Wild Journey 9834,Fantasy,2001,8.4,53394
5816,Last Requiem 5816,Romance,2004,7.9,755726
2207,Last Signal 2207,Thriller,1997,5.4,593261
1524,Last Journey 1524,SciFi,1986,6.7,209138
5497,Dark Empire 5497,Documentary,2020,7.4,586092
4125,Neon Journey 4125,Thriller,2023,7.7,335877
2063,Frozen Passage 2063,Fantasy,1991,7.9,341959
5051,Rising Empire 5051,Documentary,1993,7.4,700392
9083,Neon Kingdom 9083,SciFi,2017,7.5,346128
974,Crimson Passage 974,Thriller,2000,10.0,345172
4573,Endless Paradox 4573,SciFi,2019,6.7,601654
6733,Rising Paradox 6733,Documentary,2003,5.7,476209
5846,Quiet Storm 5846,Horror,1993,5.9,993079
2413,Frozen Verdict 2413,Animation,1996,7.0,918563
8759,Rising Storm 8759,Drama,2007,7.3,125888
1618,Broken Journey 1618,Drama,1991,6.6,489766
3883,Rising Legacy 3883,Romance,1972,6.9,246368
5053,Secret Requiem 5053,Romance,1979,5.9,467755
1583,Rising Legacy 1583,SciFi,2002,5.0,738287
9932,Quiet Storm 9932,Thriller,2000,6.4,980242
4912,Frozen Empire 4912,Action,2012,6.8,709754
1144,Burning Horizon 1144,Action,1986,5.6,196213
3547,Dark Passage 3547,Documentary,2000,5.0,546126
4206,Hidden Horizon 4206,Thriller,1979,7.0,551535
3231,Neon Shadow 3231,Action,1984,6.3,921910
8817,Wild Storm 8817,Drama,2018,6.7,744322
1439,Hidden Horizon 1439,Horror,2003,7.8,73451
7644,Dark Requiem 7644,Documentary,1990,6.7,366028
6701,Wild Legacy 6701,Animation,1970,5.9,593802
6326,Silent Shadow 6326,Documentary,1984,4.8,735935
4483,Burning Reflection 4483,SciFi,1991,7.1,845482
2380,Hidden Legacy 2380,Fantasy,1978,7.1,863000
9044,Fallen Shadow 9044,Romance,2025,6.2,224737
1814,Forgotten Legacy 1814,Drama,1979,8.3,231726
8586,Distant Odyssey 8586,Animation,2018,8.6,1044109
8410,Forgotten Descent 8410,Action,2022,5.1,294838
8687,Endless Paradox 8687,Fantasy,1970,6.4,252677
6386,Neon Empire 6386,Documentary,1988,8.0,456814
4466,Broken Kingdom 4466,Comedy,1988,6.2,868278
5607,Secret Legacy 5607,Horror,2005,5.6,510988
5294,Neon Paradox 5294,Thriller,2026,5.9,908077
2598,Neon Passage 2598,Documentary,2013,4.3,564407
6989,Burning Paradox 6989,Horror,2013,5.8,471920
6387,Neon Echo 6387,Animation,2003,8.5,492950
2618,Secret Verdict 2618,Drama,2018,8.2,733733
512,Broken Echo 512,Horror,2026,6.1,773654
382,Endless Storm 382,Drama,1983,8.0,838804
2631,Forgotten Chronicles 2631,Thriller,2008,6.1,507003
390,Hidden Frontier 390,Documentary,2002,8.9,586950
580,Rising Empire 580,SciFi,2008,6.3,627545
1383,Golden Verdict 1383,Animation,2026,6.9,326546
9591,Silent Descent 9591,Romance,2013,5.7,359958
6249,Golden Legacy 6249,Documentary,1987,5.8,495385
825,Eternal Reflection 825,Thriller,2018,5.9,690291
9351,Secret Shadow 9351,Comedy,2021,4.2,223470
3053,Frozen Frontier 3053,SciFi,2014,5.9,564738
7722,Endless Odyssey 7722,Documentary,1979,7.6,88149
4594,Eternal Mirage 4594,Comedy,2022,7.6,465741
2186,Hidden Mirage 2186,Fantasy,2015,4.6,260680
3200,Lost Kingdom 3200,Comedy,2009,6.9,463083
6583,Silent Legacy 6583,Thriller,2006,8.2,1124682
8544,Distant Reflection 8544,Horror,1986,7.0,1076306
312,Crimson Echo 312,Romance,1983,5.6,61154
3644,Silent Descent 3644,Action,1984,8.3,120757
3766,Lost Storm 3766,Animation,2020,7.1,325677
2374,Rising Paradox 2374,Horror,1994,5.4,423531
6241,Fallen Shadow 6241,SciFi,1992,6.8,872983
5787,Dark Odyssey 5787,Drama,1983,8.0,482906
7662,Forgotten Frontier 7662,SciFi,2013,5.5,608495
5261,Neon Mirage 5261,Thriller,2001,7.5,5094
8059,Secret Storm 8059,Comedy,1999,8.1,152564
5781,Distant Passage 5781,Fantasy,2004,9.2,826426
8587,Broken Passage 8587,Fantasy,1972,7.4,491877
3863,Rising Shadow 3863,Fantasy,1990,9.1,584730
9501,Fallen Legacy 9501,Fantasy,2021,6.1,268234
5018,Silent Signal 5018,Horror,1998,9.7,744210
8568,Eternal Journey 8568,Thriller,1991,7.4,571734
9722,Hidden Journey 9722,Documentary,1983,6.5,558202
2605,Golden Storm 2605,Documentary,1989,6.3,639037
1464,Golden Horizon 1464,Animation,2023,6.2,876074
1339,Broken Passage 1339,Comedy,1990,6.1,431819
7694,Crimson Harbor 7694,Drama,2019,7.1,265172
6634,Burning Shadow 6634,Romance,1992,8.2,607873
9206,Quiet Empire 9206,Thriller,2000,8.9,544215
8828,Last Kingdom 8828,Documentary,2009,7.5,544542
3590,Neon Reflection 3590,Drama,2018,5.5,451067
20,Last Empire 20,Documentary,1995,4.4,309895
7058,Quiet Odyssey 7058,Romance,1998,5.9,605766
7136,Last Journey 7136,Thriller,2021,7.6,355946
7999,Wild Verdict 7999,Animation,1987,8.0,208074
1238,Golden Verdict 1238,Comedy,1988,5.9,622027
4327,Rising Signal 4327,Comedy,1990,7.6,644683
4729,Quiet Storm 4729,Fantasy,1980,7.2,574403
1451,Burning Reflection 1451,Documentary,2014,7.6,415013
4543,Eternal Empire 4543,Horror,1980,7.5,626579
3489,Secret Journey 3489,Horror,2024,7.8,225415
1402,Frozen Mirage 1402,Comedy,2024,7.6,321073
1617,Secret Paradox 1617,Animation,2008,6.9,848968
4269,Burning Descent 4269,Animation,1984,5.8,623097
9215,Forgotten Verdict 9215,SciFi,1999,7.7,200262
8797,Frozen Signal 8797,Thriller,1983,7.0,1084805
6670,Eternal Verdict 6670,SciFi,2024,5.6,620795
4855,Fallen Paradox 4855,Comedy,1986,6.2,504656
1111,Neon Storm 1111,Animation,1970,7.5,48022
3281,Last Descent 3281,Documentary,2005,5.9,312868
4251,Frozen Storm 4251,Documentary,2008,9.0,572241
6317,Lost Frontier 6317,Drama,1985,9.6,992153
4079,Silent Reflection 4079,Horror,1999,7.6,0
7069,Burning Frontier 7069,Fantasy,1986,7.1,591314
1661,Distant Paradox 1661,Drama,2017,3.7,370902
9696,Eternal Shadow 9696,Comedy,2016,7.1,400953
667,Endless Shadow 667,Thriller,2001,6.6,750362
594,Forgotten Legacy 594,Animation,2017,5.6,901770
8200,Golden Frontier 8200,Comedy,1986,5.6,274786
4228,Golden Chronicles 4228,Documentary,2016,6.2,470038
8617,Rising Legacy 8617,Drama,2024,9.0,444772
7626,Lost Requiem 7626,Action,2011,6.8,644315
7157,Neon Shadow 7157,Romance,1978,5.3,141397
2250,Broken Horizon 2250,Thriller,1996,6.9,451823
6038,Rising Paradox 6038,SciFi,2015,5.6,427585
1064,Broken Requiem 1064,Fantasy,2003,8.7,114846
7703,Quiet Empire 7703,Documentary,2011,9.0,701095
4632,Wild Empire 4632,Fantasy,2023,5.0,564668
3311,Forgotten Reflection 3311,Action,1992,6.4,185073
847,Distant Kingdom 847,Horror,1981,5.8,871668
415,Forgotten Horizon 415,Thriller,1991,7.1,853872
8918,Quiet Frontier 8918,Romance,1991,7.9,414334
4869,Lost Shadow 4869,Thriller,1985,6.3,480708
1791,Last Verdict 1791,Animation,2002,6.4,687840
1457,Quiet Empire 1457,Documentary,1986,8.1,421308
1349,Dark Shadow 1349,SciFi,1975,7.3,1042010
1562,Rising Odyssey 1562,SciFi,1970,5.8,651257
8790,Crimson Storm 8790,Animation,2011,7.0,607288
7755,Neon Odyssey 7755,Horror,1997,5.5,866937
6546,Quiet Journey 6546,Drama,2016,7.2,428511
7860,Quiet Odyssey 7860,Fantasy,1999,7.9,0
8865,Endless Odyssey 8865,Horror,1971,7.3,942586
2699,Last Chronicles 2699,Comedy,1972,4.9,437168
9914,Fallen Journey 9914,Comedy,2023,6.5,0
7802,Distant Journey 7802,Animation,1984,6.8,761503
3911,Hidden Passage 3911,Action,2008,6.4,271013
8065,Quiet Empire 8065,Romance,1997,8.0,855937
9058,Crimson Paradox 9058,Horror,1983,5.9,830857
1213,Eternal Paradox 1213,Horror,2026,3.4,123149
1419,Dark Horizon 1419,Action,2008,7.4,283250
4887,Eternal Requiem 4887,Thriller,2006,6.6,193492
3129,Burning Passage 3129,Thriller,1994,5.3,59763
3576,Dark Journey 3576,Thriller,1977,6.9,1155482
3461,Hidden Mirage 3461,SciFi,2016,7.0,365270
2772,Distant Odyssey 2772,Thriller,1996,7.5,573037
2021,Distant Requiem 2021,Comedy,1984,7.9,488734
7646,Golden Verdict 7646,Animation,1986,7.0,786998
1427,Endless Verdict 1427,Drama,2009,7.7,236395
8528,Golden Descent 8528,Thriller,2006,7.1,679396
304,Silent Empire 304,Romance,1999,6.3,168147
5001,Wild Journey 5001,Documentary,1982,4.7,312398
9640,Hidden Verdict 9640,Documentary,2021,7.3,427161
7484,Burning Harbor 7484,Action,2013,5.6,621340
2382,Eternal Odyssey 2382,Fantasy,2022,5.9,548443
387,Dark Harbor 387,Fantasy,2008,7.5,280927
505,Eternal Harbor 505,Drama,2005,8.8,223428
6265,Forgotten Echo 6265,Action,2019,9.1,647314
4997,Rising Descent 4997,Comedy,2023,6.2,104221
7891,Rising Mirage 7891,Comedy,2000,5.8,400771
1837,Frozen Frontier 1837,Horror,1994,4.1,733160
6669,Broken Signal 6669,Documentary,1989,5.6,750841
8288,Burning Horizon 8288,Documentary,2005,6.9,422904
7676,Frozen Legacy 7676,Fantasy,1980,5.2,603348
8521,Eternal Descent 8521,Fantasy,1977,4.6,609713
7734,Golden Mirage 7734,Horror,1986,7.3,422547
2200,Rising Frontier 2200,Animation,1989,7.3,409033
6991,Secret Odyssey 6991,Thriller,2016,6.0,432737
5679,Burning Harbor 5679,SciFi,1976,6.9,675398
7321,Frozen Signal 7321,Comedy,1999,6.6,811175
4123,Crimson Empire 4123,Animation,2021,7.9,290082
3703,Silent Storm 3703,Romance,1975,6.1,546551
7117,Quiet Journey 7117,Fantasy,1990,5.9,460677
3903,Burning Frontier 3903,Documentary,2017,4.9,493795
7259,Secret Mirage 7259,Action,2012,6.5,645319
6974,Crimson Storm 6974,Thriller,1992,8.1,636664
5463,Hidden Storm 5463,Horror,1990,7.5,249503
1789,Golden Horizon 1789,Thriller,2005,6.7,681157
1002,Neon Passage 1002,Thriller,1976,5.6,669562
5907,Quiet Descent 5907,Thriller,1992,8.9,590617
7092,Rising Mirage 7092,Fantasy,2002,6.1,0
5783,Dark Frontier 5783,Romance,2024,8.8,476492
5626,Distant Shadow 5626,Fantasy,1991,8.1,107052
6737,Crimson Shadow 6737,Action,1996,7.3,413095
6406,Endless Storm 6406,Fantasy,2011,3.5,888956
9056,Secret Mirage 9056,Action,2006,7.4,502808
2755,Eternal Legacy 2755,Drama,1973,7.8,599873
1491,Fallen Passage 1491,Fantasy,2006,6.5,489487
4184,Wild Horizon 4184,Documentary,2008,6.2,836331
3814,Rising Frontier 3814,Action,2020,6.7,329034
5384,Golden Frontier 5384,Romance,2009,6.4,836801
226,Crimson Verdict 226,SciFi,1970,8.9,692177
4748,Last Paradox 4748,Animation,1985,5.9,847508
1717,Crimson Kingdom 1717,Documentary,2010,5.9,751453
3987,Eternal Kingdom 3987,Fantasy,2019,7.1,329209
2156,Golden Descent 2156,Animation,1988,9.4,461398
1505,Silent Legacy 1505,Thriller,2015,7.1,231618
9539,Golden Descent 9539,Comedy,1983,3.9,483777
7204,Eternal Paradox 7204,Comedy,1975,5.6,576635
6091,Golden Legacy 6091,Thriller,2014,6.1,746425
5057,Forgotten Horizon 5057,Action,1978,7.5,479077
3697,Last Paradox 3697,Fantasy,2023,7.1,902072
2270,Rising Paradox 2270,Romance,1972,8.7,272185
9138,Wild Passage 9138,Documentary,1986,4.9,348736
4909,Endless Empire 4909,Fantasy,1976,7.2,570923
6762,Fallen Legacy 6762,Fantasy,1985,4.9,47376
2081,Endless Echo 2081,Animation,2006,5.6,721149
7639,Forgotten Shadow 7639,Thriller,2024,4.6,499584
6896,Dark Echo 6896,Documentary,1983,5.4,27321
3369,Hidden Shadow 3369,Romance,1990,6.5,865963
1622,Broken Paradox 1622,Thriller,1975,8.1,874674
5870,Quiet Shadow 5870,SciFi,2008,6.8,160937
3869,Hidden Horizon 3869,Action,1973,7.8,9189
7191,Quiet Journey 7191,Drama,2020,8.6,0
379,Dark Harbor 379,Horror,1972,7.5,389413
883,Endless Journey 883,Comedy,2007,8.0,935746
9282,Forgotten Empire 9282,Documentary,1998,5.4,225357
2730,Frozen Frontier 2730,Horror,2010,4.8,342451
9955,Hidden Horizon 9955,Thriller,2012,6.7,484555
7535,Distant Journey 7535,Action,2014,8.0,793618
898,Distant Mirage 898,Action,1976,6.9,372270
7573,Distant Legacy 7573,SciFi,2022,6.0,754149
7620,Broken Reflection 7620,Thriller,1982,5.3,427996
5727,Crimson Descent 5727,SciFi,2006,6.3,261378
5437,Rising Echo 5437,Thriller,1980,6.9,537977
8153,Wild Shadow 8153,Fantasy,1977,7.9,495759
7478,Forgotten Passage 7478,Drama,1974,7.3,513602
8922,Dark Kingdom 8922,Thriller,2009,6.7,16423
5811,Silent Requiem 5811,Horror,2026,7.5,443261
4818,Last Legacy 4818,SciFi,1982,7.8,340838
1176,Burning Kingdom 1176,Thriller,1995,5.8,699534
9601,Distant Kingdom 9601,Animation,1993,6.3,664221
422,Neon Mirage 422,SciFi,2022,7.1,386326
417,Eternal Signal 417,Animation,1990,5.8,513255
6114,Lost Storm 6114,SciFi,2005,8.5,660589
9970,Wild Empire 9970,Comedy,2000,6.7,301777
296,Golden Echo 296,Romance,2010,5.3,282576
5947,Hidden Requiem 5947,Action,2018,7.6,804735
834,Dark Echo 834,Romance,1983,7.9,703470
2688,Eternal Paradox 2688,SciFi,1971,7.8,275305
9477,Burning Requiem 9477,SciFi,1974,4.2,833053
7557,Golden Verdict 7557,Drama,1985,6.6,373403
5254,Quiet Empire 5254,Animation,2001,7.0,554126
5345,Wild Mirage 5345,SciFi,2012,7.1,656199
789,Secret Passage 789,Thriller,1977,6.3,27533
5164,Silent Legacy 5164,Romance,2011,7.4,848596
9318,Burning Kingdom 9318,SciFi,1989,7.0,382129
3522,Secret Descent 3522,Thriller,1985,6.4,0
2854,Golden Paradox 2854,Drama,2000,6.0,470393
7826,Burning Empire 7826,Horror,2021,6.0,450052
9257,Neon Paradox 9257,Romance,2017,7.5,969221
9893,Frozen Verdict 9893,Action,1987,7.4,749168
3466,Hidden Empire 3466,Documentary,1994,9.3,318663
1069,Dark Harbor 1069,SciFi,1973,8.9,223849
8094,Neon Mirage 8094,Horror,2011,7.5,547040
5416,Fallen Passage 5416,Animation,1973,6.8,569721
5593,Rising Mirage 5593,Action,2006,6.3,762565
4176,Fallen Horizon 4176,Horror,1984,6.2,761769
7743,Neon Echo 7743,Animation,1978,7.2,234500
7229,Wild Shadow 7229,Fantasy,2021,2.4,330356
6564,Last Empire 6564,Animation,1977,7.2,0
8114,Silent Harbor 8114,Romance,1986,7.0,266412
2664,Silent Echo 2664,Romance,2019,6.5,240897
2524,Broken Harbor 2524,Documentary,1995,8.3,580785
7493,Burning Kingdom 7493,Comedy,2026,6.0,1055853
1641,Golden Empire 1641,Documentary,2023,6.9,457167
6945,Broken Harbor 6945,Comedy,1979,6.1,60903
207,Golden Horizon 207,Comedy,2009,6.6,0
4698,Endless Frontier 4698,SciFi,1987,7.9,47655
16,Last Kingdom 16,SciFi,2011,5.2,286601
3991,Endless Descent 3991,Drama,1980,8.9,271689
4120,Secret Frontier 4120,Drama,1982,6.9,49900
6281,Burning Chronicles 6281,Romance,2024,6.6,561889
688,Quiet Paradox 688,Drama,1970,5.7,1132971
5985,Golden Horizon 5985,Drama,2023,10.0,514416
1417,Burning Reflection 1417,Action,2013,8.4,760030
7162,Crimson Harbor 7162,Romance,1992,7.1,467170
9327,Frozen Frontier 9327,Action,1992,8.2,629594
8056,Endless Odyssey 8056,Action,2002,5.9,709406
9883,Neon Echo 9883,Fantasy,2022,7.1,573963
3314,Lost Harbor 3314,Horror,1974,5.3,627006
6004,Frozen Descent 6004,Drama,1971,6.9,519324
8219,Eternal Storm 8219,Romance,1970,6.7,279404
7809,Lost Legacy 7809,Animation,1989,5.0,452010
6871,Last Signal 6871,Thriller,1995,6.1,0
958,Fallen Paradox 958,Thriller,1991,7.0,333955
7574,Golden Verdict 7574,Drama,1991,5.5,167485
9924,Hidden Horizon 9924,Drama,1987,4.7,325686
5230,Quiet Odyssey 5230,Action,2017,7.4,300900
2930,Golden Harbor 2930,Animation,2021,7.8,348168
2881,Rising Frontier 2881,Action,2020,6.3,389009
1047,Last Journey 1047,Romance,1985,8.3,631488
3283,Neon Descent 3283,Comedy,2014,7.7,0
1750,Eternal Shadow 1750,Fantasy,1987,7.3,0
9779,Broken Mirage 9779,Horror,1979,5.7,869418
8133,Fallen Frontier 8133,SciFi,1990,7.1,314137
2957,Distant Paradox 2957,Romance,2022,4.4,462803
1992,Secret Journey 1992,Documentary,1992,7.8,358219
6328,Distant Reflection 6328,Fantasy,2001,8.0,873239
5050,Rising Horizon 5050,Animation,1987,7.2,265624
1627,Neon Empire 1627,Romance,2017,6.0,541594
5126,Fallen Echo 5126,Action,1991,6.8,505482
3683,Forgotten Journey 3683,Romance,2009,8.4,603361
4950,Frozen Paradox 4950,SciFi,2016,6.2,299659
4706,Last Empire 4706,Comedy,2005,8.2,938974
431,Burning Horizon 431,Action,1973,6.7,1137596
1971,Frozen Requiem 1971,Action,1977,7.7,734065
2785,Eternal Signal 2785,Thriller,2001,7.8,526221
5479,Eternal Descent 5479,Documentary,1982,8.7,815017
7122,Fallen Passage 7122,Horror,2025,6.2,618345
8452,Eternal Empire 8452,Romance,2000,8.1,999843
246,Lost Descent 246,Comedy,2026,8.6,8831
9171,Frozen Odyssey 9171,Documentary,2001,7.0,490956
2305,Broken Echo 2305,Comedy,2001,7.3,269356
4778,Golden Reflection 4778,Action,1970,7.8,572057
1730,Last Echo 1730,Fantasy,2020,8.2,265251
8629,Burning Chronicles 8629,Comedy,2011,6.2,290268
6215,Rising Verdict 6215,SciFi,2000,6.0,611515
697,Secret Chronicles 697,Fantasy,2004,5.8,148609
3989,Eternal Verdict 3989,Fantasy,2000,5.4,565803
1503,Neon Kingdom 1503,SciFi,2025,5.1,0
7028,Dark Legacy 7028,Documentary,2020,7.5,757352
7907,Endless Frontier 7907,Horror,2009,5.9,282040
8541,Distant Kingdom 8541,Drama,2022,7.3,121977
68,Secret Shadow 68,Comedy,2020,7.1,1107884
6120,Lost Harbor 6120,Horror,2016,5.8,1091804
9118,Silent Horizon 9118,SciFi,2002,7.4,721240
586,Eternal Horizon 586,SciFi,1971,6.7,819016
3914,Quiet Mirage 3914,Horror,1980,7.2,3252
7821,Hidden Odyssey 7821,Action,2010,7.1,889340
130,Golden Echo 130,Animation,2010,7.4,0
3888,Rising Descent 3888,Drama,2004,6.5,308749
7389,Forgotten Descent 7389,Documentary,2010,5.0,109463
1299,Golden Journey 1299,Thriller,2020,5.2,344885
4121,Broken Harbor 4121,Horror,2006,6.0,488599
8415,Crimson Paradox 8415,Animation,2009,9.1,281833
2396,Frozen Signal 2396,Romance,1972,7.5,613761
9332,Neon Frontier 9332,Documentary,2005,6.4,898151
5565,Dark Descent 5565,Documentary,1975,3.9,90201
6805,Last Kingdom 6805,Romance,1974,7.1,649604
4574,Forgotten Odyssey 4574,Thriller,1988,9.4,823651
9508,Burning Verdict 9508,Horror,2005,8.5,777558
2534,Secret Kingdom 2534,Fantasy,1988,8.8,488405
4470,Neon Journey 4470,Action,1973,9.3,221414
2547,Eternal Horizon 2547,Horror,2007,5.8,333534
9503,Forgotten Legacy 9503,Animation,1997,7.2,3068
2415,Lost Paradox 2415,SciFi,1999,6.2,480482
7019,Lost Kingdom 7019,Action,2024,7.8,396717
5021,Last Journey 5021,Fantasy,2020,6.9,0
5579,Lost Passage 5579,Fantasy,1994,7.6,399973
8168,Silent Harbor 8168,Horror,1977,7.0,784104
7149,Wild Echo 7149,Romance,1971,6.3,581938
1993,Golden Chronicles 1993,Animation,1997,5.1,456712
7410,Rising Paradox 7410,Romance,1983,6.2,1056096
7516,Hidden Harbor 7516,Documentary,1970,7.1,246964
2856,Distant Chronicles 2856,Horror,1990,8.3,936672
543,Quiet Verdict 543,Thriller,2025,8.2,405412
5595,Eternal Kingdom 5595,Animation,1972,7.7,491606
5042,Lost Journey 5042,Horror,2000,6.0,792536
4754,Hidden Verdict 4754,Action,1985,5.5,235859
7354,Silent Journey 7354,Romance,2019,5.6,123918
4257,Secret Frontier 4257,Drama,1994,5.4,485456
5829,Silent Passage 5829,Romance,2017,6.5,98588
4583,Fallen Paradox 4583,Drama,2006,6.4,32044
6181,Golden Storm 6181,SciFi,2008,6.2,521842
5670,Fallen Verdict 5670,Romance,1980,6.4,668960
1588,Crimson Frontier 1588,Horror,2010,6.5,259507
4225,Silent Storm 4225,Horror,1975,7.2,217444
1091,Neon Harbor 1091,Comedy,1993,6.0,192292
5043,Golden Harbor 5043,Thriller,1989,7.6,678640
9518,Broken Descent 9518,Documentary,1970,5.6,339616
3818,Eternal Descent 3818,Action,2015,7.0,833655
5096,Quiet Paradox 5096,SciFi,2012,6.8,428291
5969,Dark Echo 5969,Fantasy,2025,7.3,918513
597,Silent Kingdom 597,Drama,2002,5.5,279087
5286,Golden Odyssey 5286,Romance,1999,5.4,280358
2773,Broken Harbor 2773,Action,1972,7.9,746502
9616,Quiet Passage 9616,SciFi,2009,6.3,855910
4794,Endless Frontier 4794,Thriller,1977,6.3,567799
7221,Crimson Requiem 7221,Horror,1993,6.3,316202
6664,Last Harbor 6664,Animation,1998,7.6,562696
8365,Burning Journey 8365,Drama,2006,5.8,429200
2470,Last Journey 2470,Romance,1999,7.1,670097
996,Crimson Echo 996,Action,1998,6.3,517695
4221,Eternal Mirage 4221,SciFi,1991,6.8,1053631
6027,Endless Verdict 6027,Animation,1973,5.4,859904
4055,Broken Reflection 4055,Thriller,2025,7.1,134596
2446,Secret Journey 2446,Thriller,2007,8.3,182069
6172,Quiet Descent 6172,SciFi,2023,5.6,267739
6608,Wild Reflection 6608,Action,1972,5.9,786987
998,Forgotten Signal 998,Fantasy,1981,8.5,384147
6902,Neon Harbor 6902,Action,2003,7.1,296989
3614,Silent Legacy 3614,Drama,1991,6.2,1113266
3691,Broken Signal 3691,Fantasy,2016,9.3,463781
9240,Dark Empire 9240,Comedy,2000,6.8,243974
8697,Silent Kingdom 8697,Horror,2025,9.8,421691
9849,Secret Kingdom 9849,Animation,2015,7.0,412738
2679,Rising Frontier 2679,Animation,1981,7.6,178105
7430,Lost Passage 7430,Action,2009,5.9,377954
4083,Fallen Horizon 4083,Action,2004,6.1,470553
6212,Forgotten Reflection 6212,Thriller,1995,9.6,607135
9370,Fallen Storm 9370,Documentary,1981,5.2,682592
6314,Fallen Legacy 6314,Action,1982,7.7,628836
9432,Silent Chronicles 9432,Comedy,1990,6.5,367430
6758,Secret Storm 6758,Comedy,1971,7.4,810068
2814,Silent Passage 2814,Horror,1998,6.6,724537
8286,Crimson Horizon 8286,Romance,2010,6.1,637415
461,Eternal Requiem 461,Action,1987,6.2,264630
6910,Hidden Chronicles 6910,Animation,1982,7.3,649127
8792,Forgotten Chronicles 8792,Fantasy,1976,5.9,252200
2143,Crimson Verdict 2143,Horror,2008,4.2,958108
3212,Fallen Storm 3212,Thriller,1996,6.1,0
1984,Broken Signal 1984,Drama,2025,6.6,212525
6760,Frozen Signal 6760,Romance,2004,6.8,456018
7449,Endless Odyssey 7449,Thriller,1988,8.5,169548
4136,Fallen Kingdom 4136,Fantasy,2001,6.5,662648
6485,Broken Frontier 6485,Animation,1977,7.2,171299
4640,Fallen Odyssey 4640,Drama,1975,6.2,726937
3424,Quiet Requiem 3424,SciFi,2006,6.0,0
2367,Fallen Frontier 2367,Romance,2005,7.6,1078509
823,Crimson Harbor 823,Romance,1980,6.2,478950
2709,Neon Odyssey 2709,Fantasy,2019,2.7,322718
2670,Distant Legacy 2670,Fantasy,2002,8.0,404101
8997,Fallen Shadow 8997,SciFi,1995,5.1,976440
8707,Secret Kingdom 8707,Horror,2009,8.7,142701
2697,Distant Journey 2697,SciFi,1986,6.4,550764
2155,Distant Kingdom 2155,SciFi,1995,5.6,368660
9537,Endless Chronicles 9537,Horror,1994,6.6,45511
9070,Neon Signal 9070,Animation,1994,8.4,735824
9592,Golden Empire 9592,Documentary,2013,7.0,627682
6641,Fallen Odyssey 6641,Comedy,1992,7.3,978876
1626,Neon Shadow 1626,Animation,2004,6.8,38908
4021,Distant Harbor 4021,Documentary,1983,7.1,8566
7195,Fallen Storm 7195,Comedy,2001,8.0,449260
9838,Quiet Journey 9838,Horror,2025,7.6,74705
5291,Forgotten Odyssey 5291,SciFi,1982,6.1,902316
6561,Rising Paradox 6561,SciFi,2006,5.8,501053
3812,Eternal Kingdom 3812,Drama,2023,7.4,592922
876,Eternal Horizon 876,Action,1977,7.2,563965
5708,Hidden Mirage 5708,Comedy,1974,8.9,775188
5461,Quiet Paradox 5461,Comedy,2016,6.7,222597
6949,Dark Frontier 6949,Comedy,1990,8.0,742377
2161,Secret Signal 2161,Thriller,1993,6.5,726419
5887,Neon Descent 5887,SciFi,2007,7.4,51754
6660,Crimson Echo 6660,Horror,1981,8.3,427452
7202,Rising Echo 7202,Romance,2021,6.0,648068
1306,Silent Requiem 1306,Fantasy,1987,5.9,457966
3457,Crimson Horizon 3457,Animation,2026,6.2,754813
8882,Secret Empire 8882,Thriller,1983,7.3,134197
3677,Hidden Storm 3677,Thriller,1975,8.5,771585
5562,Eternal Kingdom 5562,SciFi,1981,6.7,724768
8864,Dark Chronicles 8864,Animation,1985,5.6,0
5462,Burning Mirage 5462,Action,1974,5.4,930492
1237,Fallen Requiem 1237,Romance,2020,5.7,581377
7217,Crimson Kingdom 7217,Action,2017,7.5,0
4033,Golden Shadow 4033,Drama,1976,6.4,0
302,Golden Frontier 302,Documentary,2005,8.1,620862
7055,Rising Signal 7055,Fantasy,1977,8.1,232077
3299,Endless Verdict 3299,Horror,2007,8.8,520132
5189,Eternal Frontier 5189,Comedy,2021,7.3,530156
2980,Crimson Odyssey 2980,Horror,2013,8.9,992728
6393,Silent Reflection 6393,Drama,2020,7.0,595519
8165,Frozen Odyssey 8165,Romance,2016,8.7,669661
9997,Golden Signal 9997,Horror,2007,5.7,846890
3130,Silent Kingdom 3130,Fantasy,1999,6.5,511736
3759,Eternal Chronicles 3759,Animation,2001,7.3,0
5729,Silent Chronicles 5729,Action,1989,9.2,184870
6889,Burning Journey 6889,Thriller,1994,7.5,134982
1826,Fallen Frontier 1826,Documentary,1991,6.1,395643
9803,Neon Shadow 9803,Comedy,1998,7.6,300650
9293,Broken Signal 9293,Romance,1994,6.1,186279
547,Distant Paradox 547,Documentary,1991,6.9,724449
2519,Fallen Empire 2519,Animation,1979,4.0,342705
9251,Quiet Horizon 9251,Thriller,1990,5.8,480789
9889,Neon Verdict 9889,Animation,2025,6.6,432720
4395,Frozen Journey 4395,Thriller,2004,6.6,849485
3676,Secret Kingdom 3676,Thriller,1996,7.0,846241
4266,Dark Frontier 4266,Animation,1975,4.6,613976
3943,Burning Horizon 3943,Fantasy,1982,8.0,610658
5447,Eternal Shadow 5447,Romance,2003,6.3,0
1697,Broken Requiem 1697,Comedy,2017,6.7,759827
9465,Distant Kingdom 9465,Drama,2014,6.9,164143
6453,Golden Shadow 6453,Thriller,1986,8.7,797483
7500,Eternal Frontier 7500,SciFi,1985,7.5,563666
8479,Wild Reflection 8479,SciFi,1999,6.1,148747
6305,Dark Legacy 6305,Thriller,2007,6.6,513075
6813,Neon Verdict 6813,Animation,2017,5.7,1088124
8509,Last Odyssey 8509,Drama,1982,6.4,1025078
8619,Frozen Descent 8619,Fantasy,1986,6.6,753947
2712,Frozen Mirage 2712,Action,1971,8.6,650012
4819,Fallen Descent 4819,Comedy,2004,6.5,1265180
2795,Quiet Frontier 2795,Animation,2008,7.8,466565
9072,Fallen Mirage 9072,SciFi,2025,7.1,896337
462,Golden Odyssey 462,Drama,1975,7.3,855189
6355,Last Empire 6355,Thriller,2015,8.8,998883
491,Quiet Legacy 491,Romance,2014,6.0,1093787
4957,Rising Echo 4957,Comedy,2026,6.9,513400
6226,Fallen Shadow 6226,Documentary,1970,7.8,801027
9227,Crimson Paradox 9227,Animation,2015,7.3,684503
1989,Last Legacy 1989,Thriller,1973,8.0,794177
7077,Endless Reflection 7077,Animation,1977,7.6,1070509
7869,Frozen Horizon 7869,Drama,2007,6.6,704347
8898,Forgotten Requiem 8898,Thriller,2009,6.4,111009
4618,Lost Frontier 4618,Romance,1972,9.3,802082
4130,Wild Passage 4130,Thriller,1987,6.1,613409
3442,Endless Harbor 3442,Romance,2001,7.5,496151
4282,Fallen Paradox 4282,Animation,1999,8.3,345717
8197,Fallen Paradox 8197,SciFi,2012,7.8,266462
1896,Lost Descent 1896,Animation,2025,7.6,557610
7152,Golden Verdict 7152,SciFi,2021,6.3,732537
2621,Dark Chronicles 2621,Horror,1987,5.9,943370
900,Golden Shadow 900,Documentary,2013,6.1,327318
2530,Crimson Requiem 2530,Documentary,2007,6.6,482712
4697,Crimson Mirage 4697,SciFi,1971,7.6,343814
1579,Last Descent 1579,Thriller,2010,8.0,255326
964,Rising Horizon 964,SciFi,1991,6.5,840778
442,Broken Requiem 442,Action,2020,8.7,508249
7882,Lost Horizon 7882,Fantasy,1972,7.4,1001904
3923,Silent Reflection 3923,Animation,1990,6.3,734154
8046,Neon Passage 8046,Thriller,1986,5.6,677258
4100,Last Reflection 4100,SciFi,2020,7.2,168377
2940,Silent Harbor 2940,Documentary,1989,6.2,0
5233,Secret Passage 5233,Thriller,2019,5.5,549604
8841,Eternal Signal 8841,Horror,2010,9.1,574572
8612,Silent Legacy 8612,Fantasy,2019,7.7,0
2141,Neon Verdict 2141,Horror,2007,7.0,700166
19,Forgotten Legacy 19,Thriller,1995,4.9,884520
9199,Silent Kingdom 9199,Animation,2005,7.2,680782
7818,Hidden Chronicles 7818,Action,1987,5.6,181362
5766,Frozen Journey 5766,Animation,1982,10.0,340868
1550,Rising Legacy 1550,Documentary,2004,6.0,891995
9326,Burning Storm 9326,Thriller,1974,7.3,1001919
3428,Hidden Reflection 3428,Comedy,2010,5.1,666201
3835,Quiet Legacy 3835,Horror,2000,6.2,1160917
9629,Crimson Requiem 9629,SciFi,2019,6.7,659140
5321,Crimson Kingdom 5321,Action,2008,5.1,327581
4824,Neon Empire 4824,Fantasy,1997,9.9,666800
4798,Forgotten Odyssey 4798,Drama,2008,6.8,289698
4439,Secret Shadow 4439,Documentary,2013,7.4,204381
138,Crimson Echo 138,Horror,2014,6.8,363209
6934,Burning Journey 6934,Documentary,1973,7.2,9900
5753,Rising Empire 5753,SciFi,1998,7.2,647596
2816,Frozen Paradox 2816,Horror,2021,8.0,492429
7201,Secret Echo 7201,Drama,1979,7.8,653430
3389,Last Legacy 3389,Action,2004,7.3,817765
7556,Quiet Journey 7556,Horror,1972,7.4,469426
8659,Silent Paradox 8659,Romance,2019,5.2,209077
333,Quiet Frontier 333,Drama,1979,7.4,468640
4826,Hidden Frontier 4826,Romance,1978,5.9,139788
4430,Dark Frontier 4430,Thriller,1996,6.0,627773
7099,Dark Frontier 7099,Animation,1978,6.0,829069
6452,Rising Chronicles 6452,Comedy,2013,6.8,568618
3214,Forgotten Descent 3214,SciFi,2004,5.1,583787
2758,Rising Odyssey 2758,Thriller,1992,8.5,484211
3294,Eternal Descent 3294,SciFi,2006,7.0,427617
5039,Crimson Mirage 5039,SciFi,2024,7.5,825537
3895,Eternal Empire 3895,Fantasy,1983,6.8,577712
5803,Last Shadow 5803,Fantasy,2001,6.1,817383
2579,Neon Horizon 2579,Documentary,1993,8.3,220925
6319,Golden Descent 6319,Animation,1983,7.2,621476
1186,Burning Odyssey 1186,Horror,1999,9.2,547316
4325,Frozen Verdict 4325,Drama,1981,6.3,351917
6084,Silent Shadow 6084,Action,2024,5.9,703477
4154,Secret Paradox 4154,Animation,2006,5.3,356025
2885,Neon Reflection 2885,Comedy,1985,8.5,206850
2210,Frozen Paradox 2210,Drama,2008,6.5,408361
241,Silent Horizon 241,Horror,2016,7.1,1120426
3720,Eternal Descent 3720,Documentary,1978,6.4,642819
1370,Rising Descent 1370,Fantasy,2025,7.5,655118
6372,Quiet Paradox 6372,Animation,2006,7.2,922553
8665,Quiet Reflection 8665,SciFi,1986,5.0,385154
1619,Endless Mirage 1619,Fantasy,1999,7.7,395918
8471,Silent Kingdom 8471,Action,1981,7.1,880160
2359,Neon Frontier 2359,Drama,2015,6.2,566877
7752,Crimson Signal 7752,Comedy,2007,6.5,735801
4398,Broken Shadow 4398,Comedy,2000,8.4,517807
7868,Secret Shadow 7868,Comedy,2015,7.9,1108091
8888,Rising Signal 8888,Comedy,2017,7.5,635373
9004,Distant Empire 9004,Romance,1990,6.3,764792
1930,Crimson Mirage 1930,Comedy,2007,8.6,528233
5453,Endless Verdict 5453,Horror,1995,6.9,582629
3419,Distant Requiem 3419,Thriller,2023,8.4,594120
625,Crimson Horizon 625,Animation,1982,7.7,501180
1595,Wild Journey 1595,Comedy,1975,6.5,563571
7533,Rising Verdict 7533,Horror,2006,8.5,141082
2102,Burning Horizon 2102,Fantasy,1974,6.5,444610
9757,Rising Echo 9757,SciFi,2015,7.4,319276
3675,Eternal Descent 3675,Fantasy,1996,5.1,385189
7828,Golden Mirage 7828,Animation,2019,6.0,163611
3652,Quiet Odyssey 3652,Comedy,2024,6.6,2758
623,Dark Echo 623,Drama,1970,6.3,240301
5962,Frozen Signal 5962,Comedy,1983,6.7,432269
3571,Endless Verdict 3571,Drama,1999,7.6,734030
1980,Last Passage 1980,Action,1970,7.4,776615
5029,Endless Descent 5029,Fantasy,1998,7.1,326706
5153,Lost Passage 5153,Documentary,2024,7.9,398143
4124,Frozen Chronicles 4124,SciFi,2026,8.3,729205
6302,Quiet Mirage 6302,Documentary,1973,5.9,575663
4111,Forgotten Legacy 4111,Action,1987,8.6,464684
5409,Frozen Empire 5409,SciFi,1973,7.6,829944
9494,Secret Requiem 9494,Fantasy,2024,5.6,157484
8889,Eternal Passage 8889,Thriller,2011,6.9,446245
2815,Distant Mirage 2815,Comedy,2015,6.2,460687
6088,Silent Signal 6088,Action,1984,7.4,149812
5602,Neon Reflection 5602,Fantasy,1988,7.4,276266
2439,Last Journey 2439,Animation,1983,8.0,861898
9752,Fallen Signal 9752,Comedy,1994,5.7,850062
5297,Secret Echo 5297,Documentary,1972,6.9,221560
1437,Rising Storm 1437,Thriller,2019,9.1,89565
146,Last Reflection 146,Documentary,1982,6.0,1014329
3248,Rising Legacy 3248,Horror,1983,7.0,98501
6103,Endless Descent 6103,Action,1974,7.0,552157
1948,Eternal Horizon 1948,Horror,1999,5.2,1508800
678,Hidden Legacy 678,Documentary,1987,6.2,466359
6353,Golden Reflection 6353,Comedy,1990,8.0,452046
549,Crimson Shadow 549,Animation,1986,5.8,806685
1266,Rising Shadow 1266,Thriller,1989,8.6,426473
2778,Secret Horizon 2778,Comedy,1991,8.0,1161049
1966,Distant Harbor 1966,Animation,2019,7.3,417680
6742,Crimson Journey 6742,Horror,2007,5.3,717841
4137,Quiet Echo 4137,SciFi,1976,9.6,508321
5790,Distant Journey 5790,Thriller,2001,5.4,236021
1553,Frozen Shadow 1553,SciFi,2000,7.7,457978
1119,Endless Echo 1119,Thriller,2020,8.5,357735
916,Fallen Odyssey 916,Action,2026,6.5,1728
8840,Burning Odyssey 8840,Comedy,2001,7.2,630182
3254,Frozen Echo 3254,Animation,2013,7.5,639084
5471,Dark Passage 5471,Action,2024,9.0,987988
7766,Frozen Empire 7766,Drama,1986,8.8,713228
8002,Secret Kingdom 8002,Thriller,1994,6.2,919554
2756,Wild Odyssey 2756,Action,2014,5.4,234423
5103,Quiet Descent 5103,Documentary,1971,10.0,0
5355,Lost Echo 5355,Drama,2014,6.5,807886
7790,Dark Descent 7790,Thriller,2020,2.8,392763
3181,Rising Legacy 3181,Action,2015,4.9,222205
2471,Quiet Verdict 2471,Documentary,2015,5.3,696204
2225,Quiet Storm 2225,Comedy,1996,5.8,812855
6592,Dark Odyssey 6592,SciFi,2026,8.2,759254
8108,Dark Requiem 8108,Action,2009,5.0,165487
4785,Wild Horizon 4785,Animation,1980,7.2,315717
332,Endless Mirage 332,Action,1990,5.7,790147
94,Fallen Horizon 94,Fantasy,2021,8.2,216450
4938,Crimson Descent 4938,Documentary,1971,5.6,1005352
4736,Fallen Odyssey 4736,SciFi,1976,8.4,563709
4882,Distant Shadow 4882,Animation,2022,4.6,487208
9519,Rising Mirage 9519,Romance,1997,4.9,0
4777,Lost Shadow 4777,Horror,1987,4.7,239828
8066,Quiet Mirage 8066,Animation,2002,6.7,447424
5874,Dark Descent 5874,SciFi,2007,7.9,594013
126,Golden Descent 126,Thriller,1985,7.7,648100
5600,Hidden Horizon 5600,Horror,2014,8.7,1018825
9283,Quiet Horizon 9283,Drama,1977,8.9,319050
6809,Broken Signal 6809,SciFi,2001,7.4,798468
747,Distant Reflection 747,Action,1999,6.3,381000
495,Endless Reflection 495,Action,1973,7.6,344520
2385,Fallen Odyssey 2385,Documentary,1997,4.8,131412
8252,Crimson Signal 8252,SciFi,2014,8.5,146763
2744,Silent Verdict 2744,SciFi,2006,6.9,742297
5873,Eternal Empire 5873,Fantasy,1975,7.9,1141490
2280,Dark Odyssey 2280,Animation,1970,7.8,44519
1286,Fallen Passage 1286,Documentary,1989,5.8,769953
6671,Endless Empire 6671,Animation,2009,7.3,902135
6651,Wild Reflection 6651,Animation,2020,7.6,678175
7940,Burning Journey 7940,Romance,1981,8.7,568363
6544,Crimson Paradox 6544,Documentary,2016,7.7,595354
3199,Endless Requiem 3199,SciFi,1984,4.7,712919
162,Last Horizon 162,Thriller,1976,3.8,616750
8238,Secret Descent 8238,Comedy,2018,6.7,793895
8966,Neon Paradox 8966,Animation,1991,8.8,357236
1290,Secret Odyssey 1290,Drama,2004,6.2,182386
7393,Forgotten Chronicles 7393,Comedy,1979,7.0,702522
3535,Burning Journey 3535,Comedy,1992,7.6,610263
7445,Burning Signal 7445,Action,2020,5.7,582472
4009,Dark Signal 4009,SciFi,1995,6.6,349874
87,Lost Harbor 87,Drama,1970,6.5,607962
4946,Last Harbor 4946,Action,2010,7.7,490989
2440,Rising Descent 2440,Thriller,2018,6.4,849668
4650,Rising Shadow 4650,SciFi,1998,7.6,426189
5085,Dark Harbor 5085,Animation,1977,4.2,690160
9042,Broken Shadow 9042,Action,1970,6.6,872885
2629,Secret Chronicles 2629,Animation,2001,6.2,90013
5149,Crimson Empire 5149,SciFi,2004,5.9,669079
295,Forgotten Verdict 295,Action,1975,8.0,0
3304,Broken Journey 3304,Drama,1973,7.7,1010729
7881,Silent Legacy 7881,Comedy,1981,5.3,36538
6108,Last Requiem 6108,SciFi,1974,8.5,560405
3348,Neon Passage 3348,Documentary,1976,7.0,0
5424,Hidden Journey 5424,Romance,1992,6.7,791834
7819,Endless Verdict 7819,Horror,2001,5.3,921457
6448,Crimson Empire 6448,Action,2002,6.4,288961
3359,Eternal Empire 3359,Thriller,1997,7.1,278314
6275,Rising Mirage 6275,Documentary,1973,6.3,1144669
6852,Burning Storm 6852,Documentary,1972,7.0,695564
1968,Burning Mirage 1968,Animation,1989,9.2,678085
7933,Burning Frontier 7933,Action,1999,5.8,788015
3592,Hidden Descent 3592,Action,1995,6.4,622369
6942,Lost Verdict 6942,Documentary,2012,6.5,908324
6401,Fallen Chronicles 6401,Horror,2010,4.9,0
3806,Neon Kingdom 3806,Comedy,1976,6.9,864551
9039,Hidden Horizon 9039,Documentary,1990,8.8,196715
377,Forgotten Legacy 377,Action,1998,7.2,243460
630,Forgotten Requiem 630,Horror,2011,6.1,355557
3933,Forgotten Echo 3933,Romance,2023,6.1,841444
6322,Silent Passage 6322,Action,1975,7.7,175742
9289,Wild Verdict 9289,Drama,1999,8.5,931944
9529,Eternal Verdict 9529,Thriller,2009,5.2,438261
2552,Fallen Paradox 2552,SciFi,2016,6.9,896268
7254,Silent Frontier 7254,Fantasy,1986,6.0,186852
5590,Last Horizon 5590,Horror,2001,5.2,93209
4991,Silent Odyssey 4991,Thriller,1989,8.3,182736
4200,Lost Chronicles 4200,Documentary,2014,5.7,355206
156,Burning Shadow 156,Action,2015,5.7,548083
4196,Silent Kingdom 4196,SciFi,1993,6.3,101134
9789,Distant Kingdom 9789,Documentary,2024,7.0,245843
475,Wild Requiem 475,Action,2012,6.4,179666
4319,Silent Descent 4319,Horror,2012,4.3,404448
5687,Quiet Signal 5687,Action,2010,7.2,520417
3408,Hidden Harbor 3408,SciFi,2014,6.7,827347
7213,Secret Frontier 7213,Romance,2000,6.4,916288
807,Silent Storm 807,Horror,2015,8.9,993235
6331,Quiet Shadow 6331,Drama,2010,7.7,0
2941,Silent Horizon 2941,Fantasy,2002,6.6,433271
3305,Lost Reflection 3305,Thriller,1995,6.9,990267
3651,Distant Echo 3651,Comedy,2013,7.5,72980
1915,Distant Shadow 1915,Romance,1996,6.6,0
6193,Fallen Mirage 6193,Thriller,1988,6.6,557260
9504,Silent Empire 9504,Comedy,2015,6.5,509920
8258,Fallen Storm 8258,Romance,2010,6.3,330515
158,Burning Odyssey 158,Horror,1972,5.8,736080
319,Dark Journey 319,Drama,2025,8.8,619226
1100,Neon Journey 1100,Drama,1987,6.1,921654
3142,Secret Harbor 3142,Action,1983,6.2,581934
3432,Endless Harbor 3432,Fantasy,1975,7.7,128928
8547,Burning Echo 8547,Fantasy,2024,8.4,602004
2926,Frozen Odyssey 2926,Romance,1972,9.6,464104
6251,Fallen Legacy 6251,Documentary,1987,7.1,491292
8052,Quiet Mirage 8052,Thriller,2010,7.5,0
2637,Neon Odyssey 2637,Documentary,2024,5.2,542417
5232,Secret Frontier 5232,Horror,1988,7.6,573342
9421,Silent Echo 9421,SciFi,1998,8.4,66121
9900,Crimson Paradox 9900,Romance,2004,5.2,518842
7550,Fallen Kingdom 7550,Romance,1996,6.3,544429
6532,Forgotten Legacy 6532,Action,1972,6.1,780272
8166,Secret Frontier 8166,Drama,2025,8.6,554632
8324,Forgotten Verdict 8324,Action,1978,6.4,837846
9726,Lost Journey 9726,Thriller,1986,7.0,545213
5063,Secret Horizon 5063,Thriller,2007,8.4,489431
3434,Rising Storm 3434,Fantasy,1981,6.5,244294
6801,Eternal Shadow 6801,Drama,1998,7.3,361489
5676,Rising Harbor 5676,Comedy,1970,7.0,310275
2499,Broken Descent 2499,Comedy,2026,7.7,730553
9097,Crimson Chronicles 9097,SciFi,1988,8.1,616853
1694,Silent Verdict 1694,Animation,2012,8.1,152285
8211,Burning Verdict 8211,Romance,2009,6.4,964526
1817,Neon Chronicles 1817,Romance,2007,5.8,982259
6075,Hidden Odyssey 6075,Comedy,1991,6.4,468641
3207,Hidden Odyssey 3207,Drama,2002,7.7,239510
1620,Burning Descent 1620,Fantasy,2025,7.5,1307942
4558,Rising Mirage 4558,Comedy,2017,6.3,319022
9480,Wild Legacy 9480,SciFi,2021,5.3,356183
3929,Quiet Signal 3929,Documentary,1997,7.2,469477
6425,Endless Journey 6425,Documentary,1981,7.0,444474
7295,Dark Empire 7295,Animation,1980,6.6,402737
3501,Burning Mirage 3501,Comedy,2007,5.6,0
3086,Golden Empire 3086,Romance,2021,6.2,943796
9393,Rising Chronicles 9393,Thriller,2015,6.6,361470
2172,Forgotten Kingdom 2172,Drama,1975,6.9,1097166
5972,Wild Kingdom 5972,Documentary,1970,6.8,1087455
9356,Last Signal 9356,Comedy,2007,8.1,151681
8395,Crimson Chronicles 8395,Thriller,2022,6.6,601147
1059,Secret Descent 1059,Horror,2004,6.5,794485
311,Forgotten Chronicles 311,Romance,2022,5.7,510647
2255,Golden Empire 2255,Thriller,2006,7.0,53508
987,Forgotten Paradox 987,Animation,1997,6.8,473038
4155,Golden Shadow 4155,Documentary,1997,6.7,901592
9069,Hidden Chronicles 9069,Comedy,2019,6.4,335213
4192,Fallen Passage 4192,SciFi,1975,7.4,794066
8874,Quiet Echo 8874,Drama,2025,8.5,688624
3430,Crimson Odyssey 3430,Horror,1995,6.4,658222
5006,Frozen Empire 5006,Documentary,1991,5.6,535106
830,Lost Shadow 830,SciFi,1993,6.0,576537
6725,Burning Paradox 6725,Fantasy,2004,6.2,358387
9214,Frozen Signal 9214,SciFi,2021,7.2,0
9822,Endless Verdict 9822,SciFi,2006,5.2,104400
3709,Silent Legacy 3709,Drama,1996,6.8,951562
3927,Rising Harbor 3927,Documentary,2010,7.3,619754
1270,Lost Harbor 1270,Animation,2018,5.7,539374
55,Secret Echo 55,Animation,2000,6.9,361187
3126,Golden Paradox 3126,Animation,2022,5.8,583650
6243,Silent Paradox 6243,Action,1995,5.6,388977
2504,Endless Reflection 2504,Romance,2026,5.7,517156
1462,Wild Verdict 1462,Thriller,2000,7.7,503613
3978,Golden Echo 3978,Animation,2023,6.9,705895
7566,Lost Reflection 7566,Horror,1987,5.9,244682
1239,Hidden Reflection 1239,Horror,1990,6.1,566264
4704,Golden Descent 4704,Documentary,1999,4.5,374442
392,Hidden Chronicles 392,SciFi,2005,6.9,432364
1400,Silent Frontier 1400,Drama,1984,6.5,986430
4600,Secret Legacy 4600,Romance,2024,6.6,735299
8092,Lost Descent 8092,Documentary,1998,6.8,35374
809,Forgotten Verdict 809,Thriller,1991,6.8,571006
977,Quiet Descent 977,Fantasy,1970,4.4,685539
8155,Crimson Reflection 8155,Horror,1988,6.8,750506
533,Silent Storm 533,Comedy,1985,5.4,851127
5137,Golden Horizon 5137,Thriller,2003,5.8,703217
5638,Burning Shadow 5638,Comedy,1982,7.1,522781
6603,Distant Mirage 6603,Action,2001,6.1,544583
3007,Eternal Horizon 3007,Action,2023,8.3,373107
3355,Dark Horizon 3355,Horror,2002,6.2,206256
7332,Secret Horizon 7332,Romance,2009,5.5,75836
2184,Golden Empire 2184,Horror,1984,6.5,495013
267,Neon Legacy 267,Drama,1985,6.5,98058
4149,Distant Requiem 4149,Horror,2017,4.7,904587
9654,Rising Frontier 9654,Fantasy,1998,7.6,576744
1916,Hidden Empire 1916,Documentary,2020,7.4,406197
9728,Neon Harbor 9728,Action,1990,8.0,377066
4859,Crimson Mirage 4859,Horror,1985,5.3,200308
9307,Quiet Signal 9307,Drama,1997,6.5,328248
2311,Forgotten Reflection 2311,Drama,1995,5.0,0
5182,Distant Mirage 5182,Action,1979,4.9,459942
6740,Quiet Passage 6740,Drama,1982,7.5,402669
7680,Eternal Paradox 7680,Romance,1971,5.4,800803
5127,Forgotten Storm 5127,Documentary,2011,6.8,530821
6096,Golden Empire 6096,Comedy,2016,4.3,40723
8688,Golden Empire 8688,Comedy,1997,6.6,788628
4485,Hidden Legacy 4485,Thriller,2008,8.5,455645
3813,Endless Empire 3813,Fantasy,2005,7.7,1258691
7227,Quiet Legacy 7227,Fantasy,2025,6.1,681825
1725,Fallen Mirage 1725,Drama,2021,8.4,490720
7777,Burning Frontier 7777,Romance,2007,8.4,593168
8177,Silent Descent 8177,Documentary,2002,8.9,389984
3958,Last Mirage 3958,Romance,1983,7.3,576324
999,Hidden Empire 999,Animation,1986,6.4,653675
2240,Quiet Verdict 2240,Thriller,1971,8.2,218800
8894,Burning Paradox 8894,SciFi,2007,6.3,214173
9121,Forgotten Horizon 9121,Documentary,2013,6.7,1097178
2317,Forgotten Frontier 2317,Thriller,2026,6.9,7312
2447,Distant Chronicles 2447,Animation,1979,5.4,676201
8504,Wild Requiem 8504,Thriller,2022,7.2,803529
8540,Quiet Horizon 8540,Drama,2023,6.8,0
7390,Rising Signal 7390,Fantasy,1989,6.6,436651
171,Forgotten Chronicles 171,SciFi,2006,6.7,728279
8837,Forgotten Requiem 8837,Thriller,1974,7.1,467594
2237,Distant Legacy 2237,Fantasy,2026,6.5,997723
2536,Secret Descent 2536,Comedy,2019,6.0,496816
4641,Secret Empire 4641,Drama,1980,5.7,180644
9258,Hidden Horizon 9258,Romance,2023,8.3,757184
5978,Wild Odyssey 5978,Documentary,2025,7.0,534317
2680,Wild Chronicles 2680,Horror,1981,9.2,116783
1609,Frozen Mirage 1609,Action,2005,6.1,175463
4000,Endless Harbor 4000,SciFi,1976,6.5,519470
8703,Quiet Odyssey 8703,SciFi,1993,5.5,695004
862,Silent Passage 862,Documentary,1991,6.0,76047
8648,Endless Paradox 8648,Drama,1974,6.6,348213
1246,Distant Passage 1246,Documentary,1988,9.0,158209
2824,Rising Mirage 2824,Animation,1986,5.9,608093
1821,Wild Harbor 1821,Drama,2016,5.6,441384
4003,Endless Descent 4003,Animation,1987,8.2,658155
599,Endless Legacy 599,Animation,1997,7.7,503449
5403,Secret Reflection 5403,Romance,2014,6.2,900988
9913,Quiet Journey 9913,Animation,1994,4.2,651848
328,Broken Harbor 328,Drama,2016,6.9,250537
735,Hidden Verdict 735,Horror,2023,8.6,319115
9691,Forgotten Empire 9691,Comedy,2023,7.3,451153
4187,Silent Shadow 4187,Fantasy,2000,5.6,569367
3071,Quiet Reflection 3071,Drama,2015,7.0,111614
9693,Neon Shadow 9693,Fantasy,2020,7.4,321964
5405,Dark Passage 5405,Comedy,2002,7.5,1006708
5614,Fallen Paradox 5614,Animation,2024,7.7,1057560
7343,Rising Reflection 7343,Thriller,1998,5.1,49300
9940,Eternal Kingdom 9940,Comedy,2024,5.2,1020682
7561,Eternal Harbor 7561,Comedy,2003,8.1,178420
9709,Eternal Chronicles 9709,Animation,1997,6.3,813315
7088,Wild Reflection 7088,Animation,1979,6.6,65996
5690,Rising Requiem 5690,Drama,2014,4.8,472237
9281,Eternal Horizon 9281,Thriller,2005,6.4,316719
6335,Rising Frontier 6335,Drama,2003,6.7,350769
1884,Golden Requiem 1884,Animation,1987,5.4,259818
4509,Rising Journey 4509,Horror,1994,7.4,996513
730,Burning Shadow 730,SciFi,1995,5.1,1008907
6396,Lost Kingdom 6396,Romance,1998,6.1,311340
1574,Distant Descent 1574,Animation,2017,6.2,481662
9226,Broken Requiem 9226,Horror,1995,6.2,531789
2953,Golden Mirage 2953,Action,1993,8.3,1011934
9836,Eternal Harbor 9836,Fantasy,1992,7.8,201819
50,Fallen Signal 50,SciFi,2004,6.2,577474
15,Fallen Passage 15,Comedy,2023,7.6,632021
8098,Quiet Mirage 8098,Romance,2016,7.8,0
494,Quiet Verdict 494,Thriller,1977,6.7,455973
2121,Eternal Requiem 2121,Fantasy,2020,7.5,581519
5599,Neon Descent 5599,SciFi,2021,8.6,877881
3994,Neon Odyssey 3994,Comedy,1972,7.9,754670
4741,Golden Harbor 4741,SciFi,1999,7.7,315539
2668,Crimson Empire 2668,Action,1974,7.8,436450
5881,Neon Harbor 5881,Romance,2017,7.2,517565
5987,Endless Odyssey 5987,Thriller,1981,4.7,333965
4966,Crimson Echo 4966,Fantasy,2004,7.8,122407
2836,Secret Verdict 2836,Action,2016,5.8,346396
9644,Hidden Mirage 9644,Horror,2006,5.9,406733
8911,Fallen Paradox 8911,Drama,2005,6.4,203688
9433,Golden Reflection 9433,Documentary,2004,6.5,255737
9589,Eternal Journey 9589,Romance,1991,8.5,419207
8525,Burning Echo 8525,Drama,1998,6.4,544268
7660,Golden Requiem 7660,Romance,1974,6.3,785547
7683,Lost Mirage 7683,Action,1990,9.4,567285
1653,Last Echo 1653,Drama,1986,8.4,251942
1960,Wild Harbor 1960,Thriller,2009,5.3,0
9764,Lost Mirage 9764,Thriller,1973,5.3,530344
5264,Rising Horizon 5264,Action,1981,8.8,341057
3700,Broken Verdict 3700,Romance,1998,5.2,488448
428,Endless Verdict 428,Documentary,1989,7.2,733911
2667,Silent Journey 2667,Comedy,2006,7.3,761286
1474,Golden Echo 1474,Thriller,2001,6.1,460475
9887,Secret Empire 9887,Comedy,1972,6.1,353627
2865,Dark Signal 2865,Thriller,2021,6.6,704940
9784,Neon Horizon 9784,Documentary,1975,8.0,403676
5163,Last Requiem 5163,Fantasy,2013,8.3,816312
4920,Distant Chronicles 4920,SciFi,2001,5.9,259770
9178,Rising Signal 9178,Comedy,1977,7.5,719570
5204,Silent Requiem 5204,Thriller,1983,8.3,127928
2807,Frozen Requiem 2807,Horror,1996,6.5,772468
4639,Last Requiem 4639,Action,2013,6.8,341495
873,Fallen Kingdom 873,Thriller,1970,5.8,325323
6055,Distant Kingdom 6055,Thriller,2012,6.6,0
9140,Silent Odyssey 9140,Documentary,2000,5.7,370238
9634,Quiet Reflection 9634,SciFi,2007,6.6,698002
3341,Distant Passage 3341,Romance,1999,6.3,792549
1873,Fallen Kingdom 1873,Comedy,1991,8.4,278105
8671,Endless Empire 8671,Action,1988,6.2,190118
5067,Rising Reflection 5067,Animation,1972,8.1,616872
1326,Silent Signal 1326,Comedy,1995,6.1,504978
4734,Broken Requiem 4734,SciFi,2002,7.2,376750
8453,Silent Storm 8453,Thriller,2005,8.9,494485
7536,Distant Verdict 7536,Fantasy,1970,6.9,639666
1895,Broken Chronicles 1895,Documentary,2006,7.7,364646
4425,Fallen Descent 4425,Romance,2006,7.1,577598
9366,Dark Odyssey 9366,Fantasy,1988,6.9,17489
8567,Dark Paradox 8567,Documentary,2024,7.1,598628
945,Broken Frontier 945,Action,1998,8.4,57511
1747,Distant Legacy 1747,Action,1975,8.0,522559
2126,Burning Echo 2126,Drama,2022,5.8,540526
5900,Rising Empire 5900,Romance,1971,7.4,790022
1482,Last Frontier 1482,Horror,1996,6.3,35804
8424,Lost Paradox 8424,Action,2015,5.6,813753
6366,Silent Reflection 6366,SciFi,2006,5.4,165710
1494,Wild Requiem 1494,Documentary,1988,5.8,750044
7747,Lost Verdict 7747,SciFi,2007,8.0,265629
5027,Dark Echo 5027,Action,2017,8.6,633145
2947,Wild Mirage 2947,SciFi,2008,6.8,612875
4443,Broken Echo 4443,Action,2021,5.8,424703
8063,Golden Odyssey 8063,Documentary,1985,4.4,567872
9580,Burning Reflection 9580,Documentary,2025,7.1,457850
4931,Dark Paradox 4931,Action,1989,5.3,715726
3253,Distant Reflection 3253,Thriller,2024,7.1,0
6236,Endless Echo 6236,Documentary,1992,6.6,647661
33,Distant Storm 33,Documentary,2023,6.3,162112
2332,Fallen Harbor 2332,Romance,2021,6.2,952452
9891,Dark Odyssey 9891,Documentary,1999,7.3,571874
9379,Quiet Legacy 9379,Thriller,1979,5.4,522467
6893,Burning Legacy 6893,Horror,1989,7.2,829590
5157,Eternal Echo 5157,Animation,1991,5.5,836003
5452,Eternal Harbor 5452,Documentary,1991,6.0,469025
5132,Rising Odyssey 5132,Comedy,2025,7.6,375690
1168,Crimson Echo 1168,Comedy,1976,7.2,166932
7711,Eternal Chronicles 7711,Horror,2002,5.1,1002803
3264,Endless Passage 3264,Thriller,1978,5.8,428749
4117,Neon Storm 4117,Romance,2013,7.9,762395
631,Eternal Verdict 631,Fantasy,1978,7.5,410966
6447,Burning Mirage 6447,Action,1984,7.0,962579
193,Lost Chronicles 193,Drama,2023,9.9,213872
4102,Silent Shadow 4102,Animation,2022,6.6,138670
9238,Last Journey 9238,SciFi,1991,4.8,862379
5396,Eternal Horizon 5396,Action,2005,5.7,104302
1149,Rising Empire 1149,Comedy,1975,6.7,388085
8001,Broken Frontier 8001,Animation,1983,4.9,855749
6102,Burning Kingdom 6102,Romance,1993,6.3,819056
7110,Fallen Empire 7110,Action,1996,7.8,746330
6512,Distant Journey 6512,Animation,2016,7.0,0
2671,Broken Legacy 2671,Romance,1990,7.6,244860
7121,Rising Frontier 7121,Action,1997,6.7,485374
5005,Endless Passage 5005,Fantasy,2022,8.0,867965
6320,Secret Paradox 6320,Comedy,1995,6.0,575740
8136,Last Paradox 8136,Action,2015,6.1,1075215
7970,Secret Harbor 7970,Horror,1998,9.2,317513
3092,Secret Shadow 3092,Comedy,1999,7.2,540861
9606,Broken Paradox 9606,SciFi,1981,5.8,457811
3687,Dark Paradox 3687,Action,1987,5.8,593647
1866,Forgotten Mirage 1866,Action,2016,6.8,1106386
960,Silent Mirage 960,Romance,2021,5.4,544825
7580,Endless Horizon 7580,Animation,2017,6.5,163560
959,Rising Verdict 959,Drama,1988,8.7,924738
5429,Forgotten Odyssey 5429,Fantasy,2014,6.5,557026
1146,Lost Legacy 1146,Horror,2012,7.8,504050
1637,Rising Mirage 1637,Drama,2019,6.2,380998
6963,Fallen Frontier 6963,Horror,1993,6.7,96187
7126,Fallen Horizon 7126,Horror,2003,7.7,445856
1808,Fallen Kingdom 1808,Romance,2007,10.0,223899
8206,Broken Verdict 8206,Drama,2016,7.8,108225
4275,Eternal Verdict 4275,Thriller,1991,6.3,338330
9824,Golden Kingdom 9824,Fantasy,1991,8.2,729546
1303,Wild Paradox 1303,Horror,1982,9.7,383161
1672,Distant Passage 1672,Fantasy,1981,7.4,666715
5266,Crimson Journey 5266,Documentary,1986,7.0,415820
8295,Last Kingdom 8295,Thriller,1988,4.7,567270
9874,Golden Requiem 9874,SciFi,2023,7.9,0
4738,Hidden Storm 4738,Thriller,1994,5.5,188228
635,Burning Requiem 635,Documentary,1981,7.8,294676
3698,Silent Shadow 3698,Romance,1988,5.3,44677
5271,Golden Frontier 5271,Horror,1974,6.1,497516
7306,Fallen Odyssey 7306,Thriller,2022,7.6,547334
4691,Endless Harbor 4691,Romance,2008,7.0,435814
3952,Frozen Chronicles 3952,Fantasy,1972,6.6,964819
6892,Forgotten Reflection 6892,SciFi,2017,5.2,484786
4793,Burning Shadow 4793,Action,1976,7.9,424412
3149,Quiet Echo 3149,Animation,1976,7.0,140693
9023,Rising Shadow 9023,Romance,1989,6.5,661102
6388,Broken Reflection 6388,Romance,1990,4.8,550975
5516,Frozen Echo 5516,Romance,1998,4.6,529466
4290,Rising Harbor 4290,Animation,2008,6.5,500193
96,Hidden Verdict 96,Documentary,2005,7.0,518353
1261,Forgotten Harbor 1261,Comedy,1979,5.1,356213
7804,Golden Empire 7804,Action,2009,7.3,47132
1652,Last Signal 1652,Action,2000,5.3,465280
4105,Silent Odyssey 4105,Action,1985,7.9,772840
9376,Forgotten Frontier 9376,Thriller,1988,4.7,144027
5474,Crimson Reflection 5474,Action,2004,5.7,1014828
9552,Dark Verdict 9552,Drama,2017,7.5,581622
3119,Rising Passage 3119,Horror,2001,6.6,343230
5199,Last Requiem 5199,Fantasy,2014,6.4,1075465
9575,Secret Descent 9575,Animation,1993,6.9,530592
3019,Hidden Mirage 3019,Fantasy,2010,5.3,0
2068,Forgotten Chronicles 2068,SciFi,2015,7.4,618821
307,Broken Signal 307,Comedy,2002,4.8,550116
8135,Wild Horizon 8135,Romance,1998,7.4,132453
8367,Frozen Verdict 8367,Action,1999,6.3,49156
7382,Distant Shadow 7382,Action,1971,7.0,614121
4375,Fallen Mirage 4375,Drama,2002,5.8,438838
1203,Burning Verdict 1203,Action,2011,6.9,472289
1219,Hidden Odyssey 1219,Documentary,2003,9.0,16071
5760,Rising Paradox 5760,SciFi,1980,7.3,1338381
6697,Eternal Signal 6697,Thriller,1993,6.1,52988
1298,Hidden Passage 1298,Thriller,2008,6.9,229146
2746,Wild Reflection 2746,Horror,2008,8.1,401543
423,Endless Storm 423,Drama,1996,6.9,479740
2535,Distant Descent 2535,Romance,2006,7.6,576598
219,Fallen Signal 219,Action,2017,7.5,535960
725,Dark Storm 725,SciFi,2000,7.1,749617
4710,Burning Passage 4710,Horror,1970,5.9,0
1991,Secret Odyssey 1991,SciFi,2006,8.5,675774
5877,Endless Shadow 5877,Animation,2022,8.0,287728
4654,Neon Frontier 4654,SciFi,1988,7.0,482972
2281,Fallen Empire 2281,Documentary,1973,8.2,1004863
5904,Neon Passage 5904,Documentary,2012,8.1,443087
8495,Silent Frontier 8495,Horror,1989,7.0,634020
6622,Crimson Empire 6622,Action,2001,4.5,1039152
1655,Silent Storm 1655,SciFi,2005,6.9,0
2105,Frozen Signal 2105,Comedy,1991,6.5,963418
9046,Hidden Requiem 9046,Horror,1981,6.0,18498
4581,Neon Passage 4581,Fantasy,2017,6.8,883261
4735,Lost Verdict 4735,Fantasy,2000,9.2,221960
6780,Quiet Chronicles 6780,Fantasy,1971,8.3,737059
228,Endless Odyssey 228,Drama,1970,8.2,600845
8892,Dark Requiem 8892,Comedy,2025,3.8,0
9631,Wild Horizon 9631,Drama,1978,6.5,523333
821,Broken Shadow 821,SciFi,1970,6.5,1188639
5036,Wild Reflection 5036,Action,2000,4.1,238567
9558,Hidden Storm 9558,Thriller,1993,6.9,412493
9284,Golden Mirage 9284,Documentary,2020,5.9,473465
6550,Eternal Kingdom 6550,Action,2006,7.5,534828
3140,Broken Signal 3140,Documentary,1989,5.9,720991
6868,Frozen Mirage 6868,Horror,2012,7.7,750135
1903,Golden Descent 1903,Documentary,2004,8.4,781579
3930,Endless Shadow 3930,Action,2024,8.8,857496
1240,Endless Chronicles 1240,Horror,2009,9.3,164110
3046,Frozen Empire 3046,Animation,1984,5.8,270884
5349,Last Paradox 5349,Fantasy,1976,7.2,891369
6678,Lost Shadow 6678,Animation,1989,7.5,502986
1839,Burning Reflection 1839,Action,1981,8.9,464361
2236,Dark Frontier 2236,Horror,1982,6.1,18533
4320,Crimson Empire 4320,Horror,1983,8.4,483363
3102,Neon Harbor 3102,Romance,2013,5.7,395420
8616,Distant Horizon 8616,Horror,1998,9.4,440051
3063,Silent Paradox 3063,Horror,2020,7.6,164544
5999,Burning Echo 5999,Action,2007,8.4,233801
9597,Crimson Harbor 9597,Action,2004,4.4,404512
4499,Last Horizon 4499,Romance,2020,7.8,546445
7817,Quiet Paradox 7817,Comedy,2006,7.2,599059
5378,Forgotten Paradox 5378,Action,1997,6.5,497974
7053,Wild Signal 7053,Action,1994,4.4,218813
1162,Lost Mirage 1162,Animation,1974,8.3,921987
6472,Burning Shadow 6472,Drama,2008,8.1,189509
4585,Lost Passage 4585,Fantasy,2007,8.2,434389
6,Rising Legacy 6,SciFi,1996,7.2,618246
2358,Lost Shadow 2358,Drama,2020,5.3,551443
8484,Golden Signal 8484,Action,2008,7.0,0
510,Broken Passage 510,Documentary,1982,7.0,783884
9068,Burning Storm 9068,Comedy,1972,6.5,696032
5475,Endless Chronicles 5475,Action,1971,5.4,229432
6199,Quiet Chronicles 6199,Thriller,2021,7.3,1008517
2635,Endless Empire 2635,SciFi,1985,4.9,942996
4709,Last Signal 4709,SciFi,1986,6.5,1069721
3857,Frozen Echo 3857,Comedy,1978,6.1,562983
8793,Dark Odyssey 8793,Horror,1976,7.5,900740
8869,Golden Descent 8869,Horror,2002,5.2,617090
9769,Wild Requiem 9769,Horror,1995,6.9,1018717
4234,Hidden Reflection 4234,Comedy,2008,6.3,865977
3484,Rising Legacy 3484,Horror,2002,6.4,255482
3198,Endless Horizon 3198,Documentary,1997,7.2,851032
5886,Distant Passage 5886,Thriller,2000,7.8,255968
8788,Fallen Echo 8788,Romance,2005,7.8,877520
3774,Quiet Reflection 3774,Fantasy,2015,5.3,894998
7139,Golden Reflection 7139,Thriller,1980,5.4,571450
6169,Fallen Passage 6169,SciFi,2013,8.2,690206
3694,Neon Verdict 3694,Horror,2017,6.7,418768
3605,Fallen Paradox 3605,Action,2001,6.0,22361
7985,Wild Harbor 7985,Animation,2002,5.5,277770
9329,Crimson Odyssey 9329,Comedy,2016,6.6,414803
4614,Dark Echo 4614,Horror,1986,5.6,677355
6171,Dark Signal 6171,Drama,2016,6.4,189132
3211,Crimson Chronicles 3211,Documentary,2019,7.6,436628
7705,Lost Chronicles 7705,Thriller,2009,7.5,288259
2800,Quiet Descent 2800,Action,1989,6.3,466302
7733,Forgotten Odyssey 7733,Fantasy,1984,8.4,591208
1342,Crimson Passage 1342,Thriller,2008,7.2,669053
2215,Endless Echo 2215,Romance,1975,8.0,610548
8647,Burning Paradox 8647,Fantasy,2019,7.0,470561
6013,Endless Harbor 6013,Fantasy,1992,8.3,717694
8799,Burning Journey 8799,Documentary,2024,4.9,586811
3661,Golden Passage 3661,Thriller,2009,4.3,737288
2976,Silent Journey 2976,Animation,2008,6.4,985063
531,Last Mirage 531,Thriller,2006,8.3,819575
2111,Burning Mirage 2111,Thriller,1992,9.0,747794
2383,Broken Reflection 2383,Romance,2013,4.7,358973
1654,Endless Reflection 1654,Drama,1984,5.2,587797
5332,Broken Passage 5332,Drama,2000,5.2,703776
6534,Dark Legacy 6534,Drama,2025,7.3,524659
8742,Forgotten Passage 8742,Documentary,2020,8.3,451851
1096,Eternal Signal 1096,Horror,2013,8.3,598714
2748,Fallen Storm 2748,Drama,2001,5.8,118439
7532,Endless Kingdom 7532,Animation,2025,7.6,599702
23,Eternal Horizon 23,Documentary,2023,6.0,375579
6392,Dark Shadow 6392,Fantasy,1989,7.5,564654
3346,Fallen Chronicles 3346,Drama,1998,7.7,69525
7141,Fallen Passage 7141,Horror,2003,7.6,672961
339,Forgotten Horizon 339,Romance,1986,6.7,674380
6464,Golden Legacy 6464,Horror,1984,6.5,673569
9884,Burning Storm 9884,Thriller,1976,5.1,821419
5105,Last Kingdom 5105,Drama,2013,7.0,0
8652,Frozen Passage 8652,Horror,1985,5.7,669434
6899,Lost Signal 6899,Documentary,2008,8.1,799751
4417,Eternal Chronicles 4417,Animation,2025,7.2,516640
3562,Burning Signal 3562,Fantasy,2013,6.2,223069
6345,Endless Chronicles 6345,Horror,1977,7.9,354930
7941,Neon Descent 7941,Romance,2023,8.4,647508
2902,Broken Reflection 2902,Horror,2004,6.4,726714
2724,Golden Verdict 2724,Action,2006,8.8,711395
5971,Silent Shadow 5971,Horror,2023,6.4,547002
243,Golden Kingdom 243,Action,1977,9.0,928579
9047,Endless Shadow 9047,Comedy,2013,7.2,1072711
6970,Broken Kingdom 6970,Action,1974,7.6,731323
5888,Hidden Chronicles 5888,Drama,2002,6.1,648668
2170,Quiet Verdict 2170,SciFi,2012,5.1,403203
9232,Frozen Signal 9232,Thriller,1976,5.9,801367
7810,Distant Signal 7810,Action,2013,6.9,119985
6424,Golden Reflection 6424,Drama,1970,6.1,428317
5786,Eternal Kingdom 5786,SciFi,2017,6.7,253335
9218,Golden Signal 9218,Documentary,1982,6.9,264547
2797,Endless Mirage 2797,Animation,2025,6.4,224415
3474,Silent Shadow 3474,Animation,2000,6.9,873177
1001,Dark Mirage 1001,SciFi,2019,7.9,613844
6185,Dark Chronicles 6185,SciFi,1975,8.0,775968
5455,Dark Descent 5455,Animation,1975,6.0,722583
3648,Wild Journey 3648,Documentary,1977,7.0,46900
4615,Lost Descent 4615,Animation,2011,5.0,699662
5520,Silent Frontier 5520,Thriller,2021,5.0,1002915
2407,Frozen Paradox 2407,Drama,1970,5.7,751047
5576,Silent Horizon 5576,Drama,1973,7.9,478017
519,Silent Reflection 519,Thriller,2013,6.7,40955
8557,Hidden Mirage 8557,Romance,1976,7.5,815509
8034,Frozen Mirage 8034,Comedy,1971,5.0,1130487
3257,Forgotten Legacy 3257,Comedy,1982,8.1,203870
8331,Frozen Descent 8331,Fantasy,1978,5.7,746059
5986,Dark Empire 5986,Comedy,1981,7.5,419512
121,Endless Kingdom 121,Animation,1978,7.4,772884
342,Rising Shadow 342,Animation,2005,5.6,528123
6948,Fallen Frontier 6948,Thriller,1995,5.8,560325
7474,Lost Horizon 7474,SciFi,1983,7.8,1107034
6232,Rising Verdict 6232,SciFi,1982,5.5,834290
501,Forgotten Mirage 501,SciFi,2011,6.8,663857
5689,Last Storm 5689,Drama,1998,7.4,163048
6976,Fallen Chronicles 6976,Fantasy,1976,6.2,812731
4806,Quiet Kingdom 4806,Horror,2025,7.9,705729
6457,Fallen Kingdom 6457,Action,2024,7.0,752454
9107,Last Harbor 9107,Fantasy,2022,6.1,123707
1251,Last Shadow 1251,Thriller,1989,5.9,719238
9888,Endless Shadow 9888,Fantasy,2018,6.0,653123
2043,Quiet Paradox 2043,Action,1989,6.6,378950
6035,Eternal Mirage 6035,Action,2010,7.0,740436
8855,Distant Journey 8855,Horror,1988,7.0,704792
1881,Broken Storm 1881,Comedy,1972,6.8,860068
9584,Forgotten Storm 9584,Thriller,2016,6.5,28261
9392,Crimson Empire 9392,Action,1971,5.0,594637
7805,Silent Odyssey 7805,Action,1983,6.8,569564
7688,Quiet Legacy 7688,Drama,1996,6.9,424242
2545,Rising Journey 2545,Horror,2007,8.0,451646
7490,Broken Passage 7490,Thriller,1975,7.4,305026
1062,Lost Odyssey 1062,Horror,2011,6.7,270402
5991,Burning Kingdom 5991,Romance,1977,6.3,123657
4057,Lost Shadow 4057,Animation,1982,5.6,289061
8144,Forgotten Odyssey 8144,Comedy,2010,7.0,844397
3336,Burning Mirage 3336,Horror,1980,5.4,403952
8920,Silent Descent 8920,Fantasy,1970,5.0,869036
5012,Last Mirage 5012,Horror,2017,4.7,838904
1335,Eternal Echo 1335,Comedy,2007,6.9,772383
6856,Frozen Mirage 6856,Drama,1995,8.9,321494
2903,Lost Horizon 2903,Action,1997,6.0,620968
8346,Dark Odyssey 8346,Animation,1997,6.8,0
223,Burning Paradox 223,SciFi,2007,7.6,713399
8720,Fallen Journey 8720,Documentary,1985,7.3,605452
1999,Eternal Shadow 1999,Horror,1996,6.8,238418
6298,Frozen Verdict 6298,Comedy,2015,6.8,43507
4772,Burning Harbor 4772,Documentary,1991,7.6,9676
6119,Quiet Paradox 6119,Drama,2007,6.3,412389
3375,Endless Signal 3375,Thriller,2020,6.5,209572
6638,Fallen Echo 6638,Comedy,2018,7.5,787320
8593,Silent Passage 8593,Horror,2001,6.0,0
3258,Endless Signal 3258,Romance,1976,8.0,6198
1184,Golden Descent 1184,Thriller,2024,8.0,0
9309,Secret Verdict 9309,Drama,1981,6.7,373717
6951,Dark Horizon 6951,Fantasy,1982,6.7,838234
8464,Burning Echo 8464,Documentary,1976,6.1,1022272
6318,Forgotten Storm 6318,Horror,1975,8.3,598588
9065,Crimson Verdict 9065,Thriller,2014,7.3,411063
8963,Wild Storm 8963,Animation,2008,7.8,563405
7252,Wild Kingdom 7252,Horror,2026,6.9,723440
3672,Endless Echo 3672,Drama,2008,6.5,397727
9439,Burning Passage 9439,Animation,2009,5.8,888329
3103,Dark Paradox 3103,Thriller,1970,6.5,862938
2116,Hidden Storm 2116,SciFi,2002,5.6,854851
8025,Secret Reflection 8025,SciFi,1982,6.3,641734
1350,Rising Frontier 1350,Romance,2008,6.8,748882
8977,Last Shadow 8977,Animation,2018,7.1,640075
2192,Eternal Odyssey 2192,Thriller,2014,7.6,411885
8216,Forgotten Shadow 8216,Thriller,2018,7.9,646833
4342,Last Legacy 4342,Action,2007,6.8,868949
8269,Crimson Odyssey 8269,Romance,1989,8.8,258235
4476,Rising Paradox 4476,Horror,2014,7.1,1163471
8533,Neon Storm 8533,Animation,1979,5.5,367128
4347,Crimson Reflection 4347,Thriller,2023,6.6,0
5897,Distant Paradox 5897,Comedy,1996,5.0,264320
5078,Eternal Shadow 5078,Fantasy,1984,6.1,166698
4355,Eternal Passage 4355,Action,1995,6.8,0
2097,Endless Mirage 2097,Thriller,2026,6.3,829465
1700,Forgotten Verdict 1700,Animation,2026,8.6,871138
98,Secret Descent 98,Comedy,2012,4.8,419285
9074,Forgotten Descent 9074,Fantasy,2001,6.7,934549
3120,Fallen Paradox 3120,Thriller,2018,6.5,564598
7845,Secret Verdict 7845,Action,1994,7.7,561120
5296,Dark Passage 5296,SciFi,1985,5.5,450775
5581,Forgotten Horizon 5581,Documentary,1981,7.3,837772
7554,Quiet Descent 7554,Fantasy,1987,6.5,611480
5686,Secret Shadow 5686,Thriller,2008,5.1,532498
6619,Forgotten Passage 6619,Horror,2023,6.0,316011
4268,Hidden Frontier 4268,Horror,2009,8.6,329845
1615,Dark Verdict 1615,Documentary,2009,7.9,657255
41,Endless Reflection 41,Romance,1983,3.3,594764
3099,Rising Shadow 3099,SciFi,2003,8.6,717001
2322,Dark Harbor 2322,Romance,2015,6.7,621277
9527,Broken Odyssey 9527,Comedy,2002,7.0,413850
7482,Neon Echo 7482,Thriller,1980,5.6,361833
2297,Broken Harbor 2297,SciFi,2000,8.5,119624
9425,Forgotten Harbor 9425,Fantasy,2024,7.1,629098
9556,Crimson Odyssey 9556,Horror,1970,6.8,251932
3713,Dark Journey 3713,Fantasy,1973,6.7,447605
9287,Broken Odyssey 9287,Documentary,1985,6.3,457982
5241,Burning Verdict 5241,Animation,1973,6.2,827358
8936,Rising Paradox 8936,Horror,2013,8.3,364165
4960,Burning Verdict 4960,Comedy,1989,8.1,3019
144,Eternal Frontier 144,Action,2014,6.1,766654
7177,Dark Verdict 7177,SciFi,2002,6.3,1052943
1380,Burning Descent 1380,Animation,1975,7.4,668789
9653,Hidden Requiem 9653,Romance,1983,6.8,210277
2061,Quiet Echo 2061,Romance,1992,6.8,902637
3136,Silent Reflection 3136,Action,2007,3.4,324485
2480,Distant Echo 2480,Animation,2011,7.9,258901
1164,Broken Paradox 1164,Comedy,2004,8.0,395095
8656,Endless Chronicles 8656,Romance,2002,8.2,359979
1161,Golden Echo 1161,Thriller,2010,7.3,564033
1861,Eternal Frontier 1861,Thriller,2005,6.4,752900
8298,Golden Shadow 8298,Fantasy,2014,5.2,1090505
4839,Neon Passage 4839,Comedy,1986,7.2,364002
6308,Crimson Horizon 6308,SciFi,1994,5.2,728028
9778,Quiet Frontier 9778,Romance,1979,5.3,151813
2837,Lost Shadow 2837,Thriller,2020,6.8,814789
6066,Distant Mirage 6066,Fantasy,2010,6.8,844433
6253,Golden Paradox 6253,Thriller,1982,6.9,304259
6947,Frozen Legacy 6947,Comedy,1998,4.3,1257780
2950,Hidden Reflection 2950,Comedy,1986,6.2,668293
3725,Dark Frontier 3725,Fantasy,1977,6.2,144554
3602,Quiet Storm 3602,Comedy,2026,4.9,839139
3992,Burning Requiem 3992,SciFi,2009,6.5,428062
6632,Quiet Descent 6632,SciFi,1991,6.4,484898
150,Neon Legacy 150,Horror,1973,6.6,314679
2393,Silent Harbor 2393,Documentary,1992,10.0,1333382
8510,Golden Horizon 8510,Romance,1972,6.6,719557
4932,Neon Legacy 4932,Animation,1974,7.0,356574
8584,Hidden Paradox 8584,Drama,1983,7.7,680706
593,Forgotten Horizon 593,Comedy,1979,7.0,493371
5531,Wild Journey 5531,Fantasy,2014,7.8,741760
4947,Distant Signal 4947,Animation,1995,6.8,888847
2577,Crimson Paradox 2577,Action,2009,4.6,462223
4903,Eternal Empire 4903,SciFi,2011,7.7,671836
3664,Frozen Horizon 3664,Comedy,2000,3.8,15929
6797,Lost Paradox 6797,SciFi,1988,6.6,438835
9995,Wild Chronicles 9995,Drama,2009,5.4,897161
6847,Forgotten Shadow 6847,Fantasy,2012,6.6,635487
2546,Last Chronicles 2546,Animation,2024,4.2,317445
3509,Frozen Echo 3509,Comedy,1975,6.2,921330
9590,Neon Signal 9590,Thriller,2005,6.9,885413
2872,Dark Legacy 2872,Documentary,1989,5.8,20998
7763,Quiet Shadow 7763,Horror,2015,4.9,186044
9568,Crimson Reflection 9568,SciFi,1976,6.6,783128
600,Rising Legacy 600,Animation,2002,8.3,484693
1586,Wild Reflection 1586,Romance,1972,5.5,961034
7617,Hidden Empire 7617,Animation,2018,6.1,346055
434,Wild Passage 434,Action,2013,7.6,590048
3033,Quiet Requiem 3033,Horror,2017,8.4,793227
9945,Distant Reflection 9945,Documentary,2020,8.4,1143403
1308,Fallen Storm 1308,Drama,2001,4.3,876157
233,Endless Descent 233,Action,1994,7.9,88705
1170,Forgotten Harbor 1170,Thriller,1996,8.0,314382
9244,Forgotten Shadow 9244,Comedy,2025,7.1,993182
6922,Last Horizon 6922,Thriller,1999,5.7,160564
141,Distant Odyssey 141,Documentary,2003,6.9,724970
8020,Neon Paradox 8020,Documentary,1993,6.9,605868
728,Quiet Echo 728,Horror,2010,8.2,1034569
2159,Hidden Chronicles 2159,Animation,1983,3.7,745613
2961,Forgotten Chronicles 2961,SciFi,1982,5.3,781823
6541,Crimson Journey 6541,SciFi,2021,7.8,579450
3854,Forgotten Requiem 3854,Drama,1989,6.2,0
8261,Fallen Echo 8261,SciFi,2017,4.9,103860
8937,Quiet Odyssey 8937,Animation,1980,8.3,1112069
5377,Secret Odyssey 5377,Comedy,1984,7.5,585550
6032,Secret Legacy 6032,Comedy,1998,5.7,708485
432,Forgotten Descent 432,SciFi,2004,5.9,279829
714,Frozen Echo 714,Action,2011,5.7,503375
6159,Hidden Reflection 6159,Documentary,1981,7.8,487970
1401,Neon Journey 1401,Romance,1970,4.5,171842
3418,Forgotten Frontier 3418,Action,1979,7.3,669536
9241,Distant Empire 9241,Comedy,1988,6.5,612480
7904,Last Empire 7904,Thriller,1980,6.7,632047
341,Golden Storm 341,Animation,2013,7.0,151876
1810,Forgotten Paradox 1810,Animation,2026,8.6,486855
2813,Crimson Storm 2813,Comedy,1996,7.6,770855
4985,Wild Legacy 4985,Romance,2001,5.5,970199
5649,Quiet Frontier 5649,Drama,1981,6.0,0
7182,Eternal Journey 7182,Fantasy,2008,8.7,563888
3554,Golden Mirage 3554,Drama,1995,6.5,717517
4048,Frozen Shadow 4048,Fantasy,2001,6.6,664629
7167,Fallen Paradox 7167,Fantasy,2017,4.5,55316
3756,Rising Harbor 3756,Drama,2015,5.6,354237
3313,Burning Requiem 3313,Animation,1981,8.2,207629
6501,Fallen Paradox 6501,Comedy,2014,7.8,654488
4757,Frozen Horizon 4757,Action,2009,6.4,623844
4977,Neon Odyssey 4977,Romance,2007,6.8,625166
140,Neon Horizon 140,Action,2004,6.4,816066
5924,Wild Paradox 5924,SciFi,2011,5.6,642055
2187,Last Verdict 2187,Comedy,1984,5.5,714840
6432,Fallen Journey 6432,SciFi,2003,6.4,830768
9463,Burning Kingdom 9463,Horror,1998,6.9,813283
5328,Golden Descent 5328,Drama,2012,5.1,353573
9775,Distant Journey 9775,Horror,1983,6.1,887549
6548,Secret Legacy 6548,Documentary,1975,6.2,490305
2572,Burning Journey 2572,Thriller,2002,6.5,278439
6162,Secret Signal 6162,Romance,1998,6.0,460596
2729,Last Passage 2729,Comedy,1978,5.2,591751
7957,Frozen Odyssey 7957,Horror,1990,5.4,600757
4475,Rising Kingdom 4475,Fantasy,2017,7.0,411929
6761,Secret Mirage 6761,Fantasy,1975,8.6,97054
5928,Forgotten Odyssey 5928,Horror,1992,7.6,271554
4497,Distant Requiem 4497,Documentary,2002,6.4,366583
6001,Silent Journey 6001,Drama,2003,7.5,1026989
5336,Distant Journey 5336,Drama,2021,7.1,127876
9596,Golden Kingdom 9596,Animation,2013,5.9,247173
6777,Endless Legacy 6777,Fantasy,2023,7.1,647826
9505,Hidden Frontier 9505,Action,2011,5.1,767239
450,Fallen Shadow 450,Romance,1982,5.7,591796
476,Frozen Harbor 476,Comedy,1981,6.6,730416
7609,Rising Frontier 7609,Action,2013,6.6,428446
5118,Endless Odyssey 5118,SciFi,1972,7.7,926808
2622,Last Mirage 2622,Fantasy,1987,8.3,160352
7302,Crimson Harbor 7302,Horror,2011,6.0,572042
8646,Dark Mirage 8646,Romance,1992,3.7,637889
8369,Wild Odyssey 8369,Drama,2005,7.7,824481
1958,Golden Journey 1958,Thriller,1996,6.3,267974
9149,Rising Harbor 9149,Action,2011,6.8,144282
6955,Endless Chronicles 6955,Animation,2016,5.8,159103
9025,Forgotten Paradox 9025,Romance,2004,7.9,72186
4066,Broken Journey 4066,Thriller,1999,6.4,781984
9582,Forgotten Mirage 9582,Animation,2000,4.8,339589
8699,Silent Horizon 8699,Animation,2007,5.9,1014954
4850,Frozen Mirage 4850,Drama,1977,6.1,731484
7995,Hidden Chronicles 7995,Comedy,2017,7.9,300639
54,Golden Frontier 54,Fantasy,2016,7.1,573491
7975,Dark Frontier 7975,Fantasy,1980,7.3,806547
981,Lost Paradox 981,Horror,2016,6.2,269301
9336,Hidden Storm 9336,Horror,2002,7.2,272204
8208,Burning Echo 8208,Documentary,2000,7.7,262698
6128,Forgotten Horizon 6128,SciFi,1981,5.4,459719
67,Quiet Passage 67,Action,1994,6.0,865749
2549,Silent Kingdom 2549,Drama,1981,4.1,219466
5054,Broken Legacy 5054,Thriller,2026,5.5,0
5749,Crimson Harbor 5749,Romance,1983,7.5,744313
1399,Hidden Passage 1399,Fantasy,1990,7.7,1047629
2203,Silent Shadow 2203,Horror,2001,6.9,795414
3054,Burning Passage 3054,Animation,1978,8.2,591742
5961,Eternal Journey 5961,Action,2014,8.9,535713
9980,Golden Horizon 9980,Action,1982,6.1,920762
2411,Fallen Mirage 2411,Comedy,2011,8.2,611657
2384,Dark Frontier 2384,Action,1970,6.4,401932
1746,Silent Kingdom 1746,Thriller,2019,6.2,283247
13,Distant Legacy 13,Documentary,1996,8.5,608673
3361,Wild Horizon 3361,Romance,2001,4.1,539911
5567,Distant Horizon 5567,Drama,1993,6.3,545144
3409,Hidden Paradox 3409,Horror,2013,7.0,46763
4891,Distant Paradox 4891,Fantasy,1970,8.4,644139
7650,Rising Mirage 7650,Thriller,2013,5.4,363928
6879,Forgotten Journey 6879,Romance,1994,6.1,1025189
9756,Broken Passage 9756,SciFi,1978,7.6,505011
1207,Frozen Storm 1207,Horror,2009,8.2,409491
409,Dark Journey 409,Action,2008,9.4,328101
8660,Hidden Horizon 8660,Comedy,2015,6.1,728090
6107,Frozen Legacy 6107,Drama,1990,7.2,478069
8634,Wild Empire 8634,SciFi,2004,7.6,417611
7005,Rising Storm 7005,Fantasy,1989,7.1,1216341
313,Distant Reflection 313,Romance,2015,6.3,879755
6507,Dark Reflection 6507,Horror,1998,5.3,0
8721,Distant Mirage 8721,Drama,1972,7.0,553652
7228,Last Mirage 7228,Animation,2025,7.0,406571
4302,Last Passage 4302,Comedy,1997,6.7,320548
337,Neon Chronicles 337,Fantasy,1997,7.7,466666
6890,Eternal Odyssey 6890,Comedy,2006,6.5,1130607
633,Last Passage 633,Horror,1995,5.4,443237
857,Secret Paradox 857,Comedy,1998,6.9,939199
6767,Silent Paradox 6767,Fantasy,2014,8.1,728470
9506,Crimson Chronicles 9506,Animation,2011,8.5,140786
3805,Hidden Legacy 3805,Fantasy,2012,7.6,712619
439,Forgotten Signal 439,Animation,2026,8.5,424042
3414,Lost Harbor 3414,SciFi,1970,5.0,694849
7416,Distant Harbor 7416,Horror,2004,7.8,452161
2093,Neon Paradox 2093,Action,2021,4.6,490638
1052,Silent Legacy 1052,Action,2025,5.3,986301
2436,Neon Requiem 2436,Drama,1987,4.3,595392
9117,Broken Horizon 9117,Drama,1983,6.2,996037
9624,Broken Mirage 9624,Documentary,1993,6.9,771985
5601,Forgotten Requiem 5601,Romance,1976,6.9,482114
5828,Neon Odyssey 5828,Drama,2026,7.9,708159
7598,Broken Paradox 7598,Horror,1990,7.8,409464
3974,Eternal Shadow 3974,Horror,1998,4.9,407159
8322,Hidden Requiem 8322,Thriller,2023,8.3,1226625
5569,Broken Chronicles 5569,Action,1998,7.4,462835
6616,Dark Storm 6616,Romance,1974,6.7,37883
9301,Rising Mirage 9301,Horror,2015,5.4,406513
1067,Broken Legacy 1067,Romance,2024,4.2,863165
7522,Last Horizon 7522,Drama,2004,5.2,571185
4520,Dark Descent 4520,SciFi,1972,5.9,929149
7412,Lost Paradox 7412,Comedy,1998,5.4,562213
4505,Silent Verdict 4505,Fantasy,2015,6.6,795050
1083,Neon Mirage 1083,Drama,2019,5.7,302830
5114,Forgotten Descent 5114,Documentary,2000,6.5,387415
5703,Lost Descent 5703,Romance,1971,7.3,34473
4716,Broken Horizon 4716,Animation,1996,7.8,154396
5663,Frozen Odyssey 5663,Animation,2018,5.0,122129
6753,Wild Kingdom 6753,Horror,2002,7.8,250355
6321,Secret Empire 6321,Comedy,1985,7.8,257415
2176,Silent Storm 2176,Thriller,2019,7.9,773431
2853,Forgotten Horizon 2853,Horror,1973,8.6,404260
1844,Neon Harbor 1844,Thriller,2017,6.3,344316
174,Eternal Echo 174,Animation,1984,6.5,388453
8564,Secret Kingdom 8564,Comedy,2000,6.3,484696
6036,Rising Horizon 6036,Drama,2022,6.3,328788
6657,Frozen Horizon 6657,Animation,1992,4.6,409812
1054,Fallen Descent 1054,Thriller,1989,5.4,459524
8396,Rising Paradox 8396,Romance,1974,9.1,674470
9444,Frozen Storm 9444,SciFi,1975,5.0,566277
3077,Secret Harbor 3077,Drama,1973,6.1,241169
6730,Dark Kingdom 6730,Romance,1973,6.4,631715
4481,Hidden Paradox 4481,Drama,2025,5.6,473734
6259,Distant Chronicles 6259,Comedy,1983,7.5,929363
6559,Distant Odyssey 6559,Thriller,1990,6.1,298118
5418,Endless Requiem 5418,Fantasy,2011,5.8,663382
6941,Forgotten Mirage 6941,Animation,1973,5.9,581182
7096,Crimson Journey 7096,Thriller,2016,6.1,110709
5146,Wild Descent 5146,Horror,2005,7.4,360193
8941,Eternal Empire 8941,Action,1989,5.5,448188
8661,Wild Chronicles 8661,Romance,1973,5.8,69690
1196,Secret Passage 1196,Documentary,1999,5.3,579642
6177,Neon Echo 6177,SciFi,1981,6.5,532477
3483,Neon Requiem 3483,Drama,1992,5.6,984208
7537,Golden Shadow 7537,Drama,2016,6.2,178063
7170,Forgotten Mirage 7170,Animation,2018,6.3,814932
7679,Dark Passage 7679,Documentary,2007,4.5,790576
794,Last Kingdom 794,Comedy,2013,6.2,120772
9273,Neon Legacy 9273,Action,1970,5.5,560609
8674,Endless Shadow 8674,Animation,2019,7.2,0
4978,Wild Signal 4978,SciFi,2015,7.4,527069
7619,Distant Requiem 7619,Drama,1990,5.5,832933
4207,Broken Descent 4207,Romance,2007,8.5,346578
375,Lost Harbor 375,Horror,1986,9.5,491785
6274,Last Storm 6274,Thriller,2019,6.3,156417
3100,Wild Verdict 3100,Comedy,2019,6.5,46486
1405,Secret Journey 1405,Action,1993,7.1,800613
705,Crimson Empire 705,Documentary,1996,5.6,38631
8091,Fallen Chronicles 8091,Action,1979,7.7,710157
1723,Neon Frontier 1723,Comedy,1992,7.0,438085
3152,Lost Empire 3152,Thriller,2007,6.7,803468
2418,Distant Legacy 2418,Horror,1973,6.2,328820
7870,Frozen Signal 7870,Fantasy,1987,8.6,1282962
1841,Frozen Frontier 1841,Thriller,2018,6.8,1086482
6504,Silent Harbor 6504,Drama,1997,6.1,292555
2900,Hidden Passage 2900,Drama,1978,8.7,917371
8087,Eternal Odyssey 8087,Horror,1985,6.9,666690
1027,Endless Requiem 1027,Documentary,2004,6.8,16276
7424,Burning Passage 7424,SciFi,2015,4.8,596304
7865,Quiet Odyssey 7865,SciFi,1973,7.6,262483
6498,Fallen Verdict 6498,Horror,2026,4.9,0
3765,Eternal Chronicles 3765,Action,1970,7.9,265902
6426,Golden Chronicles 6426,Drama,1979,6.4,1051860
7473,Forgotten Storm 7473,Comedy,1979,6.3,205340
9535,Burning Echo 9535,Horror,1991,6.5,369229
9743,Eternal Mirage 9743,Drama,2001,6.7,581183
9013,Crimson Paradox 9013,Drama,2025,7.8,470990
2133,Last Chronicles 2133,Animation,2002,5.1,811316
5632,Crimson Passage 5632,Animation,1990,7.2,924308
775,Quiet Paradox 775,Fantasy,2010,5.7,0
2601,Rising Shadow 2601,Fantasy,1983,8.4,481028
2091,Hidden Odyssey 2091,SciFi,1992,8.0,244355
8967,Hidden Verdict 8967,Horror,2003,6.5,564021
9788,Forgotten Odyssey 9788,Action,1979,6.7,991982
3747,Dark Journey 3747,SciFi,2020,6.4,1237998
6630,Neon Signal 6630,Romance,2007,6.4,364192
908,Lost Frontier 908,Comedy,2025,7.2,248464
7165,Last Mirage 7165,Animation,2024,6.4,42269
6285,Burning Verdict 6285,SciFi,2011,7.3,798652
9246,Dark Kingdom 9246,Fantasy,2024,7.1,43784
2810,Endless Requiem 2810,Romance,2025,8.6,312698
3270,Frozen Journey 3270,Fantasy,2026,8.7,184522
7491,Neon Horizon 7491,Drama,1982,8.9,688752
9471,Fallen Frontier 9471,Horror,2009,7.1,0
6503,Lost Signal 6503,Comedy,2022,4.7,1129994
9791,Quiet Reflection 9791,Action,1976,8.4,1119254
9986,Forgotten Horizon 9986,Thriller,2004,6.8,155677
2182,Lost Signal 2182,Horror,2008,5.4,289667
11,Eternal Shadow 11,Fantasy,1989,4.4,403521
1996,Crimson Echo 1996,Horror,1992,5.9,542799
9745,Secret Odyssey 9745,SciFi,2025,8.2,692916
17,Quiet Chronicles 17,Horror,2026,6.7,444098
6506,Endless Paradox 6506,SciFi,2006,6.3,690293
8237,Rising Odyssey 8237,Romance,2001,4.6,487848
9946,Eternal Empire 9946,Romance,1994,6.3,776977
1279,Wild Paradox 1279,Drama,1976,6.1,978647
676,Dark Harbor 676,Drama,2012,7.8,403298
2565,Wild Echo 2565,Horror,2001,5.5,898400
4043,Hidden Frontier 4043,Documentary,1998,7.6,337433
5205,Crimson Reflection 5205,Comedy,1995,6.6,618840
1783,Distant Kingdom 1783,Horror,1989,7.0,56737
3333,Eternal Harbor 3333,SciFi,1977,5.6,55195
6575,Wild Paradox 6575,Documentary,1988,5.6,492376
4110,Distant Paradox 4110,Fantasy,2008,6.2,460393
5082,Hidden Signal 5082,Action,2012,6.7,857872
8333,Hidden Kingdom 8333,Action,1984,6.3,668901
8062,Neon Legacy 8062,Horror,1981,7.3,933845
3546,Burning Frontier 3546,Comedy,2017,6.5,881606
366,Eternal Shadow 366,Fantasy,2025,5.4,856954
5015,Dark Legacy 5015,Action,1970,7.8,863498
9798,Forgotten Chronicles 9798,Fantasy,2026,6.1,443874
3385,Quiet Empire 3385,SciFi,2023,8.7,294800
244,Wild Legacy 244,Action,1971,8.6,619217
58,Quiet Signal 58,Fantasy,2002,6.2,376243
9467,Neon Paradox 9467,Thriller,2014,9.0,344915
8833,Dark Signal 8833,Fantasy,1996,8.3,601833
1088,Hidden Echo 1088,Animation,2001,7.5,663097
1630,Silent Requiem 1630,Horror,1984,7.7,276172
6246,Fallen Frontier 6246,Thriller,1973,9.3,696491
522,Dark Reflection 522,Animation,2017,8.6,887236
4174,Burning Reflection 4174,Fantasy,1994,6.6,371627
2555,Endless Paradox 2555,Animation,1999,5.3,902659
1741,Burning Legacy 1741,Comedy,1995,7.5,142928
4291,Wild Mirage 4291,Fantasy,1985,10.0,304740
7078,Neon Requiem 7078,Documentary,1981,6.6,531589
4673,Golden Frontier 4673,Horror,2010,6.7,662148
9221,Hidden Shadow 9221,Drama,2013,3.9,167575
4036,Crimson Reflection 4036,Romance,2000,6.4,590768
2185,Last Journey 2185,Fantasy,1976,6.7,677913
4396,Neon Requiem 4396,Thriller,1971,7.1,274659
4140,Hidden Requiem 4140,Action,1984,9.4,424425
4695,Endless Horizon 4695,Thriller,2009,6.5,445488
8650,Fallen Harbor 8650,Thriller,2022,8.2,283880
5560,Frozen Harbor 5560,Animation,2013,6.6,646218
9114,Secret Chronicles 9114,Horror,1986,6.8,410480
4247,Last Requiem 4247,Horror,2025,7.2,254521
3900,Crimson Frontier 3900,Fantasy,2008,5.8,684179
8161,Rising Frontier 8161,Comedy,2000,7.2,197408
239,Lost Empire 239,Romance,1982,7.6,316904
6645,Crimson Storm 6645,Romance,2013,5.7,480771
3817,Distant Requiem 3817,Thriller,1989,9.1,613682
5698,Crimson Reflection 5698,Animation,1977,7.5,329040
1352,Hidden Paradox 1352,Action,1971,7.3,699006
9245,Distant Journey 9245,Horror,1970,4.6,1068285
7429,Hidden Kingdom 7429,Fantasy,1995,6.9,557589
5338,Endless Reflection 5338,Romance,2026,6.1,508406
1515,Quiet Signal 1515,Comedy,2023,6.6,612384
4994,Silent Journey 4994,SciFi,2018,6.0,592668
8845,Dark Paradox 8845,Romance,1996,8.2,989777
7720,Crimson Chronicles 7720,Thriller,1977,7.3,572887
1549,Frozen Harbor 1549,Documentary,1975,5.7,1088559
7018,Secret Storm 7018,Drama,2005,8.5,513605
9338,Lost Kingdom 9338,Thriller,2006,5.5,620994
4488,Endless Chronicles 4488,Documentary,2018,4.7,338810
3215,Neon Harbor 3215,Horror,1995,8.7,634851
8145,Burning Verdict 8145,Animation,1974,6.2,249967
7235,Crimson Kingdom 7235,Thriller,2015,8.2,394029
7288,Frozen Chronicles 7288,Comedy,2022,8.1,605978
3208,Lost Journey 3208,Action,2024,7.2,419513
4385,Dark Echo 4385,Comedy,1975,5.7,588789
8657,Hidden Storm 8657,Action,1999,8.4,438970
8454,Frozen Kingdom 8454,Action,1988,6.7,785268
4874,Fallen Harbor 4874,SciFi,2010,7.1,149726
6218,Rising Reflection 6218,Action,1980,7.5,333796
9200,Burning Mirage 9200,Horror,2011,6.2,545883
3507,Silent Storm 3507,Documentary,2017,7.6,625913
8983,Golden Legacy 8983,Drama,2013,7.7,330011
7761,Hidden Chronicles 7761,Documentary,2011,5.6,893916
1668,Rising Harbor 1668,Action,1977,8.4,751550
5519,Forgotten Frontier 5519,Drama,1977,5.0,543865
6745,Neon Mirage 6745,Horror,1991,8.8,612296
7795,Wild Journey 7795,Animation,1987,7.0,419043
9101,Fallen Mirage 9101,Action,2012,8.2,401667
9762,Last Paradox 9762,Animation,1994,8.3,420402
2963,Broken Verdict 2963,Horror,2017,6.2,677782
3763,Burning Horizon 3763,Documentary,1984,7.7,615104
9063,Hidden Paradox 9063,Fantasy,1986,7.8,53083
8832,Frozen Descent 8832,Drama,1987,7.0,284654
1838,Eternal Harbor 1838,Horror,1988,6.1,704201
1377,Wild Descent 1377,Animation,2007,6.2,682454
2538,Broken Odyssey 2538,Drama,2015,6.1,355932
3962,Forgotten Chronicles 3962,Action,2016,6.4,424590
3589,Distant Legacy 3589,Drama,2019,6.3,187026
3275,Dark Frontier 3275,Documentary,1980,4.8,1363271
2364,Lost Kingdom 2364,Romance,2024,5.6,297096
9067,Endless Horizon 9067,Drama,2017,7.8,476926
9436,Wild Mirage 9436,Horror,1983,7.9,340757
6098,Neon Legacy 6098,Romance,2019,7.4,613989
5615,Silent Journey 5615,Thriller,1995,4.5,571999
3423,Silent Echo 3423,Documentary,2019,8.9,497468
6673,Endless Requiem 6673,Documentary,2001,6.5,4357
2048,Endless Journey 2048,Horror,2007,3.9,417936
4881,Wild Legacy 4881,Romance,1996,6.5,343067
7291,Fallen Passage 7291,SciFi,2011,5.9,512674
5976,Neon Journey 5976,Drama,2012,7.4,285658
315,Fallen Kingdom 315,Horror,1989,7.1,558270
2994,Forgotten Journey 2994,Romance,1976,7.3,193316
1936,Forgotten Harbor 1936,Documentary,2002,6.3,7159
7168,Silent Paradox 7168,Animation,1979,6.4,315189
9507,Burning Horizon 9507,Drama,2010,5.4,448981
6584,Dark Echo 6584,Fantasy,2017,6.2,194559
2448,Last Mirage 2448,Horror,2009,7.4,210783
6417,Dark Requiem 6417,Animation,1981,7.9,0
7855,Golden Echo 7855,Romance,1981,6.2,856045
8858,Broken Reflection 8858,Thriller,1997,6.5,940875
489,Wild Requiem 489,Comedy,1982,6.4,376736
3037,Endless Mirage 3037,Animation,1980,5.8,420558
926,Wild Paradox 926,Comedy,2008,4.9,205337
2314,Eternal Requiem 2314,Action,1985,6.1,562364
5499,Fallen Empire 5499,Romance,1981,9.4,698423
9389,Forgotten Descent 9389,Romance,2023,4.2,413031
1114,Lost Odyssey 1114,SciFi,1987,6.7,0
5353,Forgotten Empire 5353,Animation,2010,7.4,928774
2587,Neon Harbor 2587,Comedy,2020,7.5,555945
2754,Eternal Shadow 2754,Horror,2003,9.2,30795
4644,Hidden Verdict 4644,Action,2005,8.2,384500
8344,Silent Paradox 8344,Horror,1978,7.1,246880
553,Wild Echo 553,Thriller,1992,8.1,159070
8005,Secret Passage 8005,Animation,1970,7.6,780402
646,Forgotten Odyssey 646,Horror,2021,5.4,646013
7608,Distant Descent 7608,Horror,1983,6.5,178424
3730,Lost Descent 3730,Comedy,1975,7.6,369592
4119,Hidden Requiem 4119,Romance,2002,7.3,922496
2042,Burning Shadow 2042,Romance,2009,6.1,391647
1511,Hidden Shadow 1511,Comedy,1997,7.5,494930
8009,Secret Signal 8009,Fantasy,1989,6.0,250268
4803,Eternal Shadow 4803,Drama,2009,6.9,214968
485,Secret Passage 485,Animation,1973,6.4,317543
6568,Eternal Frontier 6568,Comedy,2004,6.4,536720
5087,Forgotten Verdict 5087,Animation,2005,7.7,426835
2591,Neon Passage 2591,Action,2007,6.9,0
6044,Crimson Kingdom 6044,Animation,1970,7.4,313897
3205,Broken Chronicles 3205,SciFi,2008,4.5,1021445
6276,Rising Empire 6276,Drama,2018,6.1,0
194,Endless Signal 194,Action,2008,7.9,367001
2713,Broken Harbor 2713,Thriller,1995,4.3,770875
8944,Eternal Empire 8944,Drama,2010,9.0,209749
9773,Burning Requiem 9773,Animation,1998,6.9,811699
3861,Burning Echo 3861,Thriller,2020,10.0,1025856
1436,Wild Requiem 1436,Romance,1983,5.8,825179
4813,Endless Requiem 4813,Horror,1997,3.5,0
2588,Frozen Odyssey 2588,SciFi,2014,8.4,626266
1788,Rising Shadow 1788,Horror,2026,6.9,456307
7675,Burning Requiem 7675,Fantasy,2018,5.8,729244
6643,Forgotten Odyssey 6643,Fantasy,2006,6.7,543039
5104,Neon Echo 5104,Comedy,2015,7.7,585885
3894,Neon Reflection 3894,Comedy,1991,4.5,695029
7618,Neon Legacy 7618,Horror,2000,6.8,427995
5322,Dark Storm 5322,Thriller,1972,4.7,911889
1369,Distant Mirage 1369,Documentary,2025,6.8,366226
3243,Distant Legacy 3243,SciFi,2026,7.5,277003
1897,Burning Journey 1897,Drama,2011,7.5,467088
6516,Secret Odyssey 6516,Horror,1973,8.6,450724
2252,Quiet Kingdom 2252,Animation,1980,7.2,766680
8987,Fallen Legacy 8987,Documentary,1980,6.8,469935
9782,Wild Chronicles 9782,Drama,1986,8.5,700013
4236,Quiet Journey 4236,Comedy,2005,6.5,273817
7841,Endless Storm 7841,Comedy,2004,6.6,773048
947,Rising Signal 947,Horror,2019,6.1,0
2864,Fallen Echo 2864,Action,2007,6.1,1473992
5739,Silent Signal 5739,Comedy,2020,8.0,330655
4937,Frozen Odyssey 4937,Thriller,1991,6.4,1023779
3722,Fallen Paradox 3722,Documentary,2001,9.1,296585
5200,Distant Signal 5200,SciFi,1974,6.5,934312
1363,Last Horizon 1363,Romance,2023,7.8,818856
8170,Frozen Odyssey 8170,Thriller,2003,4.6,747696
7654,Secret Echo 7654,Action,1977,8.1,423565
5571,Dark Kingdom 5571,Fantasy,2010,7.1,730593
4508,Lost Frontier 4508,Drama,2011,6.0,698635
9576,Endless Verdict 9576,Romance,1984,4.9,555225
8743,Last Storm 8743,Comedy,1975,7.4,878165
7923,Secret Echo 7923,Drama,2006,5.6,0
7477,Neon Legacy 7477,Comedy,2022,7.3,313011
6421,Rising Mirage 6421,SciFi,1997,3.4,267647
9994,Last Mirage 9994,Animation,2022,6.1,13655
8563,Rising Harbor 8563,Drama,2003,7.6,1006884
4227,Silent Harbor 4227,Thriller,1970,6.8,349496
5772,Dark Frontier 5772,Thriller,2023,5.6,978626
7779,Hidden Journey 7779,Thriller,2011,8.0,754575
2118,Forgotten Echo 2118,Romance,2002,7.6,876149
946,Rising Requiem 946,Drama,1990,5.1,606535
3045,Rising Paradox 3045,Animation,2005,6.4,246833
9544,Secret Mirage 9544,Action,1980,6.5,461513
2995,Frozen Requiem 2995,Romance,1993,8.2,92562
5844,Neon Kingdom 5844,Animation,2000,9.7,562200
6635,Quiet Verdict 6635,Documentary,2016,5.9,247296
2336,Rising Horizon 2336,SciFi,1976,7.1,0
7419,Secret Requiem 7419,Comedy,2010,7.0,626437
3622,Rising Harbor 3622,Action,2018,8.7,507122
1771,Golden Journey 1771,SciFi,1978,9.3,775934
231,Lost Echo 231,Fantasy,2011,5.1,481244
4324,Endless Signal 4324,Drama,2012,5.3,288669
2951,Neon Verdict 2951,Horror,2001,7.9,507345
2253,Golden Signal 2253,Comedy,1991,6.8,312070
4596,Quiet Reflection 4596,Thriller,1991,6.2,225458
4163,Burning Chronicles 4163,SciFi,2007,7.1,309881
1604,Secret Reflection 1604,Horror,1981,6.0,484564
4760,Frozen Storm 4760,Action,2000,8.9,754516
8283,Quiet Shadow 8283,Thriller,2014,8.0,692407
9371,Crimson Paradox 9371,Romance,1999,6.3,185776
5847,Crimson Frontier 5847,Action,1979,6.2,227708
3334,Hidden Verdict 3334,Animation,2017,7.7,1048014
230,Silent Mirage 230,Animation,2012,7.4,439711
9632,Distant Frontier 9632,Drama,1992,7.1,323074
9620,Neon Passage 9620,Romance,2026,7.3,968625
3568,Neon Harbor 3568,Thriller,1986,5.4,310507
4359,Silent Chronicles 4359,Horror,1997,9.0,416496
5850,Eternal Verdict 5850,Horror,2012,7.2,511859
3936,Lost Reflection 3936,Horror,2014,7.7,492427
2432,Lost Legacy 2432,Thriller,1988,7.5,288857
8279,Broken Passage 8279,SciFi,1995,8.4,810393
5620,Golden Paradox 5620,SciFi,2007,7.7,218350
4363,Crimson Requiem 4363,Animation,2014,7.2,1339081
9690,Eternal Storm 9690,Romance,1975,6.1,366570
4128,Neon Odyssey 4128,SciFi,1984,7.8,167491
5547,Hidden Harbor 5547,Animation,1992,8.4,354916
8666,Distant Empire 8666,Action,1982,7.1,585280
3925,Hidden Chronicles 3925,Romance,1997,5.2,875628
2852,Hidden Paradox 2852,Horror,1977,6.9,657571
9897,Lost Frontier 9897,Documentary,1995,8.5,940363
7991,Forgotten Horizon 7991,Documentary,1990,6.2,679462
5872,Secret Passage 5872,Animation,1998,7.5,938918
7264,Neon Shadow 7264,Animation,1983,6.0,485316
2433,Silent Kingdom 2433,Action,1978,5.4,751448
9551,Quiet Passage 9551,Action,1975,7.9,83707
864,Last Reflection 864,Animation,1996,6.3,593702
1667,Golden Storm 1667,Animation,1997,5.9,736794
6658,Neon Shadow 6658,SciFi,1971,6.7,326989
2583,Golden Journey 2583,Horror,1980,6.9,503551
6306,Secret Journey 6306,Comedy,2025,5.2,696055
1395,Eternal Odyssey 1395,Thriller,1991,7.7,535142
6204,Hidden Mirage 6204,SciFi,2018,6.1,675803
4159,Burning Harbor 4159,Fantasy,1978,7.5,1015567
6435,Rising Passage 6435,Thriller,1996,5.9,507483
4256,Broken Signal 4256,Thriller,2001,4.9,1037985
7700,Crimson Kingdom 7700,Horror,2019,5.3,1016254
1913,Golden Verdict 1913,Action,2009,10.0,838591
8705,Endless Passage 8705,Animation,2014,6.5,529705
1197,Hidden Mirage 1197,Drama,2021,8.3,823153
4980,Broken Odyssey 4980,Comedy,1974,7.2,963151
3811,Eternal Harbor 3811,Horror,2003,6.0,217998
8305,Frozen Frontier 8305,SciFi,1994,8.6,1148836
6409,Wild Kingdom 6409,Fantasy,2021,7.6,631234
9917,Dark Kingdom 9917,Horror,2011,6.9,371442
9921,Quiet Journey 9921,Documentary,2017,7.8,449687
7691,Golden Chronicles 7691,Thriller,1985,6.4,369045
5594,Rising Empire 5594,Thriller,1990,8.0,754407
4203,Last Echo 4203,Animation,2003,6.6,749706
1698,Wild Reflection 1698,Documentary,1988,5.9,550695
6708,Burning Paradox 6708,Fantasy,2009,7.2,1211033
4383,Distant Harbor 4383,SciFi,2014,6.8,227022
6271,Dark Frontier 6271,Fantasy,2019,5.0,800741
7955,Rising Passage 7955,Thriller,1973,5.9,466690
104,Hidden Reflection 104,Documentary,1988,6.5,262156
1092,Distant Legacy 1092,Romance,2013,7.4,274389
9483,Burning Frontier 9483,Action,1975,6.2,625455
9852,Distant Storm 9852,Documentary,2010,7.2,986358
6793,Lost Journey 6793,Romance,1985,4.9,528819
8033,Wild Harbor 8033,Action,2014,7.7,726205
5347,Endless Paradox 5347,Fantasy,2004,6.6,306249
4919,Secret Descent 4919,SciFi,2013,8.5,912361
2736,Last Journey 2736,Fantasy,2021,7.1,433548
4217,Golden Legacy 4217,Animation,2001,7.6,812698
9536,Lost Odyssey 9536,Romance,2024,7.2,205022
7036,Neon Chronicles 7036,Animation,1979,6.1,758506
8579,Hidden Journey 8579,Horror,1976,7.0,129665
5300,Crimson Verdict 5300,Action,2005,8.4,782846
5723,Eternal Storm 5723,SciFi,2017,7.3,83830
7611,Secret Signal 7611,Drama,1986,5.6,703369
9036,Crimson Verdict 9036,Drama,2023,7.7,519730
837,Endless Frontier 837,SciFi,1981,5.1,474750
406,Broken Kingdom 406,Fantasy,1987,8.3,293234
9405,Crimson Reflection 9405,Drama,1972,7.5,15768
3727,Forgotten Odyssey 3727,Drama,2024,6.8,699064
9259,Distant Empire 9259,Animation,2003,6.3,499822
8995,Frozen Passage 8995,SciFi,1998,6.6,339248
9525,Silent Verdict 9525,Fantasy,2012,7.4,550457
3362,Hidden Horizon 3362,Horror,2018,5.8,838893
350,Hidden Harbor 350,Documentary,2020,7.7,628405
6602,Frozen Paradox 6602,Drama,2008,6.8,723523
1036,Dark Kingdom 1036,SciFi,2002,7.2,523129
7481,Lost Odyssey 7481,Romance,2025,5.6,228920
4351,Rising Harbor 4351,Thriller,2015,5.9,528274
4321,Crimson Odyssey 4321,Documentary,2020,7.8,946119
3750,Frozen Journey 3750,Drama,2007,6.0,232773
2241,Wild Empire 2241,Comedy,2011,4.7,802178
6064,Neon Descent 6064,Comedy,2014,6.6,0
2004,Frozen Paradox 2004,Fantasy,2014,7.3,354549
5343,Dark Chronicles 5343,Drama,1970,8.5,415228
1906,Endless Verdict 1906,Fantasy,2013,6.8,770340
1107,Rising Odyssey 1107,Drama,1982,6.1,891554
7364,Wild Descent 7364,Drama,1978,6.0,219670
5570,Forgotten Odyssey 5570,Thriller,2017,9.0,537524
5040,Forgotten Legacy 5040,Action,2006,7.5,47765
5730,Burning Journey 5730,Thriller,1980,6.9,890501
525,Secret Paradox 525,Fantasy,1975,7.9,136454
6357,Eternal Descent 6357,Horror,2003,6.8,430819
2016,Wild Verdict 2016,Comedy,2018,6.2,981023
4067,Distant Descent 4067,Comedy,2014,6.2,0
5368,Fallen Reflection 5368,Documentary,2020,6.1,806773
101,Forgotten Kingdom 101,Fantasy,2010,6.5,405851
2561,Quiet Signal 2561,Horror,1973,6.5,454929
1556,Secret Paradox 1556,Drama,1974,6.6,351546
1530,Last Chronicles 1530,Comedy,1986,7.0,553394
1569,Broken Mirage 1569,Thriller,1974,6.0,81160
9192,Secret Requiem 9192,Romance,1982,6.6,292600
4718,Hidden Paradox 4718,Comedy,2007,8.2,372871
9795,Hidden Echo 9795,Horror,1995,4.6,850480
3454,Dark Verdict 3454,Thriller,2022,5.2,514527
1952,Dark Passage 1952,Comedy,1970,7.4,476033
3398,Lost Chronicles 3398,Thriller,1974,5.3,209859
5856,Endless Signal 5856,Action,2009,8.2,185124
8887,Forgotten Echo 8887,Documentary,2000,7.2,569327
8240,Rising Frontier 8240,Drama,2021,6.8,698536
8183,Burning Signal 8183,Romance,2004,5.4,693125
1753,Broken Verdict 1753,Romance,1986,5.5,680482
4002,Hidden Storm 4002,Documentary,2004,5.9,621595
3065,Burning Journey 3065,Documentary,2024,8.7,473752
6277,Secret Legacy 6277,Comedy,2011,6.6,548911
2282,Crimson Storm 2282,Drama,1995,7.9,100305
303,Golden Frontier 303,Thriller,2001,7.6,848874
4830,Frozen Paradox 4830,Documentary,2003,6.5,359050
828,Hidden Passage 828,Animation,2015,5.6,515051
3738,Forgotten Signal 3738,Drama,1976,7.2,823576
357,Hidden Shadow 357,SciFi,1990,5.2,330840
4429,Burning Legacy 4429,Thriller,2017,6.1,249739
4412,Lost Kingdom 4412,SciFi,2006,7.4,862201
4459,Rising Signal 4459,Comedy,2023,7.6,567691
9098,Wild Journey 9098,Drama,1979,7.9,274863
7862,Silent Kingdom 7862,Fantasy,2003,6.3,770459
7174,Lost Odyssey 7174,Horror,2025,6.3,892696
139,Forgotten Echo 139,Fantasy,1982,6.1,638016
290,Golden Harbor 290,Horror,1999,8.8,487706
1223,Last Signal 1223,Romance,1974,7.2,633436
9220,Crimson Paradox 9220,SciFi,1988,8.0,502182
8575,Last Descent 8575,SciFi,1980,6.0,163428
9714,Eternal Storm 9714,Comedy,2007,7.1,984868
5161,Silent Mirage 5161,Documentary,1978,7.0,854905
2402,Quiet Verdict 2402,Thriller,2023,7.2,1076962
8132,Rising Passage 8132,Horror,1979,6.2,530116
385,Endless Shadow 385,Action,1996,8.0,317472
6926,Golden Paradox 6926,Drama,2001,7.2,926672
3312,Eternal Mirage 3312,Thriller,1985,4.8,418970
9554,Wild Mirage 9554,Comedy,1996,3.8,713437
4555,Frozen Horizon 4555,Romance,1980,7.9,390822
9020,Distant Empire 9020,Documentary,1973,6.4,654641
8711,Crimson Odyssey 8711,Comedy,1993,6.7,0
7745,Burning Requiem 7745,Action,1973,9.1,621372
5707,Rising Journey 5707,Animation,1970,10.0,687266
3544,Neon Reflection 3544,Fantasy,1983,8.1,735294
182,Dark Mirage 182,SciFi,1974,7.4,1011590
1782,Rising Requiem 1782,SciFi,1998,6.6,289815
9355,Frozen Verdict 9355,Horror,2013,5.3,585398
4416,Broken Shadow 4416,Romance,1999,9.1,368196
4249,Quiet Signal 4249,Thriller,2014,7.2,299264
2117,Dark Reflection 2117,SciFi,2019,7.0,633726
3708,Burning Reflection 3708,Horror,1972,5.6,84614
4559,Hidden Empire 4559,Romance,2023,6.4,495785
1702,Burning Verdict 1702,Animation,2019,5.2,995133
8031,Endless Kingdom 8031,Comedy,2026,5.1,357242
9873,Neon Paradox 9873,Comedy,2008,7.8,480067
7692,Endless Harbor 7692,Romance,1979,6.3,1089108
7499,Hidden Paradox 7499,Documentary,1990,6.1,213250
7065,Golden Legacy 7065,Comedy,1972,7.1,907200
5694,Wild Mirage 5694,Documentary,2009,7.3,423752
6860,Broken Frontier 6860,Horror,2010,8.3,546222
3889,Crimson Shadow 3889,Animation,2005,5.4,589220
9271,Golden Passage 9271,Horror,1976,5.6,748008
6228,Endless Paradox 6228,SciFi,1985,6.6,385562
5252,Endless Kingdom 5252,Romance,1998,7.3,442450
5851,Golden Odyssey 5851,Romance,2016,6.8,929460
1082,Endless Passage 1082,Action,1973,6.1,214241
7526,Silent Mirage 7526,Thriller,1970,4.5,551279
943,Dark Reflection 943,Fantasy,2016,6.4,9410
3630,Silent Descent 3630,Horror,2021,6.6,187698
7071,Lost Descent 7071,Action,1987,7.9,507658
4840,Crimson Chronicles 4840,SciFi,1983,5.0,447845
2030,Dark Empire 2030,Animation,1997,7.2,450953
1051,Crimson Journey 1051,Comedy,2021,5.5,805220
4569,Burning Horizon 4569,Fantasy,1988,7.0,541535
3005,Silent Journey 3005,SciFi,1975,8.9,816548
53,Quiet Empire 53,Fantasy,1970,6.9,331368
1537,Burning Frontier 1537,Action,2003,6.6,561056
5657,Forgotten Descent 5657,Action,2005,7.3,446552
8946,Burning Verdict 8946,Horror,1995,6.4,528927
7111,Last Signal 7111,Comedy,1984,7.9,224816
8613,Endless Verdict 8613,Fantasy,2007,8.3,508032
5148,Forgotten Paradox 5148,SciFi,2013,10.0,522679
2943,Fallen Descent 2943,Animation,1978,7.7,673048
9711,Distant Passage 9711,Animation,1974,7.1,341713
8854,Wild Frontier 8854,Action,1983,6.5,425484
2352,Last Echo 2352,Action,1989,7.8,604726
4974,Dark Chronicles 4974,Romance,2019,7.7,712182
2424,Secret Frontier 2424,Drama,2003,6.7,650599
2315,Endless Storm 2315,Horror,1996,7.0,772076
316,Endless Mirage 316,Action,2020,5.3,498010
3023,Hidden Descent 3023,Animation,1970,8.2,732318
4845,Secret Shadow 4845,Horror,2001,7.4,510789
4328,Golden Kingdom 4328,Horror,1979,8.5,400458
7994,Broken Mirage 7994,SciFi,1990,7.7,98836
7124,Forgotten Signal 7124,Horror,1982,4.6,42615
1423,Distant Frontier 1423,Drama,2020,5.3,768272
3034,Burning Kingdom 3034,Action,1975,6.3,571912
867,Golden Verdict 867,Fantasy,1996,6.0,231287
117,Golden Odyssey 117,SciFi,1997,6.0,486601
9407,Crimson Echo 9407,Action,1973,6.5,719252
2863,Lost Shadow 2863,Drama,1974,6.2,449364
7189,Quiet Signal 7189,Action,1995,4.2,254192
4510,Last Harbor 4510,SciFi,2006,4.0,382368
4788,Frozen Harbor 4788,Comedy,2002,8.0,434855
8416,Eternal Mirage 8416,SciFi,1987,9.2,406850
8986,Distant Horizon 8986,Comedy,1979,7.0,569606
25,Golden Echo 25,Fantasy,2011,6.6,410600
2026,Wild Verdict 2026,Animation,1984,7.6,738838
5221,Rising Journey 5221,Drama,2003,8.4,608826
9049,Lost Odyssey 9049,Comedy,1979,7.2,646782
6828,Distant Passage 6828,Thriller,2022,5.7,524042
3656,Rising Horizon 3656,Action,1983,7.4,0
570,Endless Mirage 570,Horror,1986,9.1,276359
502,Silent Horizon 502,Horror,2023,7.5,727194
1816,Distant Signal 1816,Action,1988,6.3,0
1040,Forgotten Harbor 1040,Romance,1985,6.6,944808
8085,Eternal Horizon 8085,Action,1976,6.8,977491
4144,Crimson Horizon 4144,Horror,2023,5.7,412503
8251,Wild Empire 8251,Horror,1986,7.4,963420
8360,Secret Chronicles 8360,Thriller,1994,7.1,742782
9395,Quiet Passage 9395,Fantasy,1982,7.4,281050
4014,Wild Odyssey 4014,Drama,1995,5.8,552128
6017,Distant Kingdom 6017,Romance,1971,8.0,445053
9828,Distant Storm 9828,Comedy,2026,7.4,534843
1601,Hidden Storm 1601,Horror,2006,5.0,247228
7736,Hidden Odyssey 7736,Thriller,2020,7.0,615692
4142,Neon Reflection 4142,Horror,1996,7.3,308473
2682,Broken Storm 2682,Documentary,1992,6.5,581691
1843,Crimson Empire 1843,Action,2004,8.6,654121
4462,Quiet Shadow 4462,Thriller,2020,9.9,395024
7931,Endless Echo 7931,Action,2020,6.5,0
860,Eternal Requiem 860,Romance,2003,6.7,1056829
4918,Silent Horizon 4918,Animation,1989,7.2,740844
8741,Dark Paradox 8741,Action,2010,8.5,534665
513,Dark Empire 513,Horror,1988,9.0,514272
8107,Rising Echo 8107,SciFi,2008,6.5,897118
1296,Endless Signal 1296,Horror,1983,7.9,427400
3477,Silent Verdict 3477,Comedy,2010,6.6,557104
9846,Endless Odyssey 9846,Thriller,2022,6.5,391545
2737,Burning Kingdom 2737,Horror,1972,6.7,828447
8300,Wild Storm 8300,Documentary,1999,6.7,927813
1297,Endless Frontier 1297,Thriller,1982,4.1,297317
4070,Burning Kingdom 4070,Action,2025,6.2,407901
1749,Dark Signal 1749,Documentary,1996,8.4,369179
6377,Broken Storm 6377,Fantasy,2020,5.9,528261
3263,Eternal Empire 3263,Action,1983,6.2,267718
6399,Hidden Harbor 6399,Animation,2021,5.5,503158
4965,Last Frontier 4965,Thriller,1982,9.6,322828
4276,Eternal Frontier 4276,SciFi,1972,5.7,638894
3220,Rising Reflection 3220,Animation,2022,6.5,668663
2052,Eternal Requiem 2052,Action,1996,7.8,823863
300,Last Descent 300,SciFi,1982,6.0,507226
7243,Silent Verdict 7243,Comedy,1988,8.4,727493
9740,Burning Horizon 9740,Horror,1984,7.5,0
437,Fallen Signal 437,Animation,2017,7.1,331941
9385,Dark Verdict 9385,Animation,2002,7.2,422225
110,Hidden Harbor 110,Thriller,2001,7.9,292500
1109,Silent Mirage 1109,Comedy,1973,7.3,710483
5529,Distant Echo 5529,Romance,1981,7.3,313334
9588,Silent Signal 9588,Documentary,2024,8.3,602840
1648,Lost Signal 1648,Fantasy,1971,5.9,957473
5380,Secret Echo 5380,Drama,1972,6.3,305468
7404,Lost Mirage 7404,Animation,2024,4.6,691663
5765,Silent Empire 5765,Animation,2010,7.6,0
9354,Golden Frontier 9354,Fantasy,1970,6.6,0
6195,Eternal Paradox 6195,Fantasy,1972,3.9,211405
8433,Burning Storm 8433,Thriller,2000,7.1,723807
1587,Dark Chronicles 1587,Horror,1983,6.2,837654
6683,Silent Paradox 6683,Comedy,2019,5.1,681458
8543,Broken Harbor 8543,SciFi,2002,5.9,1035419
9906,Neon Signal 9906,Thriller,1986,8.4,323885
2614,Rising Paradox 2614,Comedy,1980,5.1,565850
8823,Wild Frontier 8823,Horror,2007,5.8,943941
2196,Silent Journey 2196,Action,1978,7.9,206907
7527,Quiet Kingdom 7527,Thriller,2005,4.7,842052
2039,Burning Storm 2039,SciFi,1981,8.1,615835
9397,Golden Passage 9397,Documentary,1998,6.0,1498568
5964,Hidden Frontier 5964,Thriller,2023,5.8,418243
919,Broken Harbor 919,Drama,2024,5.9,968826
4280,Endless Shadow 4280,Comedy,1996,5.4,513609
5445,Lost Harbor 5445,Drama,2008,6.6,244841
1175,Hidden Chronicles 1175,Comedy,1981,5.1,566225
7803,Last Requiem 7803,Thriller,1992,7.2,899263
2124,Eternal Verdict 2124,Animation,1998,6.7,689197
1103,Rising Empire 1103,Action,2011,7.3,451432
7926,Burning Shadow 7926,Drama,2013,6.7,391227
3455,Distant Paradox 3455,Drama,2007,9.0,698112
2570,Hidden Requiem 2570,Action,2000,5.9,545502
871,Rising Reflection 871,Thriller,2015,5.1,218934
5196,Secret Echo 5196,SciFi,1995,5.5,802409
1558,Quiet Frontier 1558,Drama,1994,8.5,359142
1497,Burning Echo 1497,SciFi,2020,8.6,720183
2846,Hidden Chronicles 2846,Fantasy,1975,6.7,452416
4776,Quiet Requiem 4776,Animation,1984,6.0,568264
8844,Hidden Descent 8844,Fantasy,1975,5.8,419562
6054,Eternal Frontier 6054,Action,1972,9.7,379834
9655,Distant Frontier 9655,Documentary,2012,6.4,610530
9408,Dark Paradox 9408,Romance,2005,5.8,483402
4354,Quiet Passage 4354,Horror,1987,5.4,522280
5735,Lost Storm 5735,SciFi,2008,7.5,318868
4917,Frozen Echo 4917,Thriller,2008,8.5,1236398
4649,Quiet Horizon 4649,Animation,2008,7.7,510546
3757,Broken Empire 3757,Comedy,2007,6.6,215807
4638,Rising Storm 4638,Fantasy,2013,7.3,592550
3986,Forgotten Chronicles 3986,Animation,2015,6.8,175752
2287,Forgotten Mirage 2287,Fantasy,1986,6.6,290459
273,Silent Legacy 273,SciFi,2008,6.8,468527
2260,Last Chronicles 2260,Fantasy,2008,8.5,0
7930,Eternal Legacy 7930,Thriller,2001,6.0,729607
4655,Burning Storm 4655,Comedy,2003,6.4,381703
9217,Frozen Signal 9217,Horror,2017,6.6,361309
5239,Fallen Kingdom 5239,Drama,1987,5.6,344800
6470,Burning Odyssey 6470,Thriller,2009,6.2,192524
4415,Golden Signal 4415,Animation,1975,8.6,575906
4308,Hidden Horizon 4308,Comedy,1995,6.1,368562
44,Distant Shadow 44,Horror,1999,4.4,921989
4005,Forgotten Echo 4005,Horror,2015,4.9,363074
9275,Crimson Verdict 9275,Action,1984,9.2,687703
2197,Fallen Frontier 2197,Fantasy,1981,7.9,438736
6451,Rising Frontier 6451,Action,2008,5.3,1198798
3239,Rising Descent 3239,Thriller,2003,5.9,822912
8493,Secret Requiem 8493,Horror,1988,8.7,538102
1259,Burning Descent 1259,Comedy,1972,6.7,316389
1034,Quiet Odyssey 1034,Drama,1981,6.4,749730
6959,Broken Odyssey 6959,Action,2005,8.7,150496
8553,Dark Verdict 8553,Thriller,1988,8.5,460694
534,Wild Frontier 534,Action,2022,6.4,416577
3633,Distant Descent 3633,Fantasy,2009,7.2,585916
4216,Frozen Kingdom 4216,Documentary,2025,6.8,225222
5998,Endless Legacy 5998,Documentary,1975,7.5,280290
1493,Golden Descent 1493,Fantasy,2006,8.6,701665
8328,Crimson Kingdom 8328,Comedy,1973,8.2,156772
8119,Crimson Empire 8119,SciFi,2005,6.2,1283457
3070,Hidden Signal 3070,Drama,2004,7.1,0
5174,Fallen Shadow 5174,Animation,1989,4.6,436186
581,Dark Empire 581,Animation,1971,5.7,880241
6283,Last Chronicles 6283,Documentary,2002,5.6,127002
9611,Forgotten Signal 9611,Comedy,1977,4.6,860467
1796,Wild Empire 1796,Animation,2010,4.5,557738
7524,Burning Harbor 7524,Romance,1987,8.3,414963
2673,Distant Empire 2673,SciFi,2016,7.3,533838
4867,Hidden Mirage 4867,Horror,1993,6.0,416968
988,Fallen Legacy 988,Comedy,1994,6.7,645330
7439,Eternal Empire 7439,SciFi,1997,7.7,407432
6497,Dark Verdict 6497,Horror,2010,6.3,559174
5379,Distant Frontier 5379,Drama,1983,7.0,976940
4750,Endless Descent 4750,Romance,1999,7.4,525048
1944,Quiet Echo 1944,Documentary,1977,7.7,65326
2248,Burning Reflection 2248,Documentary,1976,6.6,440985
3908,Wild Kingdom 3908,Thriller,2009,6.9,505285
2812,Broken Chronicles 2812,Drama,2012,6.2,792867
4332,Last Mirage 4332,Action,1973,6.8,486654
3010,Broken Empire 3010,SciFi,2018,7.0,879004
1217,Eternal Horizon 1217,Drama,2021,6.6,985854
2459,Eternal Harbor 2459,SciFi,2017,9.0,1115695
2522,Golden Descent 2522,SciFi,2022,6.6,267300
5958,Quiet Horizon 5958,Drama,1972,7.7,765176
892,Neon Signal 892,Comedy,1988,8.2,609332
391,Golden Horizon 391,Thriller,1975,6.9,687793
5911,Last Empire 5911,Romance,1992,6.3,238394
5994,Endless Reflection 5994,SciFi,2016,8.2,423050
4876,Crimson Signal 4876,Documentary,2015,8.2,910746
7101,Last Storm 7101,Action,1984,6.7,407962
10000,Broken Signal 10000,Drama,2006,5.8,108431
8036,Frozen Echo 8036,Action,2020,5.6,520234
7427,Golden Mirage 7427,Animation,2021,7.7,639022
5539,Distant Paradox 5539,Action,2011,6.3,807503
965,Frozen Horizon 965,Comedy,1982,7.3,974492
6297,Golden Mirage 6297,Horror,2020,6.6,404592
8554,Burning Frontier 8554,Thriller,2026,7.0,374111
143,Burning Shadow 143,SciFi,1984,5.4,0
9689,Secret Shadow 9689,Comedy,2003,8.4,527375
7577,Secret Reflection 7577,Fantasy,1979,8.4,751869
663,Golden Chronicles 663,Thriller,2011,6.3,462318
4277,Quiet Requiem 4277,Drama,2020,3.8,1103807
9929,Forgotten Harbor 9929,Documentary,1970,7.7,490990
4770,Hidden Echo 4770,Animation,2010,8.0,862044
394,Quiet Echo 394,Thriller,2014,5.8,595740
2462,Burning Passage 2462,Action,2019,6.0,397958
5125,Crimson Verdict 5125,Romance,1977,5.7,878479
8146,Fallen Horizon 8146,Thriller,2015,6.3,549958
7159,Distant Shadow 7159,Horror,1987,4.7,559948
8361,Eternal Frontier 8361,Horror,2009,6.5,244719
4784,Crimson Descent 4784,Thriller,1982,5.9,517213
5726,Quiet Empire 5726,Fantasy,2001,6.8,849897
643,Lost Echo 643,Action,1981,7.8,482915
7544,Frozen Reflection 7544,Comedy,2002,7.2,484828
4226,Silent Storm 4226,Fantasy,1984,6.7,376066
726,Quiet Verdict 726,Comedy,2013,6.7,799630
5865,Forgotten Kingdom 5865,Documentary,1978,7.6,751569
124,Dark Empire 124,Comedy,1983,4.6,497916
2404,Forgotten Shadow 2404,SciFi,2002,6.9,481429
8370,Wild Journey 8370,Drama,2015,6.3,658622
5070,Quiet Requiem 5070,Drama,2008,7.3,1012295
7188,Neon Verdict 7188,Romance,2008,8.2,895396
9909,Rising Frontier 9909,Drama,1994,7.5,863904
3603,Rising Frontier 3603,Documentary,1985,5.9,679059
727,Frozen Frontier 727,SciFi,1977,7.5,1129244
4724,Silent Journey 4724,Animation,2018,6.7,721479
2734,Last Legacy 2734,SciFi,1989,6.3,602422
1811,Silent Journey 1811,Horror,1989,6.1,517036
2858,Silent Harbor 2858,Fantasy,2002,7.2,242691
6476,Eternal Storm 6476,Comedy,2015,6.4,233893
6258,Broken Odyssey 6258,SciFi,2009,5.2,283306
1802,Fallen Signal 1802,Romance,2003,7.4,686962
4953,Secret Journey 4953,Animation,1997,6.0,513796
2151,Hidden Horizon 2151,Documentary,1995,6.6,674458
7661,Neon Paradox 7661,Fantasy,1982,8.1,1320061
5644,Golden Kingdom 5644,Romance,2000,6.0,780285
7369,Wild Legacy 7369,Thriller,1992,6.3,574974
4927,Wild Horizon 4927,SciFi,2017,5.6,779282
1846,Rising Requiem 1846,Action,2003,8.4,418463
3966,Frozen Kingdom 3966,Fantasy,1990,5.6,467940
3768,Rising Verdict 3768,Romance,2015,7.8,0
2749,Broken Paradox 2749,Romance,2024,8.2,1207976
9127,Crimson Reflection 9127,Action,1992,6.2,324171
3492,Neon Kingdom 3492,Romance,2010,6.2,743202
833,Frozen Journey 833,Action,1997,5.9,465473
4305,Quiet Mirage 4305,Thriller,1994,8.5,427803
4626,Last Frontier 4626,Thriller,1991,7.0,355568
4933,Golden Frontier 4933,SciFi,2003,5.2,0
1258,Lost Odyssey 1258,Documentary,2019,6.0,1114211
3886,Neon Journey 3886,Action,2021,6.8,638284
2316,Distant Shadow 2316,Documentary,1970,7.0,724970
1148,Golden Kingdom 1148,Comedy,1988,7.8,567081
971,Broken Horizon 971,Romance,2015,6.6,328764
8642,Golden Paradox 8642,Animation,2006,5.4,306009
4274,Lost Storm 4274,Thriller,1986,6.7,488380
6751,Secret Mirage 6751,Action,2007,8.4,225975
72,Dark Requiem 72,Comedy,1987,8.4,339230
8630,Distant Signal 8630,Action,2006,10.0,649674
4762,Distant Odyssey 4762,Animation,2019,7.0,500225
8622,Last Harbor 8622,Animation,2018,4.4,305809
123,Frozen Odyssey 123,SciFi,2000,5.7,394115
2119,Quiet Frontier 2119,Animation,2002,7.4,660556
8273,Crimson Mirage 8273,Horror,2006,6.4,930764
9730,Rising Paradox 9730,Drama,2009,9.2,0
6028,Crimson Legacy 6028,Thriller,1976,7.0,631195
5982,Forgotten Mirage 5982,Action,1988,7.0,239927
9829,Distant Echo 9829,Romance,2005,7.2,481085
9793,Quiet Chronicles 9793,Thriller,2018,6.2,333802
5623,Dark Descent 5623,Horror,2015,6.0,416348
1470,Wild Journey 1470,Thriller,2006,8.2,72509
1719,Secret Passage 1719,Documentary,1972,7.3,825088
8658,Distant Frontier 8658,Drama,1995,5.8,530754
4707,Silent Horizon 4707,Fantasy,2023,6.1,260215
1391,Eternal Storm 1391,Documentary,2011,9.1,809716
1872,Hidden Descent 1872,Fantasy,2017,7.4,638082
3743,Eternal Signal 3743,Documentary,2026,6.6,593236
2742,Golden Shadow 2742,Action,2025,5.6,415597
2620,Silent Journey 2620,Fantasy,2020,7.7,0
6694,Frozen Verdict 6694,Romance,2010,8.6,458406
8576,Fallen Horizon 8576,Drama,1991,3.0,859587
4287,Silent Requiem 4287,Drama,2024,9.7,157595
4860,Hidden Chronicles 4860,Drama,2020,6.9,496828
7253,Endless Verdict 7253,Animation,1986,8.2,101658
1713,Forgotten Signal 1713,Action,1972,8.4,780063
3138,Hidden Passage 3138,Fantasy,1976,5.6,653958
4866,Fallen Requiem 4866,Animation,2017,5.6,326007
751,Lost Chronicles 751,Fantasy,2004,6.6,292598
3519,Last Requiem 3519,Drama,2017,8.5,803107
5759,Neon Signal 5759,Animation,2014,7.4,203297
8733,Frozen Echo 8733,Action,1971,8.4,840523
7353,Burning Signal 7353,Horror,2023,9.0,403136
7384,Fallen Odyssey 7384,Documentary,1995,7.7,790192
8236,Broken Reflection 8236,Action,2017,6.4,352015
1926,Last Frontier 1926,Romance,1971,7.0,123148
8512,Dark Shadow 8512,Fantasy,2016,6.5,759833
4631,Forgotten Horizon 4631,Animation,2003,6.0,250710
9169,Quiet Descent 9169,Fantasy,2013,6.1,88891
7796,Dark Storm 7796,Romance,1974,7.8,352487
1792,Golden Requiem 1792,Comedy,1979,7.3,263443
1341,Crimson Paradox 1341,SciFi,1998,6.9,328846
7304,Quiet Empire 7304,Action,2000,8.4,266022
7981,Frozen Passage 7981,Horror,1994,5.3,735208
7784,Distant Chronicles 7784,Horror,1994,6.7,578902
1610,Golden Empire 1610,Fantasy,2002,7.1,506773
7483,Rising Shadow 7483,Thriller,2026,7.9,0
1236,Burning Passage 1236,Comedy,1971,6.2,621332
7123,Silent Frontier 7123,Action,2013,6.1,432121
2702,Silent Mirage 2702,Fantasy,1986,6.1,377034
1995,Lost Reflection 1995,SciFi,1996,7.2,307920
9189,Secret Horizon 9189,Thriller,1971,6.7,1450433
9085,Endless Reflection 9085,Animation,1975,5.9,1108679
9228,Fallen Passage 9228,Action,2010,8.5,322501
1744,Forgotten Harbor 1744,Comedy,1971,9.2,0
658,Broken Requiem 658,Thriller,2012,7.7,93692
5764,Forgotten Reflection 5764,Action,2006,5.8,367675
1801,Distant Legacy 1801,Drama,1984,5.9,522341
3194,Rising Legacy 3194,Fantasy,1984,7.1,536552
9045,Hidden Echo 9045,Drama,2002,7.5,420438
136,Quiet Shadow 136,Animation,2019,8.8,628832
2107,Last Reflection 2107,Horror,2026,6.0,457326
1762,Distant Empire 1762,Thriller,2020,6.3,756903
4118,Broken Frontier 4118,Romance,1979,6.7,274140
6077,Wild Storm 6077,Horror,1979,5.8,721232
10,Quiet Harbor 10,SciFi,1985,7.3,53077
2762,Rising Paradox 2762,Comedy,2010,6.7,1054750
8796,Burning Empire 8796,Romance,1997,7.2,735177
5582,Silent Horizon 5582,Comedy,1998,6.2,498019
7953,Neon Requiem 7953,Action,2008,7.8,242337
7309,Rising Kingdom 7309,Romance,1983,8.3,647920
4022,Fallen Paradox 4022,Fantasy,1984,8.3,695092
8430,Quiet Signal 8430,Drama,1972,6.8,474907
6596,Neon Storm 6596,SciFi,1981,6.3,442715
1773,Lost Chronicles 1773,Documentary,2008,9.0,303469
8082,Quiet Odyssey 8082,Horror,2005,7.3,822187
7822,Frozen Legacy 7822,Drama,1988,5.3,587613
7329,Dark Descent 7329,Documentary,1991,5.4,487190
1486,Dark Passage 1486,Documentary,1992,5.8,533235
538,Crimson Empire 538,Drama,2005,9.0,243956
2989,Broken Chronicles 2989,Thriller,1999,5.2,522215
9201,Distant Storm 9201,Action,2023,6.6,576983
8559,Endless Odyssey 8559,Action,2025,7.4,0
904,Burning Empire 904,Thriller,1981,5.2,854982
4588,Neon Mirage 4588,Documentary,1986,6.4,564730
8990,Endless Empire 8990,SciFi,2003,7.9,723707
9843,Hidden Harbor 9843,SciFi,1974,9.3,119825
6304,Quiet Chronicles 6304,Action,1995,7.3,0
569,Broken Requiem 569,Action,1975,6.0,306981
771,Quiet Kingdom 771,Thriller,2026,4.4,206472
5603,Distant Passage 5603,Fantasy,2024,5.2,563278
1865,Secret Verdict 1865,Documentary,2017,7.9,281561
3728,Rising Storm 3728,Drama,2009,7.8,319583
6858,Dark Descent 6858,Fantasy,2008,7.0,414942
793,Endless Mirage 793,Fantasy,1991,6.8,464831
47,Rising Descent 47,Drama,1971,10.0,571307
3525,Dark Verdict 3525,Fantasy,1986,6.9,411532
3567,Dark Shadow 3567,SciFi,2019,5.0,664992
3849,Forgotten Verdict 3849,Romance,1997,8.8,147385
3017,Golden Chronicles 3017,Animation,1999,8.1,316990
6529,Hidden Journey 6529,Thriller,2019,7.9,495990
5366,Burning Echo 5366,Fantasy,2008,7.6,728789
6338,Golden Frontier 6338,Documentary,1988,5.1,730469
1050,Rising Requiem 1050,Thriller,2010,8.3,257812
7180,Forgotten Signal 7180,Thriller,1975,5.6,748082
2747,Forgotten Passage 2747,Animation,1994,7.9,645445
9598,Golden Storm 9598,Romance,1982,8.7,325021
5641,Dark Echo 5641,Comedy,2002,7.0,402206
2672,Broken Paradox 2672,Thriller,1973,7.0,775830
1166,Lost Paradox 1166,SciFi,2013,6.0,503769
1347,Quiet Echo 1347,Animation,2008,7.0,680465
891,Forgotten Verdict 891,Romance,2003,6.7,400131
3586,Endless Frontier 3586,Animation,1979,5.4,300504
1614,Last Paradox 1614,Fantasy,1999,7.2,957806
8645,Lost Echo 8645,Action,2015,5.6,864620
225,Golden Passage 225,Comedy,1974,5.2,36315
3548,Crimson Reflection 3548,Documentary,1999,8.1,1026798
5835,Last Shadow 5835,Comedy,2025,7.1,266903
3990,Dark Requiem 3990,Fantasy,1970,6.8,705269
6375,Silent Paradox 6375,Drama,2003,6.6,748760
5373,Quiet Odyssey 5373,Action,1993,7.1,228638
4132,Fallen Reflection 4132,Romance,2011,7.9,834081
1959,Broken Echo 1959,Romance,1992,6.3,222756
1020,Secret Signal 1020,Horror,1995,7.1,496769
4779,Neon Paradox 4779,Documentary,1981,7.6,359782
7578,Hidden Reflection 7578,Animation,1983,6.6,1139161
5805,Fallen Passage 5805,Comedy,2008,8.5,348660
7569,Quiet Echo 7569,Drama,1984,6.9,463258
1133,Crimson Descent 1133,Comedy,1973,8.1,0
6883,Last Journey 6883,Romance,1972,7.2,352186
195,Neon Empire 195,Thriller,2009,4.9,827927
9847,Quiet Echo 9847,Thriller,1978,8.2,230429
3745,Golden Journey 3745,Thriller,2025,6.6,471361
3647,Frozen Requiem 3647,Comedy,2014,7.2,1092868
1004,Secret Reflection 1004,SciFi,1980,6.2,480388
3636,Rising Echo 3636,Animation,2006,6.5,117248
1249,Rising Frontier 1249,Romance,2026,7.2,316916
1957,Forgotten Requiem 1957,Horror,2016,6.6,433964
5436,Wild Chronicles 5436,Documentary,2013,8.4,1036142
3945,Quiet Echo 3945,Fantasy,1994,6.0,962325
4790,Golden Reflection 4790,SciFi,1981,9.3,527316
932,Eternal Harbor 932,Horror,1980,5.4,821783
3964,Fallen Mirage 3964,Documentary,1971,6.7,1082518
7864,Rising Requiem 7864,Romance,1999,7.1,217529
6870,Hidden Kingdom 6870,Comedy,1995,5.7,530661
9510,Endless Shadow 9510,Drama,2019,9.5,137158
4745,Endless Mirage 4745,Horror,1975,5.8,795793
7089,Frozen Harbor 7089,Fantasy,1984,6.0,473313
8110,Golden Signal 8110,Action,1991,7.9,766976
7400,Distant Echo 7400,Horror,1980,6.8,742117
1182,Dark Descent 1182,Drama,1980,9.0,834492
5220,Golden Requiem 5220,Action,1975,6.6,607447
8654,Frozen Echo 8654,Horror,2016,7.6,501485
2722,Golden Legacy 2722,Animation,2006,7.2,602373
6202,Last Harbor 6202,Comedy,2008,7.5,530169
8604,Quiet Frontier 8604,Comedy,2019,5.2,766753
6866,Crimson Kingdom 6866,SciFi,1979,5.5,0
8710,Secret Paradox 8710,Action,2022,8.3,487484
4864,Quiet Empire 4864,Documentary,1994,6.3,516640
7325,Hidden Storm 7325,Documentary,2016,6.2,414529
5438,Crimson Storm 5438,Horror,1971,6.9,283978
6837,Eternal Odyssey 6837,Action,2018,7.5,712351
3680,Lost Descent 3680,Thriller,1982,4.8,432950
781,Broken Verdict 781,Thriller,1984,6.9,410906
7004,Frozen Odyssey 7004,SciFi,2012,7.4,436326
5892,Lost Frontier 5892,Romance,2004,9.1,0
9349,Neon Kingdom 9349,Comedy,2002,7.4,294093
5633,Golden Frontier 5633,Animation,2021,8.1,450861
9153,Eternal Horizon 9153,Comedy,1991,8.8,433482
1169,Eternal Harbor 1169,Comedy,1990,5.4,480411
4792,Broken Signal 4792,Romance,2010,4.9,491454
7471,Eternal Mirage 7471,Comedy,1971,6.6,469525
5853,Secret Frontier 5853,Documentary,2009,7.2,243520
2843,Distant Horizon 2843,Animation,1991,5.2,51545
8363,Wild Storm 8363,Horror,1986,5.7,254634
3746,Wild Signal 3746,Animation,1991,4.9,0
1600,Burning Paradox 1600,Drama,2012,5.9,428447
3685,Dark Shadow 3685,Fantasy,1990,6.9,379022
4496,Silent Verdict 4496,Action,2013,7.8,249841
2038,Secret Horizon 2038,Animation,2004,6.7,360730
2254,Silent Legacy 2254,SciFi,2020,5.1,726002
9346,Last Journey 9346,Fantasy,1974,7.0,928927
2659,Fallen Requiem 2659,Action,1998,4.6,942732
8562,Forgotten Chronicles 8562,Action,2018,5.8,835003
3241,Last Echo 3241,Documentary,1979,5.8,451274
3570,Burning Verdict 3570,Animation,2022,6.3,791699
7161,Frozen Echo 7161,SciFi,1974,6.3,0
9934,Burning Empire 9934,SciFi,1986,7.3,702253
8488,Crimson Horizon 8488,Drama,2012,7.3,40351
7063,Golden Journey 7063,Romance,2009,5.8,273114
6579,Quiet Signal 6579,Horror,2001,5.2,793494
7701,Lost Journey 7701,Horror,2000,8.9,357097
2663,Fallen Kingdom 2663,Thriller,2017,8.4,590514
6812,Golden Empire 6812,Fantasy,1977,7.1,232225
9698,Dark Horizon 9698,Drama,2010,5.6,568300
1068,Forgotten Requiem 1068,Drama,1990,7.8,853691
3118,Broken Frontier 3118,Thriller,2018,7.2,902073
4653,Eternal Reflection 4653,Documentary,1973,6.7,470291
6373,Fallen Shadow 6373,SciFi,2020,7.4,172453
9054,Secret Passage 9054,Thriller,2009,7.4,638877
4195,Last Paradox 4195,Animation,1987,6.8,44077
9277,Broken Frontier 9277,Thriller,2010,6.5,523806
2368,Distant Reflection 2368,Drama,2002,8.2,295292
5831,Wild Paradox 5831,Fantasy,2025,4.5,475969
5318,Quiet Kingdom 5318,Action,2014,6.9,781075
2909,Last Signal 2909,Comedy,2019,6.8,433372
1546,Neon Passage 1546,Comedy,2008,6.1,412723
7843,Burning Requiem 7843,Comedy,1975,7.9,924942
2589,Lost Shadow 2589,Horror,2023,6.4,34477
6474,Fallen Verdict 6474,SciFi,2013,7.2,1071379
1686,Hidden Mirage 1686,Action,2008,7.6,0
5375,Secret Odyssey 5375,Comedy,2007,7.0,817381
3417,Hidden Empire 3417,Romance,1976,7.0,633191
4828,Lost Requiem 4828,Animation,1973,6.7,559351
1685,Golden Journey 1685,Animation,1991,7.4,424348
1806,Hidden Odyssey 1806,Documentary,2014,7.0,762038
4627,Fallen Frontier 4627,SciFi,1993,6.9,268489
870,Dark Verdict 870,Romance,1977,8.8,380442
3105,Distant Echo 3105,Romance,1970,7.7,428429
6849,Hidden Legacy 6849,SciFi,2024,8.1,831123
6901,Quiet Storm 6901,Fantasy,1984,5.8,268087
7045,Wild Verdict 7045,Horror,2019,8.2,839610
6433,Broken Storm 6433,Comedy,1975,7.2,237249
9820,Silent Empire 9820,Comedy,2025,7.6,493570
6121,Golden Journey 6121,Action,2016,6.3,186711
6380,Crimson Descent 6380,Horror,1979,8.2,905438
3481,Fallen Shadow 3481,Romance,1987,7.9,388639
1021,Neon Requiem 1021,Comedy,2023,6.8,261848
1379,Broken Kingdom 1379,Animation,1988,5.4,375697
1628,Golden Frontier 1628,Drama,1983,6.1,809649
3460,Lost Paradox 3460,Thriller,1983,5.6,1062196
208,Lost Legacy 208,Documentary,1988,9.4,320308
6576,Quiet Chronicles 6576,Thriller,1982,8.5,574873
7911,Lost Kingdom 7911,Drama,2021,7.3,1071087
5903,Rising Chronicles 5903,SciFi,2001,5.8,683164
2179,Neon Passage 2179,SciFi,2015,6.5,155432
1269,Wild Chronicles 1269,Documentary,1984,6.0,406609
248,Last Chronicles 248,Documentary,1976,8.2,893541
8457,Wild Signal 8457,Action,1995,7.9,0
1567,Secret Reflection 1567,Comedy,1976,6.5,591333
1526,Fallen Passage 1526,Action,1993,6.2,198539
9310,Dark Kingdom 9310,Fantasy,2003,8.9,0
1095,Quiet Empire 1095,Romance,2022,6.8,427914
7387,Neon Kingdom 7387,Drama,1979,6.3,713105
3848,Eternal Frontier 3848,Horror,1990,7.7,229772
3906,Forgotten Verdict 3906,Thriller,2008,6.5,606968
2069,Crimson Reflection 2069,Fantasy,1995,6.5,692037
2032,Broken Harbor 2032,SciFi,1996,7.9,934514
7250,Eternal Horizon 7250,Documentary,1996,9.1,0
939,Quiet Horizon 939,Horror,1978,6.1,360940
5523,Hidden Storm 5523,Fantasy,2003,5.0,749928
7909,Neon Paradox 7909,SciFi,1992,8.4,463939
6935,Frozen Verdict 6935,Drama,2024,6.0,441919
9174,Last Signal 9174,Thriller,1981,8.5,182079
2571,Rising Reflection 2571,Fantasy,1984,8.2,464007
2023,Eternal Horizon 2023,Action,1997,5.9,301313
3174,Wild Signal 3174,Horror,2010,8.6,1155902
1642,Wild Descent 1642,Action,2021,7.6,444267
8390,Frozen Odyssey 8390,Romance,2010,6.4,693529
8709,Hidden Signal 8709,Thriller,2023,7.5,505712
6587,Burning Passage 6587,Animation,2025,7.6,664099
2002,Golden Chronicles 2002,Documentary,1976,6.3,850348
7776,Crimson Verdict 7776,Horror,2014,7.6,330638
6143,Fallen Frontier 6143,Drama,1982,4.8,167775
4264,Hidden Kingdom 4264,Comedy,2025,4.5,367826
715,Silent Kingdom 715,Comedy,2005,6.1,680635
3386,Burning Signal 3386,Comedy,1989,5.0,132470
803,Dark Journey 803,Action,2022,7.6,246305
2674,Crimson Odyssey 2674,Drama,2013,6.6,388865
6843,Last Verdict 6843,Fantasy,1978,6.8,524436
6525,Secret Reflection 6525,Fantasy,1982,9.8,618071
306,Last Empire 306,Romance,2010,6.7,451325
1932,Fallen Shadow 1932,Action,1991,7.5,429033
2790,Dark Odyssey 2790,Comedy,2013,6.9,142410
6250,Wild Verdict 6250,Comedy,2026,6.3,49433
9050,Endless Harbor 9050,Animation,2017,8.9,557597
9162,Neon Verdict 9162,Documentary,2010,6.6,409349
953,Frozen Shadow 953,Horror,1976,6.0,750545
9006,Fallen Legacy 9006,SciFi,1970,7.5,203456
499,Fallen Storm 499,Comedy,2011,5.5,522360
2015,Dark Echo 2015,Drama,1996,7.6,592860
3396,Distant Legacy 3396,Animation,2011,7.2,450584
896,Crimson Echo 896,Thriller,1998,6.2,810604
7113,Broken Paradox 7113,Documentary,2009,6.6,250818
9190,Golden Reflection 9190,Fantasy,2017,5.6,511852
5139,Neon Horizon 5139,Thriller,1989,6.7,1179835
264,Quiet Descent 264,Romance,1980,5.0,605204
9543,Lost Odyssey 9543,Animation,1977,7.3,547251
163,Frozen Storm 163,Horror,2022,4.0,528218
8175,Hidden Odyssey 8175,Comedy,2025,7.9,907740
8852,Broken Empire 8852,Thriller,2021,9.1,19005
3084,Burning Storm 3084,Drama,1970,4.6,331648
6129,Lost Legacy 6129,Documentary,1982,5.5,254146
4674,Golden Journey 4674,Documentary,2002,6.3,1026327
5756,Quiet Echo 5756,Thriller,1972,9.5,532215
3320,Secret Frontier 3320,Comedy,1974,8.8,763450
8100,Wild Legacy 8100,SciFi,1973,7.4,550307
1073,Silent Harbor 1073,Comedy,2018,6.5,640872
6371,Lost Paradox 6371,Action,1989,6.5,714359
9092,Rising Journey 9092,Animation,1976,7.0,490525
170,Neon Odyssey 170,Animation,2024,7.1,0
7431,Crimson Chronicles 7431,SciFi,2011,8.0,502703
5277,Eternal Descent 5277,Drama,2017,6.0,382539
6796,Quiet Requiem 6796,Fantasy,2007,6.9,1140412
7260,Last Journey 7260,Documentary,1998,7.7,429544
7278,Hidden Horizon 7278,SciFi,2005,8.2,588144
5941,Forgotten Passage 5941,Animation,2001,5.8,639382
8327,Dark Legacy 8327,Animation,2006,6.2,0
7475,Broken Frontier 7475,SciFi,2022,5.9,962096
8737,Burning Chronicles 8737,Romance,1988,6.7,189833
2725,Dark Legacy 2725,Romance,1994,5.8,1134716
6693,Golden Kingdom 6693,Action,2008,8.3,743227
7885,Golden Legacy 7885,Thriller,1998,7.5,487968
925,Endless Signal 925,Romance,2016,7.8,82955
6016,Lost Legacy 6016,Documentary,1984,7.9,201932
4590,Frozen Verdict 4590,Animation,1991,6.8,586462
4527,Secret Paradox 4527,Animation,1989,8.4,750243
8580,Fallen Odyssey 8580,Animation,2021,6.3,1021757
3476,Forgotten Frontier 3476,Animation,1988,7.1,62821
5509,Hidden Mirage 5509,Comedy,2003,8.0,630981
21,Burning Descent 21,SciFi,2015,5.8,643512
4028,Rising Requiem 4028,Action,2016,7.6,362930
8148,Frozen Storm 8148,Drama,1978,5.8,475041
5955,Lost Descent 5955,Documentary,2025,7.1,352564
8482,Lost Passage 8482,Comedy,2015,7.1,101719
1372,Hidden Journey 1372,Drama,2015,8.0,379146
6198,Distant Requiem 6198,Fantasy,2013,7.7,251686
2876,Last Odyssey 2876,Documentary,1976,9.1,535709
4166,Broken Empire 4166,SciFi,2026,6.0,676231
6365,Silent Journey 6365,SciFi,1991,6.4,58993
4242,Secret Chronicles 4242,Animation,2006,6.9,629056
504,Neon Signal 504,Horror,1981,6.1,275043
4983,Golden Signal 4983,SciFi,2002,7.9,639663
8425,Lost Descent 8425,Animation,1981,4.5,432724
6944,Wild Verdict 6944,Fantasy,1998,7.1,898143
1343,Golden Reflection 1343,Romance,1981,5.2,810234
6731,Last Paradox 6731,Fantasy,1984,6.8,655972
7753,Silent Empire 7753,Thriller,1973,4.9,1134897
8908,Fallen Horizon 8908,Drama,2012,7.8,1429210
5647,Golden Verdict 5647,SciFi,2024,6.4,143775
7979,Hidden Mirage 7979,Comedy,1971,8.5,340265
5575,Forgotten Horizon 5575,Documentary,1988,7.1,436303
5767,Golden Verdict 5767,Drama,2006,5.9,552747
5989,Rising Requiem 5989,Thriller,1984,7.2,792023
7049,Rising Signal 7049,Animation,2016,4.4,441699
8655,Frozen Harbor 8655,Romance,1970,6.7,386921
8317,Wild Legacy 8317,Horror,1990,6.0,634676
3143,Distant Chronicles 3143,Comedy,1973,8.1,162355
3161,Eternal Signal 3161,Fantasy,2011,6.8,647249
9765,Frozen Paradox 9765,Drama,1989,7.6,253453
9949,Crimson Legacy 9949,Animation,2025,7.3,426652
768,Secret Requiem 768,Horror,1980,7.7,0
7216,Dark Requiem 7216,Thriller,2019,5.8,638094
8449,Forgotten Requiem 8449,Comedy,2009,7.9,517705
3371,Hidden Echo 3371,Thriller,1975,8.3,746497
7538,Silent Verdict 7538,Comedy,1996,6.3,282169
266,Eternal Echo 266,Thriller,1987,6.2,943300
856,Golden Requiem 856,Comedy,2003,6.1,677173
5288,Neon Shadow 5288,Horror,1976,4.8,0
9438,Burning Verdict 9438,Documentary,2014,8.2,158638
8915,Fallen Horizon 8915,Drama,2023,6.9,872516
3755,Forgotten Chronicles 3755,Action,2019,7.0,51439
6499,Crimson Horizon 6499,Action,1989,9.9,478062
217,Last Passage 217,Thriller,1981,4.5,0
2482,Forgotten Requiem 2482,Comedy,1993,7.0,847957
3260,Eternal Kingdom 3260,Action,2016,7.3,1205670
289,Last Reflection 289,Documentary,2011,6.0,418381
257,Fallen Empire 257,SciFi,2022,7.2,953805
6164,Forgotten Passage 6164,Documentary,1973,6.3,597227
3858,Broken Passage 3858,Action,2024,6.9,835586
691,Eternal Signal 691,Comedy,1970,7.2,168695
9106,Hidden Frontier 9106,Romance,2007,5.5,1013408
2590,Rising Horizon 2590,SciFi,2014,9.0,1130891
7175,Golden Passage 7175,Romance,2005,8.1,311437
2525,Neon Storm 2525,Drama,1972,6.0,206175
3880,Neon Frontier 3880,Romance,1978,7.6,923967
4899,Endless Chronicles 4899,Romance,1989,6.0,879857
4053,Broken Frontier 4053,Drama,2000,7.0,513926
858,Fallen Harbor 858,Animation,2005,7.0,611645
3083,Frozen Shadow 3083,Comedy,2001,7.7,733278
3164,Hidden Signal 3164,Documentary,1990,7.5,540103
484,Secret Shadow 484,Romance,1997,5.8,596630
1430,Eternal Odyssey 1430,Documentary,2014,7.8,0
3666,Secret Kingdom 3666,Comedy,1980,7.0,754822
2844,Lost Passage 2844,Action,2015,6.9,278786
992,Secret Requiem 992,Fantasy,2014,7.5,28019
4928,Lost Paradox 4928,Drama,1998,8.1,743934
1202,Broken Paradox 1202,Horror,1985,5.9,858258
3843,Last Odyssey 3843,Thriller,1985,8.1,293646
1431,Secret Frontier 1431,Horror,2004,5.4,8040
4490,Distant Echo 4490,SciFi,1979,7.1,512294
252,Burning Horizon 252,Horror,2003,7.0,226031
7294,Hidden Shadow 7294,Action,1997,8.3,556704
3655,Wild Storm 3655,Documentary,1991,5.5,593104
9878,Broken Reflection 9878,Thriller,2024,5.9,878057
1315,Lost Legacy 1315,Action,1975,6.3,729052
888,Secret Chronicles 888,Thriller,2010,6.5,176545
354,Golden Storm 354,Action,1991,7.0,680516
5946,Endless Echo 5946,Action,2005,4.6,582694
3098,Eternal Kingdom 3098,Fantasy,1991,7.4,769575
5503,Endless Requiem 5503,Fantasy,2004,8.5,444448
4451,Lost Horizon 4451,Thriller,1998,6.6,464342
6905,Endless Frontier 6905,Animation,2023,6.5,717718
8758,Burning Storm 8758,Action,1984,7.2,35712
8917,Secret Reflection 8917,Thriller,1993,8.1,1131767
7015,Fallen Chronicles 7015,Documentary,1981,6.2,664383
1154,Secret Descent 1154,SciFi,2023,7.1,555949
6125,Neon Chronicles 6125,Horror,2007,7.5,547319
2391,Burning Signal 2391,Romance,2013,4.7,535900
2476,Golden Mirage 2476,Comedy,1985,8.0,13171
7079,Neon Empire 7079,Animation,1986,6.9,766013
9720,Secret Harbor 9720,Animation,1994,8.4,940027
1009,Fallen Descent 1009,Drama,1990,6.9,239774
7622,Lost Chronicles 7622,Thriller,1988,8.6,924613
472,Last Chronicles 472,Comedy,1984,6.3,1036590
2765,Wild Mirage 2765,SciFi,1976,6.0,499150
6688,Golden Legacy 6688,Fantasy,1973,7.1,754758
2244,Endless Mirage 2244,Romance,1978,7.7,208982
6118,Burning Frontier 6118,Fantasy,1984,7.3,134747
435,Burning Harbor 435,Animation,1995,5.2,0
2247,Distant Chronicles 2247,Documentary,1971,5.8,655280
4832,Frozen Reflection 4832,Drama,2024,7.1,873480
7360,Silent Journey 7360,Animation,1997,3.9,548009
5688,Secret Journey 5688,Drama,1982,5.7,27036
686,Broken Odyssey 686,Comedy,2008,6.5,616314
8076,Frozen Legacy 8076,Horror,2018,7.2,217146
9303,Distant Storm 9303,Thriller,1984,6.8,357663
1455,Broken Legacy 1455,Fantasy,2003,7.0,882993
5521,Golden Echo 5521,Romance,1986,7.5,443614
8061,Quiet Paradox 8061,Romance,2022,8.7,110320
3219,Distant Signal 3219,Drama,2002,7.3,150346
7327,Dark Harbor 7327,Comedy,2014,7.4,522246
6221,Crimson Storm 6221,Comedy,1993,8.5,199946
9066,Forgotten Echo 9066,Fantasy,1978,6.9,628658
6135,Hidden Mirage 6135,Romance,2017,5.8,1338685
6953,Hidden Passage 6953,Animation,2025,6.2,772741
757,Neon Passage 757,Thriller,1991,6.4,402884
2999,Neon Horizon 2999,Thriller,2022,7.3,8222
6553,Frozen Harbor 6553,Fantasy,2013,6.5,334104
8981,Wild Echo 8981,Horror,1996,5.1,387272
8475,Secret Chronicles 8475,Documentary,2000,7.7,465251
8156,Broken Verdict 8156,Thriller,1975,6.0,0
7214,Silent Journey 7214,SciFi,2017,6.9,710394
9368,Forgotten Verdict 9368,Horror,2010,6.1,583428
3159,Forgotten Harbor 3159,Comedy,2015,4.6,1271227
4568,Hidden Echo 4568,Animation,1979,5.4,729333
7873,Lost Descent 7873,Fantasy,1978,5.7,760402
6176,Wild Legacy 6176,Comedy,1972,7.5,239469
762,Fallen Signal 762,Romance,1989,8.4,802167
4356,Dark Journey 4356,Romance,2026,10.0,214600
6237,Distant Harbor 6237,Drama,1975,6.9,1091736
467,Wild Descent 467,Thriller,1995,6.2,369617
274,Eternal Requiem 274,Fantasy,2007,6.8,186301
6083,Lost Kingdom 6083,Comedy,1980,7.5,132959
5966,Silent Verdict 5966,Comedy,1974,5.6,750325
649,Lost Passage 649,Animation,2012,7.8,582332
8939,Wild Mirage 8939,Thriller,2015,8.2,423403
8925,Broken Reflection 8925,Fantasy,1987,7.2,508687
9825,Dark Reflection 9825,Documentary,1992,7.2,547482
2496,Forgotten Requiem 2496,Comedy,2020,7.2,331703
3015,Golden Requiem 3015,Drama,1973,7.0,564043
805,Lost Echo 805,Action,2011,6.3,307522
1965,Last Kingdom 1965,SciFi,1997,6.9,134045
9790,Secret Chronicles 9790,Action,2021,5.8,804460
3388,Fallen Signal 3388,Fantasy,1994,6.4,345957
5302,Wild Mirage 5302,Documentary,1972,5.2,1076445
6188,Dark Echo 6188,SciFi,1999,7.2,351972
7768,Last Horizon 7768,Documentary,1976,4.5,691253
1358,Last Mirage 1358,Horror,1992,5.2,302978
297,Lost Shadow 297,SciFi,1986,5.6,252090
6878,Broken Signal 6878,Thriller,2009,5.2,605267
8294,Secret Echo 8294,Comedy,1986,6.7,436284
4294,Hidden Horizon 4294,SciFi,1985,7.6,557381
2460,Wild Reflection 2460,Comedy,2002,9.3,403653
2220,Golden Mirage 2220,Drama,1973,6.6,449078
202,Endless Passage 202,Thriller,1998,7.0,0
854,Golden Storm 854,Horror,1976,9.3,712051
7510,Hidden Descent 7510,Drama,1977,6.2,576044
8989,Eternal Empire 8989,Action,1978,6.4,539101
8169,Golden Journey 8169,Documentary,1993,6.6,633186
4929,Fallen Shadow 4929,Animation,2001,7.2,205907
6080,Broken Journey 6080,Comedy,2004,6.0,241001
7900,Last Descent 7900,Drama,1986,8.0,527650
76,Hidden Empire 76,SciFi,1973,8.0,1131957
1765,Wild Echo 1765,Fantasy,1980,4.7,36948
4843,Endless Descent 4843,Animation,1974,7.8,548641
613,Frozen Harbor 613,Comedy,1995,7.7,464424
8316,Wild Echo 8316,Animation,2002,8.8,188965
3794,Hidden Frontier 3794,Drama,1981,9.1,644626
4675,Quiet Echo 4675,Drama,1979,6.3,715732
1471,Frozen Storm 1471,Thriller,1986,6.3,583612
457,Dark Empire 457,Romance,1994,8.0,1237679
8235,Rising Kingdom 8235,Fantasy,2005,6.4,706116
7765,Silent Frontier 7765,Romance,2005,7.3,0
4602,Broken Reflection 4602,Comedy,2002,7.1,451501
2261,Distant Odyssey 2261,Fantasy,1975,5.4,362973
5143,Wild Descent 5143,Romance,2025,7.5,624294
9487,Wild Passage 9487,Thriller,2021,4.8,1118314
6465,Last Verdict 6465,Romance,2026,6.4,776499
6867,Distant Legacy 6867,Documentary,2025,6.5,469161
4895,Golden Storm 4895,Thriller,1997,9.7,910401
3202,Endless Empire 3202,Comedy,2012,5.5,581378
5192,Secret Odyssey 5192,Romance,1981,8.8,642875
6006,Frozen Verdict 6006,Action,2017,8.5,628962
2089,Eternal Frontier 2089,Romance,2018,7.5,605795
6437,Wild Passage 6437,Drama,2018,7.2,327206
9983,Fallen Journey 9983,SciFi,1991,5.5,498432
8555,Quiet Kingdom 8555,SciFi,2026,7.1,655809
9096,Distant Horizon 9096,Fantasy,1989,6.0,181583
6900,Distant Odyssey 6900,Comedy,1979,5.8,91172
1633,Lost Harbor 1633,Drama,2024,7.4,589829
1255,Fallen Echo 1255,Animation,1997,6.2,759888
9733,Endless Descent 9733,SciFi,2000,8.1,597272
8919,Frozen Chronicles 8919,Thriller,1982,6.8,894079
2168,Secret Verdict 2168,Action,2016,5.8,1174554
7520,Golden Storm 7520,Thriller,1977,6.6,276365
5871,Lost Verdict 5871,Animation,2023,7.7,868675
571,Silent Signal 571,Fantasy,2011,7.2,492023
868,Quiet Signal 868,Fantasy,2004,5.6,868874
164,Dark Horizon 164,SciFi,2022,6.6,339394
4314,Quiet Descent 4314,Animation,1982,7.2,625778
1049,Crimson Empire 1049,Documentary,1998,7.1,644300
3319,Eternal Requiem 3319,Animation,2006,3.9,454676
5090,Fallen Legacy 5090,Action,1976,4.9,999061
9285,Burning Frontier 9285,Horror,1975,7.6,772850
6734,Secret Empire 6734,Horror,1993,6.6,271068
7486,Lost Harbor 7486,Thriller,1986,6.4,566760
7318,Eternal Odyssey 7318,Romance,2011,5.8,721624
4183,Lost Shadow 4183,Fantasy,2021,7.8,972558
5311,Dark Storm 5311,Romance,2009,5.0,7255
4682,Dark Paradox 4682,Documentary,1975,6.9,587488
6698,Quiet Reflection 6698,Documentary,1987,3.6,413787
1573,Secret Frontier 1573,Action,1982,6.1,405130
6097,Hidden Shadow 6097,Fantasy,2013,6.8,406403
677,Endless Chronicles 677,Drama,1986,8.8,843434
1621,Eternal Passage 1621,Fantasy,1976,6.2,470433
3611,Crimson Descent 3611,Comedy,1984,5.6,179089
5810,Frozen Signal 5810,Action,2011,6.5,362388
7920,Crimson Frontier 7920,SciFi,1990,6.7,889268
3203,Dark Legacy 3203,SciFi,1990,4.4,938769
4620,Hidden Journey 4620,Drama,1996,6.7,400796
8008,Burning Echo 8008,Comedy,1980,6.6,1212116
4420,Broken Signal 4420,SciFi,2025,6.6,278529
5002,Fallen Requiem 5002,Documentary,1972,5.5,516186
3839,Quiet Requiem 3839,Romance,1979,8.0,641649
8974,Last Journey 8974,Comedy,2008,6.9,478100
1288,Endless Frontier 1288,Romance,1978,6.8,731616
6957,Endless Harbor 6957,Drama,2004,5.5,300930
7562,Crimson Horizon 7562,Animation,2001,7.2,507498
9343,Golden Empire 9343,SciFi,2026,7.5,420681
3392,Dark Storm 3392,Action,1999,6.0,0
2985,Golden Empire 2985,Drama,2020,7.1,327509
5017,Lost Storm 5017,Action,1998,7.1,618643
7169,Wild Odyssey 7169,SciFi,2008,7.1,300451
9417,Burning Shadow 9417,Action,2012,7.8,176124
6549,Eternal Paradox 6549,Horror,2026,7.6,559729
5995,Hidden Signal 5995,Romance,1977,5.8,788890
3502,Wild Shadow 3502,Romance,2013,6.0,518388
1071,Wild Echo 1071,Comedy,1977,7.9,314853
4267,Endless Shadow 4267,Animation,1979,6.7,676237
3626,Secret Descent 3626,Thriller,2004,8.5,451087
7965,Endless Storm 7965,Fantasy,1997,5.6,101033
4923,Last Horizon 4923,SciFi,1991,6.7,421907
9340,Broken Mirage 9340,Drama,1985,4.4,662803
2574,Lost Shadow 2574,SciFi,2023,5.0,517659
6191,Hidden Shadow 6191,Animation,2003,5.0,1103792
7754,Forgotten Paradox 7754,SciFi,1996,5.3,335776
5527,Golden Signal 5527,Documentary,1991,7.9,531655
8819,Fallen Journey 8819,Romance,2018,9.5,561238
835,Quiet Passage 835,Drama,1974,7.4,103014
1635,Quiet Descent 1635,Thriller,2023,6.3,415551
4936,Neon Legacy 4936,Action,1975,7.9,691684
8281,Silent Harbor 8281,Horror,1998,4.8,383888
1254,Burning Harbor 1254,Fantasy,1996,6.2,335434
3851,Distant Odyssey 3851,Fantasy,2016,7.3,111100
9369,Hidden Horizon 9369,Romance,2008,7.3,804382
5287,Forgotten Harbor 5287,Fantasy,2011,6.2,598505
5945,Secret Empire 5945,Horror,2021,6.7,422509
4888,Golden Echo 4888,Action,2002,8.7,205815
3173,Silent Paradox 3173,Romance,1980,8.0,834287
9928,Endless Verdict 9928,Fantasy,1980,7.9,839227
6748,Crimson Journey 6748,Fantasy,1972,6.4,456579
8714,Neon Frontier 8714,Action,1970,8.0,1016100
2925,Golden Echo 2925,Romance,1977,6.1,228074
9320,Burning Odyssey 9320,Horror,2008,6.4,580963
9741,Dark Echo 9741,Documentary,1991,6.4,695690
2898,Endless Descent 2898,Fantasy,1990,7.7,1158182
9959,Neon Horizon 9959,Thriller,2026,5.7,78347
9458,Lost Empire 9458,Thriller,1983,7.7,924540
7880,Last Empire 7880,Thriller,2021,7.7,1002722
8885,Distant Horizon 8885,Fantasy,2016,8.8,628234
5337,Frozen Requiem 5337,Romance,2014,7.3,675490
7947,Fallen Mirage 7947,Action,1993,6.3,562921
4669,Eternal Passage 4669,Thriller,2002,7.9,244672
1850,Hidden Chronicles 1850,SciFi,1990,4.0,371189
8355,Frozen Odyssey 8355,Romance,1988,8.5,552543
3500,Frozen Descent 3500,Animation,2015,5.9,303367
5171,Silent Verdict 5171,Thriller,2011,8.6,479111
3595,Secret Reflection 3595,Animation,1991,6.7,1016523
1292,Secret Frontier 1292,Thriller,1972,6.7,415589
8228,Wild Odyssey 8228,Thriller,1976,9.6,845107
9081,Fallen Verdict 9081,Drama,1994,6.7,112555
6897,Silent Reflection 6897,Thriller,1991,7.6,172198
2408,Lost Legacy 2408,Romance,2016,4.0,380394
1411,Distant Shadow 1411,Animation,2014,6.8,636245
7816,Forgotten Verdict 7816,Fantasy,1970,7.2,638721
5842,Rising Shadow 5842,SciFi,1999,9.3,421394
1785,Quiet Shadow 1785,Romance,2011,6.9,0
7281,Crimson Descent 7281,Romance,2017,4.7,46537
4694,Hidden Legacy 4694,Thriller,1983,6.3,551792
1869,Rising Paradox 1869,Comedy,1998,8.7,1707
5142,Crimson Journey 5142,Romance,2007,8.6,455023
5374,Forgotten Chronicles 5374,Fantasy,2023,8.3,291707
4062,Silent Storm 4062,Drama,1986,6.4,361824
7345,Silent Horizon 7345,Comedy,2012,6.7,125224
5444,Burning Shadow 5444,Animation,2007,5.8,936561
718,Fallen Echo 718,Action,1995,7.5,855103
8603,Lost Signal 8603,Romance,1982,7.2,204014
1797,Crimson Chronicles 1797,Horror,1995,5.8,272798
5195,Endless Harbor 5195,Drama,1972,6.9,442567
9048,Lost Mirage 9048,Romance,1974,6.6,1145254
7081,Endless Frontier 7081,SciFi,2016,6.7,547827
1548,Lost Legacy 1548,Comedy,1974,7.2,114076
2054,Rising Harbor 2054,Horror,2007,4.8,878546
2595,Dark Verdict 2595,Horror,2025,6.3,430462
3271,Quiet Frontier 3271,Horror,1985,5.4,675566
592,Wild Kingdom 592,Documentary,1981,6.2,565567
4145,Endless Paradox 4145,Drama,2026,5.4,508964
9704,Endless Signal 9704,Fantasy,2000,7.9,541889
2643,Dark Paradox 2643,Action,2013,7.4,866670
4189,Quiet Storm 4189,Romance,2007,4.3,0
5308,Neon Descent 5308,Animation,2020,6.3,237301
9935,Distant Harbor 9935,Thriller,1977,7.6,37619
363,Endless Signal 363,Romance,1986,5.9,685329
5385,Wild Kingdom 5385,Comedy,1981,8.9,866566
7061,Neon Empire 7061,Documentary,2013,8.2,536710
1421,Quiet Reflection 1421,Comedy,2010,6.6,365420
3954,Secret Legacy 3954,Comedy,1970,7.4,689634
9314,Endless Harbor 9314,Drama,2009,7.7,253829
8883,Broken Empire 8883,Thriller,2026,7.3,606450
7938,Fallen Mirage 7938,Action,1975,8.2,365355
2217,Lost Journey 2217,Documentary,2021,6.7,301830
4717,Quiet Passage 4717,SciFi,2010,5.3,646915
9460,Lost Chronicles 9460,Action,2026,7.7,358089
1603,Golden Descent 1603,Romance,1973,8.0,666945
696,Broken Passage 696,Fantasy,1980,4.7,721476
3588,Forgotten Paradox 3588,Documentary,1978,7.4,753053
7326,Endless Reflection 7326,Thriller,1980,6.7,550799
4684,Lost Empire 4684,Comedy,1992,6.8,903894
8409,Lost Storm 8409,Fantasy,1988,4.8,158898
4074,Last Paradox 4074,SciFi,2004,9.6,521975
9249,Frozen Signal 9249,Romance,1997,6.5,681587
1472,Burning Odyssey 1472,SciFi,1994,5.7,667481
7347,Eternal Requiem 7347,Animation,2023,8.3,772524
4387,Burning Legacy 4387,Action,2016,7.0,730246
4201,Last Verdict 4201,Documentary,1977,5.7,311243
3338,Rising Horizon 3338,Action,1984,5.3,752244
1664,Fallen Empire 1664,Animation,1970,7.7,374803
9019,Burning Shadow 9019,Animation,1997,7.3,328211
7721,Last Mirage 7721,Thriller,2006,7.8,752816
5044,Frozen Empire 5044,Thriller,2019,7.1,549962
4101,Forgotten Harbor 4101,Horror,2001,8.8,0
3279,Frozen Harbor 3279,Romance,1997,7.3,154403
7725,Last Shadow 7725,Documentary,1972,6.3,246528
8585,Eternal Descent 8585,Thriller,1976,6.4,701929
9448,Frozen Kingdom 9448,Documentary,2021,6.9,469952
6255,Burning Kingdom 6255,Thriller,2024,5.9,357730
7492,Fallen Storm 7492,Horror,1981,8.8,678702
9976,Lost Reflection 9976,Romance,2013,6.7,389313
4518,Distant Chronicles 4518,Drama,2000,7.3,513872
1445,Frozen Shadow 1445,Animation,2023,4.7,0
7030,Crimson Odyssey 7030,SciFi,1970,7.0,1014820
7198,Lost Empire 7198,SciFi,2002,6.5,833989
4579,Forgotten Requiem 4579,Documentary,2017,5.8,590780
1365,Hidden Echo 1365,Drama,2020,8.2,227542
9484,Broken Mirage 9484,Action,2022,5.8,474738
6508,Rising Descent 6508,Drama,1993,5.9,563977
1416,Quiet Signal 1416,Drama,1996,5.4,711689
6964,Wild Legacy 6964,Animation,2023,5.5,197543
66,Wild Signal 66,Comedy,2016,6.1,703304
839,Eternal Frontier 839,Fantasy,1978,6.4,363429
2430,Quiet Echo 2430,Drama,1975,6.9,241195
9485,Silent Chronicles 9485,Drama,1999,6.4,618941
8265,Crimson Shadow 8265,Romance,2014,6.7,684548
9461,Silent Storm 9461,Comedy,1988,6.6,416021
4907,Hidden Chronicles 4907,Animation,2006,8.2,407281
3653,Broken Signal 3653,SciFi,1974,6.8,416748
4914,Burning Passage 4914,Fantasy,1974,6.9,582404
5183,Golden Requiem 5183,Horror,2004,7.1,730553
4982,Lost Paradox 4982,SciFi,2016,6.0,202938
2019,Secret Frontier 2019,Thriller,1984,6.6,88307
4058,Forgotten Kingdom 4058,Horror,1983,6.1,508015
4092,Last Echo 4092,Documentary,2024,6.7,141408
2633,Distant Horizon 2633,Comedy,2004,7.1,424218
4160,Burning Reflection 4160,Romance,1975,5.8,700693
238,Last Echo 238,Action,1980,6.7,719713
850,Rising Descent 850,Horror,1978,6.7,884604
3733,Rising Harbor 3733,Documentary,1999,6.9,642727
6726,Neon Echo 6726,Documentary,1973,8.5,773344
4988,Eternal Frontier 4988,Horror,2007,9.1,197270
6747,Rising Paradox 6747,Thriller,1971,5.0,472006
3859,Endless Reflection 3859,Thriller,2007,7.1,123065
8718,Silent Kingdom 8718,Action,1982,6.9,529085
8368,Frozen Reflection 8368,Animation,1977,4.2,732935
6412,Last Harbor 6412,Fantasy,2016,7.2,702611
8101,Frozen Legacy 8101,SciFi,2026,6.1,935322
9961,Endless Journey 9961,Comedy,2023,4.6,493069
2276,Frozen Legacy 2276,Action,2000,7.5,147919
3798,Crimson Journey 3798,Comedy,2021,9.9,282425
2721,Broken Signal 2721,Drama,1982,6.3,535489
8068,Eternal Requiem 8068,SciFi,1975,7.6,552553
4500,Frozen Kingdom 4500,Fantasy,2005,6.7,927348
6757,Dark Echo 6757,Drama,2023,7.9,1254886
6834,Eternal Paradox 6834,Drama,1971,6.2,724083
6838,Rising Signal 6838,Comedy,1982,6.5,863311
5136,Forgotten Legacy 5136,Fantasy,2024,7.0,554013
3999,Rising Mirage 3999,Horror,2023,7.1,358006
9311,Last Storm 9311,Drama,1991,8.8,673394
3868,Rising Verdict 3868,Fantasy,2005,8.8,0
7443,Eternal Passage 7443,Romance,2017,6.5,364591
1222,Hidden Empire 1222,Action,1995,7.7,109960
2132,Fallen Paradox 2132,SciFi,1978,6.1,1004108
2277,Secret Requiem 2277,Thriller,1989,5.8,535434
7597,Forgotten Kingdom 7597,Horror,2008,7.3,778754
5734,Broken Odyssey 5734,Thriller,1991,7.0,475919
1877,Frozen Empire 1877,Documentary,2021,7.8,918670
6573,Fallen Shadow 6573,Horror,2010,5.6,706732
2318,Frozen Descent 2318,Horror,2007,6.6,589949
3055,Secret Descent 3055,Drama,2003,5.7,880182
7664,Lost Odyssey 7664,Action,1983,6.5,473238
4097,Dark Empire 4097,Romance,1998,7.2,923779
5303,Fallen Harbor 5303,Comedy,1970,6.5,770131
3227,Silent Chronicles 3227,Comedy,2024,8.7,306852
524,Eternal Descent 524,Documentary,1984,5.0,381295
8376,Hidden Echo 8376,Fantasy,2009,7.4,1125059
3342,Hidden Storm 3342,Drama,1979,4.4,170224
3879,Silent Frontier 3879,Thriller,1974,7.9,693857
1720,Lost Signal 1720,Horror,1971,7.0,755156
9470,Eternal Empire 9470,SciFi,2015,7.4,778947
6831,Rising Requiem 6831,Action,1990,5.4,649717
2033,Burning Legacy 2033,Action,2025,7.4,262709
5959,Last Verdict 5959,Animation,1994,6.6,308312
9406,Secret Signal 9406,Comedy,1987,6.1,180986
3938,Burning Empire 3938,Animation,1977,7.5,855112
7836,Forgotten Kingdom 7836,Comedy,1972,6.1,422312
8458,Forgotten Echo 8458,Thriller,2014,5.9,493768
752,Dark Horizon 752,Animation,1987,6.4,549814
3166,Silent Descent 3166,Horror,1973,7.6,243298
5659,Eternal Reflection 5659,Action,2005,5.4,391280
9622,Silent Odyssey 9622,Animation,2005,6.9,187691
9890,Broken Echo 9890,Drama,1987,7.9,996921
8747,Endless Odyssey 8747,Romance,1973,8.2,933429
5357,Last Reflection 5357,Thriller,2002,6.9,310623
1596,Wild Chronicles 1596,Romance,2002,7.0,496448
1019,Eternal Journey 1019,Thriller,1977,6.5,1114650
2028,Rising Echo 2028,Romance,1984,6.6,294507
6792,Broken Harbor 6792,Fantasy,2025,7.5,201566
1688,Hidden Harbor 1688,Thriller,1978,8.5,244931
9378,Fallen Storm 9378,SciFi,1970,8.3,130984
6423,Frozen Reflection 6423,Comedy,2016,8.2,541798
4469,Dark Horizon 4469,Romance,2020,6.8,699232
166,Last Echo 166,Thriller,1995,6.8,273900
5442,Last Requiem 5442,Action,1979,6.7,995876
5754,Forgotten Verdict 5754,Drama,1992,7.8,574239
2351,Forgotten Empire 2351,Comedy,2018,6.2,374969
4386,Forgotten Echo 4386,Horror,1973,8.1,662382
7256,Quiet Chronicles 7256,Fantasy,1993,9.4,560153
3133,Burning Reflection 3133,Action,2018,5.5,0
235,Eternal Kingdom 235,Comedy,1991,8.9,68779
2491,Fallen Signal 2491,Horror,1974,9.7,576957
1804,Wild Horizon 1804,Thriller,2001,6.7,474472
2661,Lost Kingdom 2661,Fantasy,2020,6.1,516603
1580,Rising Storm 1580,Animation,2014,6.1,522222
6542,Crimson Horizon 6542,Thriller,2019,6.3,504285
1551,Eternal Passage 1551,Fantasy,1987,7.7,374305
2835,Rising Kingdom 2835,Action,1982,5.2,207647
9300,Frozen Mirage 9300,Thriller,1992,7.4,1001496
445,Rising Echo 445,Drama,2006,7.3,885996
1208,Secret Verdict 1208,Comedy,2001,8.2,753934
399,Burning Mirage 399,Fantasy,2003,9.9,679606
5931,Lost Paradox 5931,Drama,1998,6.7,166862
86,Distant Descent 86,Romance,1985,9.2,633294
4258,Secret Horizon 4258,Animation,2019,5.2,611496
9671,Burning Kingdom 9671,Horror,2000,7.4,755162
9358,Forgotten Storm 9358,Romance,1999,6.9,651158
4680,Secret Verdict 4680,Horror,1999,6.9,499956
3402,Frozen Requiem 3402,Romance,1989,6.1,380506
4452,Crimson Descent 4452,Action,1976,7.6,968239
6655,Wild Empire 6655,Drama,2010,7.2,125436
8259,Golden Signal 8259,Animation,2012,5.0,862924
4507,Secret Odyssey 4507,Documentary,2002,8.0,183694
1728,Last Chronicles 1728,Action,1970,7.8,432549
7338,Golden Kingdom 7338,Action,1988,4.0,506252
5506,Lost Mirage 5506,Drama,1979,9.2,75513
6094,Endless Frontier 6094,Comedy,2012,7.1,334300
1250,Silent Passage 1250,Horror,2016,7.5,1008247
4095,Golden Chronicles 4095,Action,1988,7.0,1095118
9809,Dark Legacy 9809,SciFi,1976,7.4,332582
7572,Distant Reflection 7572,Fantasy,2025,6.6,608710
3878,Golden Descent 3878,Horror,1991,7.9,296316
6530,Rising Horizon 6530,Thriller,2009,6.0,547064
4060,Secret Horizon 4060,Animation,1991,7.8,337029
2464,Fallen Legacy 2464,Romance,1990,6.7,718784
1080,Eternal Requiem 1080,Thriller,1991,5.8,347855
4474,Silent Kingdom 4474,Horror,2007,5.9,505123
9034,Last Frontier 9034,SciFi,2018,8.1,388850
5427,Frozen Mirage 5427,Thriller,2008,3.6,392393
3284,Eternal Odyssey 3284,SciFi,2002,9.1,542156
7937,Crimson Echo 7937,Drama,2023,6.4,419729
1214,Silent Requiem 1214,Documentary,2026,5.0,344123
6310,Distant Shadow 6310,Horror,2024,4.0,320249
5397,Hidden Harbor 5397,Drama,1990,5.9,483025
3422,Fallen Harbor 3422,SciFi,1972,6.2,677878
8010,Last Paradox 8010,Documentary,2014,6.5,525659
7921,Golden Passage 7921,Horror,2022,7.2,1138123
3779,Dark Horizon 3779,Horror,1980,6.7,601758
758,Dark Chronicles 758,Thriller,1974,6.7,139876
2799,Silent Frontier 2799,Thriller,1981,7.7,483402
4389,Burning Signal 4389,Horror,2022,6.7,516985
149,Broken Mirage 149,Drama,1995,7.0,521974
3412,Rising Shadow 3412,Horror,1985,7.7,146667
3066,Quiet Chronicles 3066,Romance,2017,7.1,809099
9989,Hidden Shadow 9989,Action,1974,6.6,519766
4679,Fallen Storm 4679,Horror,2011,6.4,407030
9982,Lost Shadow 9982,Animation,2016,7.8,492647
6952,Broken Echo 6952,Action,1975,7.0,1281922
2784,Wild Mirage 2784,Comedy,1988,4.8,854841
2285,Golden Frontier 2285,Drama,1973,6.1,690027
6921,Lost Echo 6921,SciFi,2003,5.7,114134
1708,Golden Mirage 1708,Fantasy,2011,9.6,875341
111,Silent Empire 111,Action,2001,6.3,221917
5215,Endless Horizon 5215,Animation,2003,5.4,873210
7285,Neon Empire 7285,Romance,1977,6.8,452510
4636,Rising Verdict 4636,SciFi,1980,8.2,152680
1920,Fallen Empire 1920,Fantasy,1973,6.9,958613
2279,Hidden Journey 2279,Drama,2019,6.8,504744
4087,Rising Horizon 4087,Drama,2000,5.9,322657
8884,Rising Paradox 8884,Horror,2002,6.6,420262
6022,Quiet Legacy 6022,Fantasy,1982,6.2,564069
5859,Lost Verdict 5859,Romance,1981,4.7,691936
9908,Burning Reflection 9908,SciFi,1976,7.4,751121
1366,Rising Chronicles 1366,Romance,1981,7.3,634104
4317,Quiet Passage 4317,Thriller,1990,8.4,0
358,Secret Verdict 358,Drama,1998,7.5,266000
3247,Last Signal 3247,Romance,2011,5.4,527395
9024,Forgotten Horizon 9024,Drama,2019,7.6,855135
6826,Broken Kingdom 6826,Thriller,2015,4.3,849072
7866,Rising Chronicles 7866,Documentary,1972,5.7,734894
5175,Silent Chronicles 5175,Drama,1989,8.4,51707
8973,Golden Requiem 8973,Action,2017,6.8,263168
3773,Silent Legacy 3773,Action,1979,8.4,644737
2390,Wild Mirage 2390,Fantasy,2026,4.3,510562
6233,Wild Signal 6233,Action,2010,8.4,139456
6138,Frozen Requiem 6138,Documentary,1998,7.8,241375
8801,Lost Harbor 8801,Romance,2001,5.8,660383
3518,Broken Paradox 3518,Action,1980,5.6,0
702,Neon Horizon 702,Comedy,2026,7.3,211237
7612,Neon Legacy 7612,Fantasy,1996,8.5,92336
2934,Secret Shadow 2934,Thriller,1986,5.0,235299
5098,Distant Verdict 5098,Comedy,1993,7.5,413151
159,Broken Storm 159,Thriller,2017,8.3,657444
7437,Endless Journey 7437,Fantasy,1979,7.2,831638
2582,Golden Reflection 2582,Drama,2007,6.0,761623
4478,Distant Requiem 4478,SciFi,2002,5.1,0
5728,Wild Reflection 5728,Drama,2011,6.6,428510
2518,Lost Journey 2518,Comedy,1991,9.2,713063
5386,Wild Harbor 5386,Animation,1989,6.6,231495
4409,Wild Chronicles 4409,SciFi,1999,6.6,431270
1140,Neon Echo 1140,Documentary,2013,4.9,697650
1659,Silent Shadow 1659,SciFi,1985,8.3,572994
8511,Burning Harbor 8511,Thriller,1995,8.8,418515
4035,Lost Legacy 4035,Horror,1977,6.4,240002
2920,Last Verdict 2920,Horror,2010,7.9,233417
119,Rising Descent 119,Thriller,2016,9.2,838687
1757,Fallen Passage 1757,Action,1975,8.2,1263556
2453,Lost Reflection 2453,Comedy,2011,6.0,714140
4905,Endless Empire 4905,Thriller,1994,6.0,490114
9777,Crimson Reflection 9777,Romance,1984,5.0,481078
5279,Wild Verdict 5279,Animation,1974,7.3,1123948
6531,Golden Empire 6531,Documentary,1980,7.9,586914
2205,Dark Requiem 2205,SciFi,2018,7.9,501675
2537,Burning Harbor 2537,Animation,2018,5.5,858481
3249,Broken Signal 3249,Animation,1992,6.4,450340
7335,Distant Verdict 7335,Horror,2019,6.2,889949
503,Secret Empire 503,Comedy,2020,6.6,246319
7205,Neon Passage 7205,Animation,1984,7.6,645529
63,Golden Harbor 63,Drama,1986,9.1,0
9230,Rising Journey 9230,Drama,1994,6.1,186646
1467,Silent Signal 1467,Drama,2009,6.0,450156
1234,Dark Empire 1234,Thriller,1974,6.9,485728
3787,Distant Reflection 3787,Animation,2008,7.4,323907
7649,Lost Storm 7649,Animation,2022,6.4,629804
9721,Eternal Verdict 9721,Action,1984,6.0,229914
5283,Lost Mirage 5283,Romance,2025,7.9,243472
1354,Rising Signal 1354,Documentary,1972,7.4,291511
8104,Forgotten Harbor 8104,Horror,2025,8.0,581338
3826,Lost Shadow 3826,Animation,2011,6.4,546211
8210,Golden Requiem 8210,Documentary,2009,6.2,581635
6898,Rising Requiem 6898,Horror,2005,8.9,0
5298,Wild Descent 5298,Drama,2023,6.1,905677
5334,Last Reflection 5334,Romance,1995,5.3,841256
4544,Silent Signal 4544,Action,2005,6.3,1074743
7085,Fallen Empire 7085,Animation,1980,7.0,688054
6965,Last Passage 6965,SciFi,1982,6.0,8294
3504,Dark Descent 3504,SciFi,1989,8.5,0
5102,Eternal Empire 5102,SciFi,1996,7.4,1036210
9546,Distant Frontier 9546,Fantasy,2000,9.1,217193
2975,Rising Paradox 2975,Animation,1986,7.0,542726
3261,Neon Kingdom 3261,SciFi,2001,9.3,556545
4414,Broken Paradox 4414,Romance,2009,5.9,663160
3057,Frozen Echo 3057,Romance,1989,8.3,0
4438,Silent Empire 4438,Animation,2008,6.3,289298
5356,Endless Paradox 5356,Thriller,1992,5.6,210098
6116,Last Signal 6116,Action,2008,8.1,0
693,Lost Kingdom 693,Romance,2020,5.3,730092
4437,Burning Chronicles 4437,Thriller,2010,6.4,571561
1640,Last Mirage 1640,Horror,1986,5.3,559438
5106,Hidden Horizon 5106,Fantasy,2005,5.8,84372
8777,Burning Passage 8777,Animation,2012,6.8,523297
4703,Neon Verdict 4703,Thriller,1978,4.9,879265
8474,Quiet Empire 8474,Fantasy,1982,6.7,425143
1301,Frozen Passage 1301,Documentary,1987,7.2,265277
2343,Crimson Kingdom 2343,Fantasy,2020,6.1,498068
6650,Broken Signal 6650,Fantasy,2011,8.7,600100
4562,Forgotten Odyssey 4562,Comedy,2006,6.4,365817
2683,Golden Passage 2683,Romance,1988,7.1,675969
6823,Crimson Odyssey 6823,Comedy,2009,8.0,334239
1433,Forgotten Journey 1433,Documentary,1981,6.7,76851
4075,Frozen Requiem 4075,Animation,2026,7.9,225048
6026,Hidden Frontier 6026,Action,2020,6.2,689374
536,Eternal Storm 536,Romance,1982,6.7,441594
6526,Golden Descent 6526,Horror,2010,5.7,112716
2798,Last Reflection 2798,Comedy,2007,7.9,352306
1575,Wild Legacy 1575,Romance,2015,7.3,811224
5551,Broken Harbor 5551,Animation,1986,8.4,983970
684,Hidden Chronicles 684,Fantasy,2026,8.1,804783
4810,Hidden Journey 4810,Action,2017,5.1,1088646
2851,Broken Requiem 2851,Horror,2004,10.0,317322
4023,Neon Odyssey 4023,Romance,2019,5.7,445419
5761,Secret Storm 5761,Comedy,2021,7.1,288620
3807,Golden Signal 3807,Documentary,1973,6.4,303929
5450,Forgotten Passage 5450,Documentary,2015,6.6,220829
4358,Quiet Passage 4358,Horror,1982,5.4,607377
4502,Silent Storm 4502,Drama,1998,7.1,525836
7075,Rising Storm 7075,Comedy,1972,7.6,330213
2001,Crimson Odyssey 2001,Drama,2021,5.4,488969
1444,Hidden Frontier 1444,Comedy,2020,7.5,341664
8256,Frozen Storm 8256,Comedy,2010,7.6,18120
1280,Burning Storm 1280,Documentary,1988,7.0,49936
5667,Lost Kingdom 5667,Fantasy,1978,8.4,414564
9572,Fallen Harbor 9572,Romance,1970,6.9,739451
8357,Forgotten Frontier 8357,Fantasy,1991,5.0,311168
4894,Dark Reflection 4894,Fantasy,2000,8.7,461006
8227,Dark Reflection 8227,Animation,2004,7.7,312977
6875,Endless Paradox 6875,Animation,2007,7.2,481966
6520,Silent Kingdom 6520,Drama,1971,7.7,603771
6203,Neon Harbor 6203,Comedy,2018,8.4,964677
1418,Golden Legacy 1418,SciFi,1998,7.6,0
2603,Crimson Odyssey 2603,Animation,2021,5.1,841636
6334,Silent Legacy 6334,Drama,1983,6.2,658214
3325,Quiet Chronicles 3325,SciFi,2026,8.9,0
2875,Eternal Empire 2875,Documentary,1986,5.6,1115981
5819,Wild Signal 5819,Drama,1984,6.9,268786
8397,Silent Chronicles 8397,Documentary,2006,7.4,286674
8552,Neon Echo 8552,Comedy,1983,6.5,608712
521,Secret Odyssey 521,Fantasy,1998,6.3,589585
7266,Lost Descent 7266,Action,1979,5.5,877875
7624,Crimson Odyssey 7624,Action,1997,5.2,472799
5908,Hidden Shadow 5908,Romance,1997,6.5,481317
9193,Quiet Frontier 9193,Comedy,1998,7.7,276622
7757,Lost Echo 7757,SciFi,2009,7.0,597453
7506,Burning Reflection 7506,Romance,1994,7.2,355618
8105,Distant Odyssey 8105,Animation,2025,5.2,225130
3985,Quiet Mirage 3985,Action,2001,8.3,827856
5878,Wild Paradox 5878,Romance,1990,6.7,756048
1671,Last Paradox 1671,Thriller,2014,7.3,330336
152,Dark Echo 152,Documentary,1972,6.1,946373
5861,Secret Chronicles 5861,Fantasy,1995,7.7,1250736
6141,Eternal Reflection 6141,Animation,2012,7.2,464523
1359,Distant Storm 1359,Thriller,2010,7.7,863324
286,Silent Shadow 286,Horror,1996,5.6,174961
8600,Distant Passage 8600,Animation,1973,8.0,0
9710,Secret Echo 9710,Romance,1976,7.5,625026
7144,Wild Empire 7144,Comedy,2009,7.2,603331
6449,Burning Paradox 6449,Action,2012,7.2,917449
9817,Broken Paradox 9817,Action,1971,4.2,545219
4711,Eternal Odyssey 4711,Documentary,2016,7.1,614478
8860,Silent Verdict 8860,SciFi,2016,5.6,627509
6920,Frozen Echo 6920,Drama,2023,5.8,223639
8302,Hidden Legacy 8302,Thriller,2004,7.6,501057
744,Neon Storm 744,Comedy,2019,5.0,161715
7686,Endless Odyssey 7686,Horror,1974,6.0,847418
7820,Quiet Frontier 7820,Romance,1996,4.6,0
2429,Neon Shadow 2429,Horror,2004,7.7,468864
9579,Rising Odyssey 9579,Romance,2016,9.0,0
9649,Endless Reflection 9649,Action,2013,8.9,807781
3893,Fallen Journey 3893,Comedy,1983,8.0,687218
8689,Neon Horizon 8689,Romance,1988,7.2,1019460
2954,Eternal Signal 2954,Thriller,2003,5.3,911796
1607,Frozen Descent 1607,Action,1996,6.3,145135
4766,Secret Legacy 4766,SciFi,1992,4.4,406890
4116,Last Legacy 4116,Romance,2008,6.2,528491
490,Endless Frontier 490,Thriller,2015,6.9,860607
1028,Eternal Requiem 1028,Drama,1985,6.9,485510
6617,Frozen Journey 6617,Animation,1999,8.3,638411
9638,Broken Paradox 9638,Comedy,1991,7.0,443636
2058,Rising Kingdom 2058,Action,1977,8.9,656934
3853,Fallen Horizon 3853,Animation,1991,7.0,689298
3597,Dark Kingdom 3597,Fantasy,2014,7.4,1050545
4908,Frozen Journey 4908,Action,2011,9.1,517918
3671,Fallen Frontier 3671,Fantasy,1990,5.3,178493
1304,Last Echo 1304,Action,2008,7.8,761774
2321,Endless Paradox 2321,SciFi,1998,6.4,714725
3760,Crimson Odyssey 3760,SciFi,1996,4.8,463894
7298,Secret Horizon 7298,Drama,1977,7.0,208677
4460,Rising Mirage 4460,Horror,2016,7.1,302888
7591,Forgotten Harbor 7591,Comedy,1972,6.4,274823
1683,Rising Signal 1683,SciFi,1989,4.5,500512
3877,Lost Frontier 3877,SciFi,1993,6.4,764580
7525,Quiet Journey 7525,Romance,1997,6.1,697924
9365,Wild Legacy 9365,Drama,1990,7.6,339576
6381,Quiet Chronicles 6381,Fantasy,2013,6.9,268098
1322,Broken Storm 1322,Fantasy,1970,4.8,519309
4872,Wild Reflection 4872,Fantasy,2015,6.7,406076
4098,Last Odyssey 4098,Documentary,1984,7.3,912898
2371,Burning Legacy 2371,Fantasy,1986,5.8,656623
1631,Endless Harbor 1631,Documentary,2019,9.9,557232
2234,Rising Reflection 2234,Animation,1991,9.7,395220
1,Distant Legacy 1,Horror,2011,8.9,666326
1388,Silent Frontier 1388,Animation,2024,6.6,487499
3201,Secret Storm 3201,Documentary,2006,7.9,252181
4482,Rising Harbor 4482,Horror,2016,8.1,918534
4954,Hidden Echo 4954,Documentary,2004,5.3,454977
6932,Silent Shadow 6932,Horror,2006,5.6,678453
4411,Last Reflection 4411,Thriller,2012,7.3,522016
1414,Crimson Requiem 1414,Fantasy,2005,4.8,251242
4015,Golden Harbor 4015,Documentary,2016,4.9,803034
6440,Wild Signal 6440,Romance,1993,5.0,22331
6046,Hidden Signal 6046,Romance,2023,6.7,746546
6034,Fallen Chronicles 6034,Documentary,2003,5.7,486861
9694,Neon Legacy 9694,Romance,1999,7.3,500954
1302,Rising Horizon 1302,Thriller,2001,7.2,682169
9744,Wild Requiem 9744,Thriller,1979,6.9,677036
1496,Endless Descent 1496,Comedy,1983,4.4,615886
4265,Rising Frontier 4265,Horror,1976,7.6,329115
2559,Lost Requiem 2559,Action,1998,6.0,159586
8207,Dark Passage 8207,Thriller,2009,8.8,357965
8706,Golden Frontier 8706,Fantasy,1995,5.5,0
6624,Lost Frontier 6624,Action,1981,7.4,423613
9011,Rising Horizon 9011,Fantasy,2000,5.2,560839
6647,Broken Harbor 6647,Fantasy,2023,6.4,147855
5775,Frozen Chronicles 5775,Comedy,2015,6.1,280505
5598,Last Descent 5598,Thriller,1994,6.1,687031
4970,Rising Shadow 4970,Horror,1995,8.5,188076
2928,Crimson Reflection 2928,Drama,2017,7.0,569219
93,Secret Requiem 93,Animation,1978,8.5,230926
1809,Golden Harbor 1809,Thriller,1994,7.4,786138
4382,Silent Shadow 4382,Action,1994,7.0,522131
2905,Crimson Frontier 2905,Horror,2010,6.2,66810
8239,Crimson Legacy 8239,Fantasy,2012,7.0,268837
755,Wild Descent 755,Romance,2012,7.3,490039
3828,Frozen Verdict 3828,Fantasy,1999,6.3,91422
3788,Forgotten Paradox 3788,Horror,2009,7.6,110795
9134,Eternal Journey 9134,Thriller,1982,6.1,421708
2474,Fallen Mirage 2474,Thriller,1983,6.5,671663
1000,Eternal Frontier 1000,Thriller,1986,6.8,606182
804,Distant Harbor 804,Comedy,2004,7.8,730115
3435,Secret Shadow 3435,Action,1981,6.4,132686
5237,Distant Descent 5237,Animation,1970,5.7,735692
2955,Dark Requiem 2955,Documentary,1981,5.7,952342
6850,Fallen Harbor 6850,Thriller,1972,7.1,608402
956,Frozen Requiem 956,Fantasy,1989,7.8,862957
9758,Frozen Descent 9758,Animation,2009,8.8,1168217
9861,Secret Requiem 9861,Drama,1972,6.9,494636
520,Golden Paradox 520,Romance,2005,5.7,348697
4969,Broken Descent 4969,Documentary,2013,7.2,846103
8461,Burning Horizon 8461,SciFi,2002,8.8,700262
9347,Fallen Storm 9347,Drama,1980,5.5,681214
2910,Eternal Kingdom 2910,SciFi,2013,5.9,728766
1262,Eternal Journey 1262,Action,1975,6.5,506409
8673,Last Frontier 8673,Action,2015,7.0,833933
92,Golden Chronicles 92,Fantasy,2011,8.2,941943
2403,Neon Empire 2403,Romance,2005,7.1,204563
1527,Frozen Mirage 1527,Horror,1981,9.0,685952
6446,Golden Harbor 6446,Fantasy,1994,7.8,337250
6663,Quiet Odyssey 6663,Animation,2006,7.0,347659
6846,Quiet Verdict 6846,Fantasy,1997,7.2,641490
8260,Wild Horizon 8260,Fantasy,2016,6.0,0
1013,Eternal Paradox 1013,Comedy,1996,8.3,523530
8336,Dark Empire 8336,Horror,2023,7.8,313443
2832,Lost Descent 2832,Documentary,1995,6.6,763769
1780,Forgotten Passage 1780,Documentary,1977,7.4,508551
9652,Endless Passage 9652,Fantasy,1981,5.3,715558
7435,Crimson Frontier 7435,Romance,1996,8.3,610231
1695,Lost Echo 1695,Animation,2015,5.4,302462
4090,Neon Requiem 4090,Drama,2026,5.7,1070799
3939,Forgotten Frontier 3939,Drama,2001,5.8,41085
4550,Lost Journey 4550,SciFi,1997,6.0,704498
3904,Frozen Chronicles 3904,Thriller,2019,8.1,80001
9912,Silent Storm 9912,SciFi,2026,6.5,764738
5108,Crimson Horizon 5108,SciFi,1974,7.5,843487
5815,Distant Frontier 5815,Fantasy,1999,7.1,1195741
9272,Last Reflection 9272,Romance,1974,7.4,742018
7328,Neon Storm 7328,SciFi,1972,6.8,335356
7258,Lost Reflection 7258,Romance,1999,5.7,237112
6721,Fallen Signal 6721,Action,2025,6.5,0
7888,Dark Chronicles 7888,Romance,1976,7.5,186218
4870,Golden Reflection 4870,Horror,2021,6.6,617272
3495,Crimson Verdict 3495,Animation,2016,4.5,819955
1691,Neon Empire 1691,Action,1991,8.4,157801
3340,Lost Reflection 3340,Thriller,2010,7.8,230917
4214,Broken Shadow 4214,SciFi,2007,7.4,452501
5468,Hidden Legacy 5468,Horror,1985,7.8,530561
7145,Quiet Horizon 7145,Romance,1994,5.9,688569
6074,Golden Signal 6074,Fantasy,2021,7.6,724485
8123,Fallen Kingdom 8123,SciFi,2001,6.0,407629
2103,Broken Echo 2103,Fantasy,1992,6.4,186434
8947,Frozen Chronicles 8947,Fantasy,2005,6.9,1099772
754,Fallen Requiem 754,Thriller,2012,9.5,0
7842,Lost Harbor 7842,Comedy,1998,6.8,0
4295,Rising Legacy 4295,Animation,2019,7.6,295930
5557,Golden Echo 5557,Drama,1982,6.8,317887
9799,Hidden Paradox 9799,Drama,1983,7.2,667119
8606,Secret Reflection 8606,Horror,2016,7.2,680089
88,Crimson Echo 88,Thriller,1985,6.7,499110
4775,Rising Reflection 4775,Drama,2026,7.9,543696
8816,Secret Chronicles 8816,Fantasy,1990,7.8,511387
2738,Frozen Storm 2738,SciFi,2011,9.5,445856
5112,Last Mirage 5112,Fantasy,1979,6.6,256284
3326,Lost Kingdom 3326,Thriller,2009,6.6,794667
6640,Endless Shadow 6640,Romance,2013,6.5,572294
5660,Golden Shadow 5660,Documentary,2011,7.1,496231
3038,Silent Signal 3038,Thriller,2022,4.4,782995
572,Neon Signal 572,Drama,1975,7.6,524051
638,Distant Verdict 638,Documentary,1977,8.8,812123
9674,Dark Echo 9674,Comedy,2019,7.5,610418
9456,Silent Odyssey 9456,Comedy,2001,6.3,175144
6943,Dark Passage 6943,Action,2018,8.3,354894
4178,Silent Passage 4178,Thriller,2010,4.4,355115
9686,Forgotten Echo 9686,Fantasy,1981,8.8,677925
6043,Broken Frontier 6043,Animation,2024,7.3,687802
2387,Fallen Verdict 2387,Fantasy,2024,5.9,369283
7287,Neon Odyssey 7287,Fantasy,2010,8.9,962370
8535,Fallen Frontier 8535,Thriller,1982,4.7,329341
8006,Broken Storm 8006,Action,1986,7.7,542467
8086,Secret Shadow 8086,SciFi,1984,9.2,272542
8243,Dark Mirage 8243,Romance,1994,6.7,847225
4012,Endless Odyssey 4012,Comedy,1977,5.3,176718
3780,Frozen Frontier 3780,Comedy,1994,9.6,429471
8386,Dark Paradox 8386,Documentary,2021,7.3,613082
6967,Rising Odyssey 6967,Romance,1992,4.7,418234
9028,Dark Legacy 9028,Action,2014,6.1,696513
9239,Silent Echo 9239,SciFi,1977,4.1,638843
9821,Lost Harbor 9821,Animation,1989,4.5,449481
535,Rising Signal 535,Fantasy,1977,9.4,640241
4884,Secret Signal 4884,Thriller,2019,9.4,68702
2000,Dark Descent 2000,Documentary,2011,8.4,464623
8923,Wild Shadow 8923,Comedy,2026,5.1,480541
9776,Eternal Verdict 9776,Animation,2014,7.0,439271
5891,Hidden Shadow 5891,SciFi,1977,8.0,0
2075,Distant Signal 2075,Action,1994,7.3,51952
6556,Quiet Kingdom 6556,Comedy,1999,4.2,864603
4316,Fallen Passage 4316,Romance,1990,6.1,495875
1398,Dark Frontier 1398,Documentary,1999,7.6,262196
3996,Silent Storm 3996,Romance,2024,7.9,537942
6039,Burning Mirage 6039,Comedy,1979,6.7,119323
5589,Quiet Requiem 5589,Drama,1983,9.1,304651
1360,Secret Echo 1360,SciFi,1981,4.5,202175
6771,Quiet Chronicles 6771,Thriller,1989,3.7,508579
6750,Quiet Harbor 6750,Documentary,2000,6.1,322660
7102,Wild Signal 7102,Horror,1988,9.8,984848
2300,Rising Verdict 2300,Documentary,1972,7.3,263964
9574,Golden Frontier 9574,SciFi,1976,6.9,615800
6577,Last Harbor 6577,Fantasy,2005,5.8,567104
6517,Endless Echo 6517,Documentary,1971,7.6,897676
5477,Quiet Odyssey 5477,Drama,1985,6.3,485050
917,Forgotten Storm 917,Animation,2011,6.2,785676
6439,Secret Verdict 6439,Action,2012,6.9,792989
6183,Forgotten Verdict 6183,Documentary,2006,7.6,442167
8081,Distant Storm 8081,Documentary,1983,9.8,558152
4450,Forgotten Harbor 4450,Romance,1984,6.0,609756
7874,Secret Reflection 7874,Thriller,2023,6.9,186521
6851,Lost Paradox 6851,Drama,1989,7.1,395708
2766,Wild Requiem 2766,Horror,1982,7.7,636668
4612,Endless Echo 4612,Romance,2026,5.8,353107
410,Crimson Shadow 410,Documentary,2007,6.1,464124
5990,Burning Kingdom 5990,Drama,1987,6.2,182977
8067,Lost Shadow 8067,Thriller,1977,5.7,609768
329,Rising Frontier 329,Documentary,2012,7.6,405277
1016,Silent Storm 1016,Action,1997,7.6,627253
8077,Rising Shadow 8077,Action,2000,7.4,661522
7846,Dark Paradox 7846,Thriller,1977,6.1,702058
2129,Frozen Requiem 2129,SciFi,2017,7.4,100548
5335,Forgotten Odyssey 5335,Comedy,2022,7.4,554862
3646,Neon Empire 3646,Horror,1972,7.0,525572
8099,Forgotten Odyssey 8099,Drama,1982,7.6,109657
5719,Distant Descent 5719,Fantasy,2008,7.4,184339
7963,Neon Passage 7963,Romance,2025,6.6,809526
1056,Eternal Mirage 1056,SciFi,2012,5.4,493554
7744,Distant Shadow 7744,Horror,1990,8.5,680636
2696,Silent Descent 2696,SciFi,1987,5.2,314190
8007,Neon Empire 8007,Drama,2017,7.7,267575
5092,Frozen Descent 5092,Drama,1972,7.2,0
5207,Secret Mirage 5207,Animation,2026,7.1,412825
6962,Frozen Storm 6962,Horror,1990,5.0,707250
6033,Golden Storm 6033,Action,1973,7.1,292194
3983,Lost Echo 3983,Romance,1989,6.3,296819
216,Wild Storm 216,Horror,1993,5.8,367536
8003,Last Legacy 8003,Thriller,1997,5.3,666685
9390,Rising Frontier 9390,Horror,1998,6.2,464682
3585,Crimson Paradox 3585,Animation,2006,6.0,660812
1415,Last Horizon 1415,Animation,2004,7.1,419298
4198,Endless Requiem 4198,Drama,1989,6.6,810768
7877,Secret Journey 7877,Thriller,2024,5.1,327991
3285,Eternal Horizon 3285,Drama,1974,8.0,173766
8903,Broken Echo 8903,Drama,1998,6.9,86965
2259,Hidden Legacy 2259,Comedy,2022,8.3,843207
3508,Secret Echo 3508,Animation,2010,5.2,120790
8402,Secret Harbor 8402,Fantasy,2017,5.6,681315
2144,Distant Passage 2144,Horror,1984,6.9,670544
5320,Broken Paradox 5320,Documentary,2018,7.7,416908
4916,Wild Signal 4916,Romance,2022,5.7,350892
32,Quiet Frontier 32,Documentary,1989,7.3,571571
9150,Distant Shadow 9150,Drama,2022,9.3,988707
7154,Silent Verdict 7154,Fantasy,2007,5.2,939973
2505,Distant Empire 2505,Comedy,2016,7.2,404303
7199,Secret Frontier 7199,Horror,1982,7.5,978075
9947,Secret Storm 9947,Action,2022,4.8,166207
2771,Lost Frontier 2771,Animation,2004,5.1,0
3549,Quiet Verdict 3549,Thriller,1981,6.8,206530
3639,Burning Storm 3639,Drama,2019,5.8,592608
7914,Lost Empire 7914,Fantasy,2024,7.6,510223
6888,Eternal Reflection 6888,SciFi,1971,6.2,462324
9429,Fallen Passage 9429,Action,1987,7.5,939531
1329,Eternal Odyssey 1329,Documentary,1986,7.9,0
8651,Rising Odyssey 8651,Action,2006,6.8,624784
729,Broken Legacy 729,SciFi,2018,5.1,401855
184,Rising Legacy 184,Animation,1975,6.1,252205
1314,Fallen Journey 1314,Animation,2004,3.2,428728
5441,Lost Kingdom 5441,Comedy,2000,5.2,76275
7462,Crimson Empire 7462,Thriller,1979,5.9,674958
5260,Eternal Signal 5260,Drama,2000,8.9,324751
5943,Neon Shadow 5943,Fantasy,2011,7.0,470507
1336,Fallen Signal 1336,Comedy,1998,5.0,125280
7651,Silent Storm 7651,Fantasy,2013,9.0,214319
2216,Crimson Descent 2216,Fantasy,1995,7.0,74385
7128,Lost Chronicles 7128,Comedy,2012,8.1,853330
4576,Lost Legacy 4576,Action,2014,6.2,259806
9043,Rising Requiem 9043,SciFi,1979,7.9,835982
5746,Burning Shadow 5746,Fantasy,1975,7.9,468620
4013,Endless Verdict 4013,SciFi,2023,9.9,313886
1519,Golden Horizon 1519,Fantasy,1978,5.1,83287
3458,Broken Storm 3458,Fantasy,1979,8.1,221978
8224,Rising Reflection 8224,Fantasy,1991,7.1,353279
738,Forgotten Legacy 738,Thriller,1991,5.7,0
3018,Golden Harbor 3018,Horror,2011,7.6,347143
6200,Broken Frontier 6200,Action,2000,6.1,544304
8556,Broken Descent 8556,Fantasy,2015,5.5,479553
5778,Frozen Paradox 5778,Drama,1991,4.2,580941
9635,Last Harbor 9635,Action,2025,7.9,475253
7371,Wild Storm 7371,SciFi,2004,6.6,719347
6824,Secret Chronicles 6824,Documentary,2009,5.0,848315
2638,Silent Shadow 2638,Thriller,2004,6.8,701584
8748,Eternal Odyssey 8748,Horror,1976,7.5,766499
660,Broken Empire 660,Documentary,1988,6.9,0
2691,Wild Reflection 2691,Comedy,2026,6.4,689118
7775,Burning Verdict 7775,Animation,2007,6.3,973977
7623,Distant Odyssey 7623,Drama,1984,7.2,0
9516,Crimson Frontier 9516,Drama,1980,5.9,231042
5414,Silent Requiem 5414,Drama,2020,6.2,577513
6775,Secret Paradox 6775,Thriller,1988,6.1,297666
2563,Eternal Passage 2563,Documentary,1996,6.6,269590
9160,Frozen Journey 9160,SciFi,2023,6.7,961024
9780,Wild Odyssey 9780,Thriller,2006,6.7,227246
4616,Fallen Horizon 4616,Animation,2024,7.9,611800
1476,Distant Shadow 1476,Thriller,1974,5.6,299471
2109,Dark Echo 2109,Horror,1986,7.1,695110
8017,Wild Horizon 8017,Animation,2020,6.1,649213
8284,Secret Mirage 8284,SciFi,1986,6.9,894864
7894,Hidden Odyssey 7894,Fantasy,1976,8.5,699001
9179,Wild Paradox 9179,Action,1982,8.5,211137
3237,Last Harbor 3237,Fantasy,2013,5.1,410413
9187,Silent Requiem 9187,Comedy,1993,5.7,498759
2106,Silent Verdict 2106,Thriller,2026,6.7,680676
7206,Secret Journey 7206,Comedy,1998,7.8,756057
8961,Broken Shadow 8961,Action,1978,6.8,323171
9235,Distant Requiem 9235,Action,1971,6.8,1454320
199,Distant Journey 199,Horror,2008,4.6,660165
1044,Endless Paradox 1044,Documentary,1988,8.3,655396
3407,Fallen Kingdom 3407,SciFi,2022,8.2,586810
5952,Burning Requiem 5952,Thriller,2019,6.8,215120
5731,Golden Empire 5731,SciFi,1983,8.2,522874
3791,Forgotten Paradox 3791,Thriller,2022,6.0,464660
7852,Frozen Shadow 7852,Thriller,1998,8.0,546170
6248,Eternal Reflection 6248,Fantasy,2019,6.5,276367
309,Hidden Harbor 309,Romance,2000,7.1,124807
3255,Crimson Shadow 3255,Fantasy,1991,6.3,176071
6639,Golden Shadow 6639,Comedy,2024,8.6,501670
9031,Quiet Signal 9031,Comedy,1982,5.9,459415
3380,Neon Echo 3380,Action,1979,7.1,690449
6914,Eternal Chronicles 6914,Drama,1997,5.3,818761
3021,Secret Legacy 3021,Romance,2009,6.6,269087
7815,Golden Passage 7815,Documentary,2003,7.1,345804
4374,Hidden Chronicles 4374,Action,2002,5.7,766778
4571,Neon Verdict 4571,Drama,1994,9.0,1156749
8071,Forgotten Reflection 8071,Horror,1996,3.7,329768
1964,Last Odyssey 1964,Thriller,2006,6.3,598135
1890,Burning Horizon 1890,Drama,1997,8.2,325233
440,Secret Chronicles 440,Animation,1983,6.0,494053
8384,Forgotten Empire 8384,Documentary,1996,6.4,948281
3563,Silent Mirage 3563,SciFi,2007,6.3,601252
8754,Burning Storm 8754,Drama,1994,7.1,684295
9255,Fallen Reflection 9255,Horror,1996,5.5,934012
3612,Lost Requiem 3612,Animation,1980,6.9,269799
3376,Forgotten Storm 3376,Romance,2013,7.0,822109
7648,Secret Passage 7648,Romance,2007,8.5,432588
48,Hidden Echo 48,Drama,1997,7.6,483329
6555,Forgotten Passage 6555,SciFi,1994,8.5,950266
6766,Dark Verdict 6766,Fantasy,2000,6.3,312765
3013,Broken Odyssey 3013,Animation,2010,4.3,854674
9166,Dark Empire 9166,Action,2026,7.8,527852
1386,Broken Harbor 1386,Horror,2026,8.0,798971
5218,Eternal Journey 5218,Fantasy,2015,7.3,51873
6220,Secret Verdict 6220,Comedy,2012,5.8,0
4584,Secret Passage 4584,Thriller,1994,6.9,891319
9231,Rising Passage 9231,Horror,1979,9.8,537830
6130,Broken Echo 6130,Thriller,1990,5.2,496433
4992,Fallen Signal 4992,Fantasy,1975,8.5,692483
7459,Hidden Harbor 7459,Animation,2011,7.7,543493
5055,Last Paradox 5055,Horror,2024,8.7,599497
1271,Frozen Shadow 1271,Action,2006,7.0,448591
7131,Golden Harbor 7131,Fantasy,2003,8.0,388318
4068,Distant Verdict 4068,Comedy,2001,8.7,0
9216,Secret Paradox 9216,SciFi,1993,5.4,227390
5645,Fallen Requiem 5645,Drama,1978,5.8,564446
2110,Rising Echo 2110,Action,1981,6.2,867348
8877,Dark Verdict 8877,Action,2023,6.9,634466
813,Hidden Frontier 813,Animation,2014,8.7,30835
4489,Frozen Storm 4489,Romance,2001,6.4,355740
5788,Hidden Harbor 5788,Horror,1992,5.5,447086
3228,Crimson Frontier 3228,SciFi,1975,4.1,352126
4780,Secret Verdict 4780,Drama,2013,8.0,427772
5545,Quiet Reflection 5545,Action,2024,5.4,0
4038,Endless Odyssey 4038,Documentary,2016,5.2,0
1543,Last Descent 1543,Drama,1982,6.1,0
3645,Last Horizon 3645,Horror,1993,10.0,454374
7534,Golden Journey 7534,Animation,2023,7.3,228100
6778,Neon Empire 6778,SciFi,1997,7.0,1112230
458,Forgotten Verdict 458,Animation,1993,7.9,744885
3833,Dark Harbor 3833,Drama,2000,6.4,480357
990,Hidden Kingdom 990,Documentary,2023,6.7,294795
8795,Crimson Kingdom 8795,Horror,1999,5.7,259883
4535,Silent Odyssey 4535,Fantasy,1989,9.1,433423
7249,Distant Descent 7249,Documentary,2017,8.0,861223
4700,Endless Mirage 4700,Comedy,1977,7.4,0
3528,Burning Paradox 3528,Romance,1979,6.9,565351
4020,Lost Legacy 4020,Comedy,1978,8.4,1231343
5156,Hidden Signal 5156,Horror,2026,7.1,554449
5319,Last Frontier 5319,Fantasy,2017,6.1,132921
2768,Lost Chronicles 2768,Drama,1998,8.9,827527
1353,Secret Shadow 1353,Fantasy,2025,6.0,595504
6354,Eternal Reflection 6354,Documentary,1987,7.3,352636
7853,Broken Passage 7853,Horror,2012,8.1,938020
8054,Broken Journey 8054,Romance,1976,6.0,932770
2331,Neon Passage 2331,Thriller,2016,4.1,469421
8971,Wild Requiem 8971,Documentary,1982,7.9,957305
829,Endless Frontier 829,Drama,1984,6.4,547712
367,Quiet Journey 367,Horror,2023,7.3,516145
9051,Secret Reflection 9051,Horror,2009,6.4,103670
6488,Rising Frontier 6488,Documentary,1970,6.7,586773
1145,Lost Frontier 1145,Drama,2025,6.2,950418
3620,Silent Signal 3620,Thriller,2014,6.9,602909
4458,Crimson Mirage 4458,Documentary,2024,7.9,173859
5363,Eternal Empire 5363,Animation,1986,6.7,1023471
2139,Last Signal 2139,Comedy,2011,6.3,570641
6067,Hidden Journey 6067,Fantasy,1977,7.3,924487
4063,Quiet Storm 4063,Action,2011,7.3,691727
3329,Hidden Chronicles 3329,Fantasy,2013,7.1,1007759
6627,Distant Chronicles 6627,Fantasy,2017,8.9,364860
9927,Rising Harbor 9927,Action,1992,7.5,1358470
6586,Lost Legacy 6586,Fantasy,2004,6.3,774605
8739,Burning Legacy 8739,Romance,1971,8.8,612539
9725,Broken Verdict 9725,Thriller,1984,5.6,761054
3688,Golden Harbor 3688,Documentary,1996,6.3,399162
6024,Hidden Mirage 6024,Comedy,2022,5.3,669314
471,Last Descent 471,Romance,2021,5.8,499421
3834,Silent Frontier 3834,Documentary,1974,7.9,238231
9120,Golden Harbor 9120,Romance,1996,4.9,977338
5060,Frozen Shadow 5060,Horror,1986,6.7,762440
5128,Neon Paradox 5128,Documentary,2017,5.5,306257
2945,Neon Echo 2945,Horror,1994,5.7,22734
3345,Endless Frontier 3345,Animation,1988,8.3,491335
2289,Dark Descent 2289,Comedy,2016,9.1,607206
56,Rising Kingdom 56,Thriller,1982,6.5,1008699
7890,Quiet Horizon 7890,Documentary,2016,8.3,170711
14,Rising Paradox 14,Romance,1991,6.3,120563
3796,Endless Empire 3796,Animation,2014,8.2,315844
9641,Hidden Storm 9641,Action,1978,6.0,442080
1976,Lost Horizon 1976,SciFi,1987,8.2,494372
2958,Crimson Signal 2958,Comedy,2013,7.8,1051825
6620,Burning Requiem 6620,Horror,1991,6.4,709966
7712,Rising Descent 7712,Animation,2010,5.5,564161
4660,Wild Frontier 4660,Comedy,1988,6.6,875989
1793,Burning Verdict 1793,Action,2003,7.1,918284
8448,Neon Reflection 8448,Horror,2017,5.6,592793
4726,Crimson Passage 4726,Action,2009,6.2,25855
9076,Eternal Passage 9076,Drama,2006,5.5,577648
1190,Fallen Kingdom 1190,Comedy,2018,6.9,449537
5967,Lost Mirage 5967,Horror,1999,5.3,669714
3024,Frozen Frontier 3024,Horror,1985,5.7,229969
6031,Forgotten Verdict 6031,Horror,1972,8.4,647146
5010,Frozen Shadow 5010,Drama,2000,4.8,417897
2171,Wild Requiem 2171,Drama,1972,5.0,498672
2149,Wild Requiem 2149,Animation,2012,6.3,263023
3761,Hidden Storm 3761,Drama,1971,7.0,0
6886,Neon Horizon 6886,Fantasy,1970,9.4,261766
201,Wild Passage 201,Animation,1998,6.8,522673
6954,Endless Journey 6954,Fantasy,1988,6.9,222778
262,Quiet Legacy 262,Animation,2008,6.9,0
2375,Forgotten Requiem 2375,Action,1997,3.5,66169
7006,Rising Empire 7006,Comedy,1992,5.2,518066
2180,Forgotten Odyssey 2180,Documentary,2011,7.3,503969
4304,Secret Mirage 4304,Animation,1979,7.5,971064
5152,Fallen Frontier 5152,Comedy,2003,5.8,371221
9532,Neon Shadow 9532,Animation,1975,6.7,856504
8830,Eternal Harbor 8830,Fantasy,2007,6.1,250400
3583,Forgotten Paradox 3583,Romance,2002,6.2,0
986,Endless Kingdom 986,Drama,1997,6.9,109391
2988,Rising Verdict 2988,Animation,1984,6.4,885026
5480,Forgotten Mirage 5480,SciFi,2014,6.8,486114
7698,Forgotten Requiem 7698,Action,1988,6.5,0
8093,Fallen Signal 8093,Fantasy,1970,7.2,792474
91,Golden Mirage 91,Horror,2018,5.2,1270206
5934,Crimson Chronicles 5934,Horror,2018,7.2,624219
7849,Silent Reflection 7849,SciFi,2015,6.3,0
5824,Last Chronicles 5824,Horror,2001,8.0,733781
8825,Last Odyssey 8825,SciFi,2011,7.2,104932
523,Crimson Journey 523,Thriller,2003,5.9,86531
9943,Crimson Passage 9943,Action,1981,6.7,510523
7786,Quiet Odyssey 7786,Drama,2019,7.6,811558
6223,Burning Passage 6223,Drama,2004,7.8,426250
6540,Burning Reflection 6540,Drama,1977,7.1,512390
4139,Broken Descent 4139,Animation,1989,6.1,185363
9781,Dark Reflection 9781,Action,2006,6.5,146136
4530,Dark Echo 4530,Fantasy,1995,6.3,229564
9823,Endless Descent 9823,Romance,2026,7.8,595237
5278,Last Horizon 5278,Action,2011,7.0,483180
931,Wild Journey 931,Thriller,2020,6.7,0
4056,Fallen Shadow 4056,Thriller,2012,5.8,640567
759,Quiet Reflection 759,Thriller,2019,6.6,882711
4029,Silent Kingdom 4029,Animation,2022,7.9,718176
1848,Neon Empire 1848,Horror,2006,7.4,0
8491,Rising Requiem 8491,Comedy,1989,6.1,494108
9088,Forgotten Kingdom 9088,Fantasy,1997,6.1,750702
4926,Frozen Signal 4926,Animation,1973,5.7,452962
452,Broken Mirage 452,Thriller,1985,6.9,674235
5348,Secret Passage 5348,SciFi,1971,6.1,496295
9148,Crimson Chronicles 9148,Horror,1998,7.0,124928
2219,Rising Frontier 2219,Animation,1987,6.9,0
532,Wild Empire 532,Romance,2017,8.0,45337
9038,Rising Passage 9038,Fantasy,1978,6.9,239287
9014,Rising Passage 9014,Documentary,1999,6.7,884024
2760,Endless Horizon 2760,Thriller,2017,6.8,395711
4782,Dark Horizon 4782,Animation,1995,6.1,585211
1435,Lost Horizon 1435,Animation,2010,8.2,859147
5845,Forgotten Storm 5845,Thriller,2002,6.2,306076
4883,Quiet Echo 4883,SciFi,2026,5.0,412421
1974,Fallen Echo 1974,Thriller,2017,5.8,160266
4126,Wild Reflection 4126,SciFi,2003,7.2,88970
5197,Secret Echo 5197,Documentary,2005,6.7,288447
2154,Frozen Harbor 2154,Horror,1999,6.3,686861
77,Forgotten Echo 77,Thriller,1988,5.1,649947
9333,Lost Echo 9333,Action,1978,6.6,774515
3277,Wild Chronicles 3277,SciFi,1986,9.0,490168
2803,Broken Storm 2803,Comedy,2007,3.6,389347
1706,Lost Chronicles 1706,SciFi,1985,6.6,340707
4546,Hidden Journey 4546,Fantasy,2009,6.2,498750
8080,Last Journey 8080,Romance,2001,5.8,673663
6073,Forgotten Descent 6073,SciFi,2002,8.1,335014
5069,Rising Requiem 5069,Romance,1986,6.8,661636
2230,Neon Mirage 2230,Drama,2016,8.4,200319
9497,Crimson Passage 9497,Drama,2023,6.0,981235
2125,Wild Odyssey 2125,Comedy,1972,6.7,0
3114,Endless Descent 3114,Comedy,1970,7.5,491231
9080,Hidden Frontier 9080,Fantasy,2018,5.3,709719
5045,Forgotten Passage 5045,Thriller,1979,7.9,856168
8625,Rising Paradox 8625,Comedy,2018,6.5,290427
8371,Dark Legacy 8371,Fantasy,1971,6.0,698316
1373,Crimson Signal 1373,Action,1979,6.8,260224
5076,Hidden Requiem 5076,Romance,2022,7.2,173629
6716,Burning Descent 6716,Documentary,1974,5.6,634690
3262,Fallen Echo 3262,Animation,2011,9.9,275654
9996,Broken Paradox 9996,Action,1985,7.3,487782
1597,Golden Shadow 1597,Animation,1985,9.8,291188
786,Last Echo 786,Animation,2009,5.2,154046
4701,Neon Verdict 4701,SciFi,1990,6.7,420218
2946,Silent Requiem 2946,Action,1983,7.4,499928
3387,Fallen Verdict 3387,Fantasy,1996,6.7,540811
2911,Fallen Descent 2911,Drama,1984,5.0,482077
3020,Lost Odyssey 3020,Horror,1979,5.4,1097326
6880,Frozen Kingdom 6880,Fantasy,2008,7.5,389663
8204,Quiet Legacy 8204,Romance,2013,7.0,491611
4212,Golden Frontier 4212,Documentary,1974,6.0,235550
6287,Distant Echo 6287,Fantasy,2016,7.4,226984
2693,Burning Descent 2693,Animation,2012,6.9,727253
2820,Secret Echo 2820,Action,2009,6.2,560381
5088,Neon Odyssey 5088,Animation,1994,7.4,322163
4432,Last Requiem 4432,Animation,2001,5.1,284614
1880,Distant Requiem 1880,Action,2002,6.2,510717
1914,Burning Empire 1914,Animation,2002,6.3,414409
6414,Fallen Reflection 6414,Drama,1976,7.3,15669
6690,Broken Empire 6690,Animation,2018,5.9,614294
4390,Frozen Chronicles 4390,Romance,2018,6.8,530799
9648,Lost Reflection 9648,Horror,2016,7.1,284619
3864,Secret Harbor 3864,Drama,1970,5.9,51177
2098,Eternal Descent 2098,SciFi,1988,7.3,780312
8023,Dark Journey 8023,Drama,1983,6.2,267861
8431,Last Chronicles 8431,Thriller,2021,7.4,711512
739,Last Echo 739,Action,2024,6.0,401610
952,Fallen Echo 952,Drama,2002,7.0,602282
8014,Distant Legacy 8014,Action,2020,7.2,350396
3373,Quiet Reflection 3373,Romance,2006,4.7,445657
4421,Crimson Verdict 4421,Drama,1976,10.0,389950
8097,Frozen Signal 8097,Documentary,1975,7.2,756794
1629,Eternal Passage 1629,Horror,1989,7.5,190297
2022,Lost Descent 2022,Thriller,1981,6.1,510859
418,Lost Chronicles 418,Action,2019,8.3,551814
8811,Forgotten Signal 8811,Fantasy,2006,7.5,777144
7640,Burning Mirage 7640,Horror,2016,7.3,0
719,Crimson Odyssey 719,SciFi,2019,5.6,413890
7708,Wild Paradox 7708,Thriller,2019,7.0,374423
6917,Lost Empire 6917,SciFi,2004,6.2,448057
6754,Secret Descent 6754,Drama,2019,7.5,270687
3577,Fallen Harbor 3577,SciFi,2014,8.0,789988
2175,Silent Reflection 2175,Horror,2005,6.7,861219
8611,Silent Echo 8611,Documentary,1995,6.3,1013842
5919,Crimson Odyssey 5919,Animation,2012,7.3,704813
8074,Last Journey 8074,Comedy,2011,5.8,350844
6979,Rising Shadow 6979,Action,1994,6.1,1383960
2786,Crimson Kingdom 2786,Documentary,2001,6.3,988457
5072,Burning Harbor 5072,Thriller,2019,5.6,728564
9549,Burning Kingdom 9549,Animation,2007,4.9,397512
6772,Burning Verdict 6772,SciFi,2010,5.9,168796
6993,Burning Journey 6993,Action,1996,5.9,305948
1900,Wild Reflection 1900,Documentary,2013,7.3,606139
3829,Broken Paradox 3829,Horror,2006,6.4,267073
4031,Hidden Requiem 4031,Documentary,1970,6.3,159526
6785,Eternal Harbor 6785,Animation,1979,8.1,255112
2422,Quiet Signal 2422,SciFi,1982,6.3,244450
1568,Secret Journey 1568,Documentary,2018,6.9,1244410
6332,Crimson Legacy 6332,Drama,1973,6.0,0
5007,Quiet Odyssey 5007,Fantasy,2002,6.9,446857
745,Crimson Mirage 745,Thriller,1984,6.4,763893
5813,Fallen Journey 5813,SciFi,2023,6.8,882002
4135,Neon Frontier 4135,Fantasy,2006,8.8,358848
6382,Dark Mirage 6382,Animation,1977,6.1,621929
2861,Neon Legacy 2861,Fantasy,1983,8.2,412159
3469,Frozen Empire 3469,Thriller,1986,7.4,482514
4561,Distant Empire 4561,Drama,1971,7.1,700611
5420,Silent Mirage 5420,Horror,1999,8.4,599789
8836,Forgotten Shadow 8836,SciFi,2005,5.2,93074
2779,Dark Odyssey 2779,Documentary,2026,6.0,449939
2600,Last Echo 2600,Horror,1993,6.2,979666
8293,Last Descent 8293,Drama,2018,7.5,312605
7351,Broken Chronicles 7351,Fantasy,2008,7.3,129378
8821,Endless Verdict 8821,Comedy,1985,5.6,37597
6002,Hidden Frontier 6002,Comedy,2000,7.7,677365
6829,Rising Descent 6829,Thriller,2006,5.9,549793
3559,Quiet Shadow 3559,Documentary,2022,5.7,762118
4313,Quiet Legacy 4313,Romance,1973,6.4,399343
2308,Hidden Passage 2308,Action,2022,8.5,989599
8921,Quiet Verdict 8921,Documentary,2008,8.2,429167
154,Last Harbor 154,Horror,2026,9.0,1043134
1990,Golden Storm 1990,Animation,1997,8.8,271593
8139,Lost Journey 8139,Comedy,2002,4.6,696226
8678,Eternal Signal 8678,Comedy,2009,4.5,335174
844,Dark Horizon 844,Romance,2000,6.9,839673
2557,Frozen Passage 2557,Drama,1981,6.5,742800
2221,Silent Chronicles 2221,Fantasy,2011,7.1,473958
270,Forgotten Chronicles 270,Horror,1987,7.4,903446
741,Golden Legacy 741,Thriller,2012,7.3,320480
7127,Lost Paradox 7127,Animation,2018,6.0,362603
9313,Eternal Echo 9313,Thriller,2012,6.2,107072
7041,Last Chronicles 7041,Animation,1978,7.9,618700
9116,Wild Storm 9116,Horror,1989,6.6,1109619
3165,Dark Frontier 3165,Comedy,2009,8.0,582691
3820,Dark Odyssey 3820,Thriller,2007,5.3,662636
9985,Lost Passage 9985,Horror,2004,6.3,734859
7887,Fallen Odyssey 7887,Action,1996,6.3,1081600
198,Lost Kingdom 198,Animation,2023,6.8,416441
9457,Wild Descent 9457,Horror,1995,7.2,450564
102,Golden Signal 102,SciFi,2011,6.8,244613
5552,Eternal Storm 5552,Comedy,1973,7.9,475623
7365,Frozen Descent 7365,Fantasy,1976,8.7,668447
7196,Golden Harbor 7196,Animation,2013,7.5,438057
562,Crimson Storm 562,Animation,1971,6.9,79592
5795,Crimson Frontier 5795,Action,1990,7.8,0
2158,Rising Empire 2158,Horror,2015,6.4,841008
7791,Golden Paradox 7791,Animation,2024,7.0,368536
544,Wild Signal 544,Animation,1983,6.6,647299
8931,Eternal Mirage 8931,Thriller,2014,5.8,234345
7523,Silent Empire 7523,Documentary,2019,5.3,481580
6711,Endless Frontier 6711,Thriller,1978,8.2,509812
4463,Endless Paradox 4463,Comedy,1990,8.3,736882
1461,Golden Horizon 1461,Drama,2001,7.6,817036
6257,Eternal Signal 6257,Romance,2020,5.4,808922
6454,Endless Paradox 6454,Romance,1971,7.4,371704
515,Quiet Requiem 515,Animation,2010,9.0,0
2366,Silent Paradox 2366,Horror,1982,7.0,672942
1927,Wild Legacy 1927,Comedy,2008,7.5,721458
2325,Broken Mirage 2325,Documentary,1987,4.1,843453
2895,Endless Kingdom 2895,SciFi,2009,7.3,871980
9274,Burning Empire 9274,Action,1988,8.0,0
1112,Eternal Chronicles 1112,Comedy,2012,5.2,367047
3445,Neon Harbor 3445,Animation,1981,5.7,427593
9122,Quiet Empire 9122,SciFi,2010,9.5,672126
6182,Dark Journey 6182,Romance,2026,7.8,569858
8761,Neon Frontier 8761,Thriller,1981,5.9,535386
8752,Burning Mirage 8752,Romance,1992,6.9,164206
1141,Endless Storm 1141,Drama,2022,4.7,850935
5372,Frozen Frontier 5372,Romance,2018,7.3,724079
7715,Crimson Requiem 7715,Romance,2001,8.7,857037
1129,Secret Frontier 1129,Comedy,1971,9.2,425024
9475,Last Frontier 9475,Drama,1978,6.7,373360
4896,Wild Paradox 4896,SciFi,2024,6.4,778244
7896,Last Descent 7896,Fantasy,1997,8.0,378895
1571,Wild Descent 1571,Romance,1983,8.9,528483
3478,Wild Descent 3478,SciFi,2002,4.6,69862
4529,Fallen Odyssey 4529,SciFi,1972,7.4,723607
7977,Eternal Requiem 7977,Animation,2024,7.3,339230
4180,Distant Shadow 4180,SciFi,1996,4.5,297306
9071,Dark Horizon 9071,Comedy,2000,5.3,944107
8427,Neon Legacy 8427,SciFi,2013,7.9,671228
9594,Rising Journey 9594,Drama,2026,7.5,269161
9269,Hidden Harbor 9269,Thriller,2016,5.9,861131
1912,Distant Paradox 1912,Action,2007,8.0,835142
6263,Crimson Horizon 6263,Thriller,1988,7.8,496383
7016,Last Odyssey 7016,Action,1999,6.0,437339
1856,Distant Echo 1856,Animation,2011,10.0,144424
2014,Eternal Echo 2014,Fantasy,1985,6.0,1019069
7685,Quiet Frontier 7685,Action,1971,7.1,697813
9729,Lost Paradox 9729,Action,1996,6.5,958663
6649,Lost Paradox 6649,Animation,1993,7.5,261309
7003,Quiet Paradox 7003,Action,1982,7.3,312896
6136,Rising Descent 6136,Drama,1996,7.2,748948
5869,Quiet Paradox 5869,Fantasy,2018,7.3,514419
5162,Dark Chronicles 5162,Animation,1973,5.8,479942
1533,Silent Horizon 1533,SciFi,1991,6.1,342696
9871,Quiet Verdict 9871,Comedy,2012,7.0,90635
7861,Hidden Journey 7861,Action,2006,7.0,24540
1570,Lost Verdict 1570,Horror,1989,5.7,268705
9202,Wild Legacy 9202,Documentary,1989,7.5,0
133,Endless Paradox 133,Documentary,1970,9.3,807059
7508,Secret Frontier 7508,Horror,2021,4.4,606452
1033,Last Signal 1033,Comedy,1997,6.8,382254
3673,Endless Paradox 3673,Documentary,1971,6.4,741100
2935,Endless Odyssey 2935,Romance,2004,7.6,917692
8038,Endless Harbor 8038,SciFi,1991,5.2,277326
7906,Neon Harbor 7906,Documentary,2020,3.8,852524
3762,Fallen Empire 3762,Fantasy,1997,7.8,520984
8772,Wild Journey 8772,Comedy,2008,5.3,250240
9665,Golden Horizon 9665,Drama,1979,6.6,176805
907,Forgotten Passage 907,Horror,2015,7.4,1003956
2398,Distant Storm 2398,Thriller,1991,7.6,701852
7120,Secret Kingdom 7120,Action,1988,5.5,380359
4603,Last Journey 4603,Animation,1976,7.6,630101
2301,Hidden Kingdom 2301,Documentary,2000,6.2,209484
7317,Broken Paradox 7317,SciFi,1996,7.1,400667
2213,Quiet Odyssey 2213,Fantasy,1974,5.7,980242
3405,Forgotten Echo 3405,Thriller,2017,7.2,0
6806,Broken Requiem 6806,Fantasy,1978,6.7,765687
9643,Secret Mirage 9643,Romance,2010,4.3,690881
5211,Distant Signal 5211,Animation,1979,6.4,569531
9533,Quiet Empire 9533,Animation,1972,7.9,235189
2627,Rising Signal 2627,Romance,2016,5.6,469341
7718,Secret Storm 7718,Animation,2012,9.3,453278
5884,Burning Signal 5884,Action,1970,7.3,807417
8550,Broken Descent 8550,Animation,1978,7.5,311282
3662,Forgotten Empire 3662,Documentary,2016,9.2,277906
8024,Golden Legacy 8024,Comedy,1987,7.2,619270
3942,Hidden Frontier 3942,Action,2006,5.8,632026
2970,Quiet Descent 2970,Animation,2012,5.5,56467
4604,Neon Odyssey 4604,Animation,2017,6.0,824272
9942,Hidden Paradox 9942,Documentary,2013,7.5,102096
8209,Silent Harbor 8209,Fantasy,2014,6.5,526919
4494,Neon Odyssey 4494,Documentary,1970,7.0,612737
7834,Distant Shadow 7834,Romance,2024,7.4,560501
3537,Distant Odyssey 3537,Documentary,1989,7.0,427693
694,Wild Paradox 694,Drama,2021,8.6,404250
3064,Golden Requiem 3064,Fantasy,2026,7.0,468679
4408,Last Harbor 4408,Romance,2004,5.4,303606
5511,Broken Descent 5511,SciFi,1977,4.7,390885
576,Forgotten Descent 576,Documentary,2005,6.5,859448
7020,Silent Paradox 7020,Thriller,2001,8.1,720143
4939,Forgotten Odyssey 4939,Drama,1978,6.1,404468
336,Neon Signal 336,Fantasy,2016,9.0,420070
3156,Distant Empire 3156,Fantasy,2026,7.0,654533
7231,Rising Harbor 7231,Comedy,2023,6.8,602717
1851,Dark Passage 1851,SciFi,1974,5.6,806963
4286,Silent Horizon 4286,Comedy,1987,5.7,637577
3267,Neon Empire 3267,Action,2002,5.7,934853
3437,Endless Legacy 3437,Thriller,2019,5.5,1032029
4182,Last Horizon 4182,SciFi,1972,8.4,596073
761,Burning Horizon 761,Animation,1986,5.2,350328
865,Eternal Harbor 865,Romance,1994,5.7,62071
7581,Crimson Descent 7581,Comedy,1981,5.6,394185
8400,Hidden Signal 8400,Documentary,1989,7.3,880159
320,Silent Harbor 320,Drama,2020,6.1,939679
3674,Neon Journey 3674,Animation,1998,5.9,573691
7472,Golden Journey 7472,Thriller,1989,6.6,843080
9095,Distant Descent 9095,Horror,1977,6.6,417956
7674,Neon Journey 7674,Drama,2025,7.8,144068
1998,Rising Echo 1998,Thriller,2013,8.0,282924
4270,Secret Signal 4270,Romance,2015,7.9,213936
1729,Last Chronicles 1729,Horror,2016,5.6,0
4487,Crimson Paradox 4487,Documentary,1985,7.9,528050
6356,Eternal Paradox 6356,SciFi,1993,9.3,725638
213,Crimson Signal 213,Horror,1980,7.0,273115
4628,Burning Storm 4628,Fantasy,2018,5.5,408183
6994,Last Journey 6994,Action,2021,8.8,0
5324,Quiet Requiem 5324,Horror,1995,6.9,475766
9968,Crimson Chronicles 9968,Fantasy,1992,5.8,358835
4849,Crimson Journey 4849,Fantasy,1979,6.7,0
2529,Last Journey 2529,Fantasy,1998,6.8,751422
5938,Last Odyssey 5938,Thriller,1972,8.0,79846
1432,Lost Odyssey 1432,Romance,2023,7.2,489011
1263,Frozen Storm 1263,Romance,1998,7.7,477085
1977,Dark Horizon 1977,Fantasy,1973,7.8,158543
9464,Secret Journey 9464,Documentary,2016,5.7,816389
7091,Rising Odyssey 7091,Fantasy,1977,9.1,206984
9302,Hidden Descent 9302,Documentary,2024,6.5,684102
9851,Golden Descent 9851,Horror,1975,6.2,492286
4072,Endless Frontier 4072,SciFi,1977,7.3,865450
8607,Last Chronicles 8607,SciFi,1975,6.3,836310
1134,Broken Reflection 1134,Thriller,1983,7.6,615393
3951,Last Verdict 3951,Comedy,1997,6.2,834978
4213,Silent Signal 4213,Fantasy,2017,6.0,438190
9612,Golden Legacy 9612,Comedy,2022,8.1,440730
8250,Frozen Harbor 8250,Thriller,1983,5.6,344109
9032,Lost Echo 9032,Comedy,2016,6.1,661009
125,Rising Odyssey 125,Documentary,1991,8.1,492735
7452,Last Kingdom 7452,Romance,1987,7.1,660933
2929,Burning Legacy 2929,Action,1978,8.3,762908
3390,Eternal Frontier 3390,Horror,1980,6.5,352258
7021,Lost Paradox 7021,Action,2015,6.2,376466
5025,Hidden Empire 5025,Documentary,1988,6.9,436606
2373,Last Passage 2373,Action,1996,6.7,29705
683,Dark Legacy 683,SciFi,1971,5.3,692899
1115,Eternal Legacy 1115,SciFi,1995,7.3,537880
7087,Forgotten Horizon 7087,Horror,2011,6.5,730305
2657,Crimson Chronicles 2657,SciFi,1975,8.5,124335
3884,Crimson Legacy 3884,Action,1974,7.3,826478
653,Lost Kingdom 653,Drama,1997,7.2,379664
3715,Neon Reflection 3715,Horror,1989,7.2,492303
7054,Lost Paradox 7054,SciFi,1998,5.2,467662
8120,Quiet Kingdom 8120,Thriller,1993,7.6,679132
984,Distant Signal 984,Animation,1986,7.1,241978
9418,Endless Chronicles 9418,Comedy,1977,5.8,707124
9669,Crimson Odyssey 9669,SciFi,1972,8.0,548726
2199,Secret Echo 2199,Drama,1988,4.8,537235
563,Eternal Horizon 563,Thriller,1973,6.2,618349
8890,Hidden Chronicles 8890,Fantasy,1975,7.9,516338
1495,Lost Storm 1495,Animation,1984,7.0,734977
2122,Secret Reflection 2122,Thriller,2001,7.2,386456
4986,Broken Verdict 4986,Animation,2013,7.5,623540
3917,Secret Legacy 3917,SciFi,2004,8.0,700611
3107,Broken Empire 3107,Animation,2005,7.7,812929
4493,Dark Harbor 4493,Fantasy,1976,6.5,244539
819,Crimson Empire 819,Action,1979,4.5,566644
43,Hidden Verdict 43,Thriller,2000,7.8,294470
5634,Frozen Passage 5634,Action,1992,6.8,0
7837,Hidden Shadow 7837,Documentary,2002,9.1,915457
4747,Frozen Frontier 4747,Horror,1977,6.1,119589
4943,Dark Harbor 4943,Thriller,1976,5.5,1057458
9534,Burning Mirage 9534,Romance,1994,6.4,527168
5889,Dark Paradox 5889,Drama,2017,7.1,651743
5247,Lost Storm 5247,Documentary,1993,8.9,165944
8506,Frozen Shadow 8506,Fantasy,1986,7.0,871022
1662,Neon Frontier 1662,Animation,2002,3.9,323033
9583,Golden Storm 9583,Action,2015,8.7,188232
3221,Crimson Harbor 3221,Horror,1996,7.5,694543
9253,Secret Paradox 9253,Horror,2022,7.9,413176
2584,Dark Odyssey 2584,Comedy,2001,6.0,485894
1124,Golden Empire 1124,SciFi,2013,8.2,99775
287,Fallen Storm 287,Comedy,1984,6.4,786484
4156,Lost Harbor 4156,Animation,1981,5.5,338118
3802,Silent Harbor 3802,Comedy,1996,6.7,549831
8249,Lost Verdict 8249,Romance,1993,6.0,281983
7172,Frozen Storm 7172,Action,2015,6.9,353332
5637,Quiet Legacy 5637,Drama,2016,7.1,748642
153,Wild Signal 153,Documentary,1980,7.2,576578
444,Silent Reflection 444,Drama,2001,7.0,114585
3322,Burning Kingdom 3322,Thriller,2006,7.8,586688
5410,Wild Horizon 5410,Romance,1976,7.4,658313
4435,Fallen Frontier 4435,Drama,2020,6.3,203944
2190,Distant Shadow 2190,Comedy,1978,7.0,449098
4642,Crimson Passage 4642,Comedy,1972,4.7,625227
9323,Neon Paradox 9323,Drama,2008,6.7,596660
2100,Fallen Shadow 2100,Comedy,2012,7.3,2720
64,Eternal Journey 64,Horror,2026,3.2,572696
5555,Eternal Kingdom 5555,Comedy,2019,6.8,304868
1311,Frozen Legacy 1311,Documentary,2019,6.1,509237
8734,Rising Chronicles 8734,Action,2019,7.7,0
9124,Distant Requiem 9124,Documentary,1991,6.8,964850
7892,Rising Storm 7892,Romance,1978,4.7,0
7863,Quiet Verdict 7863,Romance,1974,8.2,488362
5225,Fallen Verdict 5225,Documentary,1992,6.1,929325
6685,Crimson Verdict 6685,Horror,1975,7.9,486853
7119,Last Chronicles 7119,Horror,2001,7.9,161720
1333,Quiet Paradox 1333,Documentary,2020,9.0,61188
6547,Eternal Verdict 6547,SciFi,2001,7.6,598133
1412,Last Passage 1412,Documentary,2020,6.9,687486
6684,Frozen Legacy 6684,Drama,2000,6.1,1037793
2764,Frozen Descent 2764,Romance,2004,6.9,38461
1485,Forgotten Chronicles 1485,Comedy,2001,6.3,511514
3296,Wild Horizon 3296,Documentary,1975,5.1,293182
203,Quiet Empire 203,Documentary,1995,7.3,598032
1285,Wild Signal 1285,Comedy,2002,7.2,705752
8879,Endless Odyssey 8879,Thriller,1990,9.0,541915
7515,Endless Signal 7515,Animation,1979,6.7,828922
9685,Broken Frontier 9685,Animation,2017,5.5,280175
2716,Fallen Harbor 2716,Romance,2016,6.6,613800
3397,Forgotten Empire 3397,Drama,1975,9.0,0
26,Rising Verdict 26,Horror,1995,5.7,712248
3960,Endless Signal 3960,Fantasy,2009,6.7,416089
5895,Forgotten Shadow 5895,Drama,2015,6.3,37597
2286,Lost Reflection 2286,SciFi,1987,7.8,781681
2558,Last Harbor 2558,Romance,2004,7.9,708612
5129,Lost Shadow 5129,SciFi,1971,5.1,912322
6677,Quiet Echo 6677,Romance,2009,7.7,454942
4549,Broken Kingdom 4549,SciFi,1988,8.2,453071
4456,Burning Mirage 4456,Comedy,2013,6.0,174200
8359,Golden Requiem 8359,Comedy,1991,5.9,469647
7027,Endless Signal 7027,SciFi,1999,7.1,555970
8126,Endless Verdict 8126,Romance,1986,8.0,304269
3566,Silent Storm 3566,Thriller,2003,7.8,626763
7871,Quiet Shadow 7871,Fantasy,1988,7.6,801951
4808,Secret Passage 4808,Comedy,1990,8.8,386224
6703,Wild Horizon 6703,Action,1982,6.7,237455
6266,Dark Legacy 6266,Drama,2016,6.3,275917
8026,Broken Descent 8026,Thriller,1997,5.9,253715
7314,Silent Signal 7314,Drama,1992,5.4,785695
6662,Wild Kingdom 6662,Romance,2009,6.4,1075131
8953,Silent Legacy 8953,Animation,2001,6.9,737446
4678,Lost Verdict 4678,Action,1987,6.7,1167239
7220,Endless Harbor 7220,Drama,2013,5.5,287449
5843,Secret Passage 5843,Comedy,2017,6.2,608911
165,Eternal Signal 165,Romance,1999,5.4,899687
8313,Wild Horizon 8313,Horror,2024,7.9,817327
7373,Frozen Horizon 7373,Action,1997,5.7,879491
1046,Silent Empire 1046,Fantasy,2016,8.6,633314
9267,Fallen Empire 9267,SciFi,2017,5.9,1073001
9967,Crimson Journey 9967,Action,2016,8.3,785637
1010,Quiet Journey 1010,SciFi,1999,5.7,219462
6918,Lost Reflection 6918,Comedy,2000,7.4,540400
4263,Silent Legacy 4263,Romance,1982,7.9,117272
4427,Distant Empire 4427,Drama,1978,8.2,323253
2775,Forgotten Mirage 2775,Thriller,2001,6.1,765587
9243,Rising Verdict 9243,SciFi,2026,9.0,216282
5179,Quiet Reflection 5179,Horror,2007,6.5,440218
7271,Wild Echo 7271,Documentary,2023,6.2,531501
469,Frozen Horizon 469,Fantasy,1979,6.4,776759
9185,Lost Paradox 9185,Horror,1971,10.0,703006
3998,Lost Shadow 3998,Documentary,2025,5.7,461740
7739,Quiet Kingdom 7739,Comedy,2002,6.9,735552
1644,Hidden Reflection 1644,Romance,1990,8.0,671332
4800,Silent Paradox 4800,Documentary,2026,5.9,176827
5747,Hidden Storm 5747,Horror,2008,7.8,552844
6403,Last Echo 6403,Fantasy,2016,6.1,816920
6011,Silent Descent 6011,Fantasy,1999,4.9,0
6225,Last Echo 6225,Horror,2011,4.6,648916
1420,Broken Requiem 1420,SciFi,1985,6.8,641729
9373,Distant Mirage 9373,Comedy,1991,7.0,375621
4407,Golden Storm 4407,Comedy,1994,7.2,662374
2288,Golden Empire 2288,Animation,1995,9.2,197221
2057,Silent Harbor 2057,Comedy,1975,5.9,346358
6158,Crimson Reflection 6158,Drama,2016,7.3,559043
9991,Crimson Journey 9991,Comedy,2019,6.7,0
6462,Broken Echo 6462,Horror,2016,6.9,935454
9270,Eternal Legacy 9270,Documentary,2018,6.3,638601
4373,Frozen Requiem 4373,Documentary,1995,5.3,855040
6330,Golden Shadow 6330,Drama,1972,6.5,161048
8539,Broken Mirage 8539,Comedy,1985,5.6,774040
4134,Wild Legacy 4134,Drama,2023,7.7,1089292
4981,Quiet Reflection 4981,Action,1982,8.8,703667
7732,Eternal Empire 7732,Romance,2019,6.8,364865
3558,Endless Mirage 3558,Animation,1970,6.8,760984
7667,Eternal Kingdom 7667,Documentary,1999,7.5,211693
5144,Neon Storm 5144,Drama,2015,6.8,442102
1245,Last Verdict 1245,Drama,1989,6.3,584074
7713,Broken Passage 7713,SciFi,1979,6.6,755735
4611,Lost Signal 4611,Animation,1979,7.9,292394
9520,Broken Shadow 9520,SciFi,1975,5.0,370566
941,Last Horizon 941,Romance,2015,7.9,951961
8339,Last Shadow 8339,Animation,2020,6.8,902590
421,Golden Requiem 421,Romance,2012,5.7,859934
878,Forgotten Requiem 878,Documentary,2025,6.8,600746
3317,Last Harbor 3317,Fantasy,1985,6.2,708045
3491,Neon Requiem 3491,Romance,1972,6.4,769703
4972,Broken Requiem 4972,Documentary,2026,7.4,321037
9515,Dark Shadow 9515,Fantasy,2020,7.0,717334
3873,Quiet Journey 3873,Romance,2016,5.3,395329
9312,Lost Paradox 9312,Drama,1998,5.7,182170
8419,Golden Empire 8419,Comedy,1988,5.8,912087
7858,Secret Odyssey 7858,Documentary,2002,7.8,687345
6192,Broken Chronicles 6192,Animation,2009,6.8,1031614
6782,Secret Verdict 6782,Romance,1991,5.9,622224
9754,Neon Descent 9754,Animation,2025,6.5,407661
6891,Lost Descent 6891,Fantasy,2009,4.9,668572
8904,Silent Chronicles 8904,SciFi,1996,5.8,441960
779,Eternal Horizon 779,Horror,2006,7.3,0
1943,Eternal Chronicles 1943,Drama,1995,5.8,883287
9771,Golden Odyssey 9771,Documentary,1997,8.1,593088
7392,Hidden Chronicles 7392,Animation,1980,5.7,444319
5902,Burning Requiem 5902,Thriller,2023,6.5,944255
7903,Distant Requiem 7903,Action,2022,6.9,983530
5763,Burning Reflection 5763,Drama,1972,4.2,209055
8012,Last Descent 8012,Horror,2019,7.0,302998
292,Frozen Storm 292,Horror,2013,6.8,520275
4689,Distant Paradox 4689,Thriller,1979,5.9,767599
3097,Endless Mirage 3097,Drama,1978,6.8,321235
1422,Eternal Journey 1422,Documentary,2007,7.9,476784
1029,Wild Odyssey 1029,Comedy,2023,5.6,541951
6303,Hidden Empire 6303,Romance,1970,7.5,822315
1781,Quiet Storm 1781,Romance,2026,5.7,849418
6346,Quiet Horizon 6346,Documentary,1990,7.6,302420
8956,Forgotten Kingdom 8956,Action,1999,6.2,423370
7518,Last Verdict 7518,Thriller,2005,7.7,149043
9157,Broken Chronicles 9157,Animation,1989,6.2,107483
6591,Rising Harbor 6591,Action,1986,7.0,434006
4668,Quiet Paradox 4668,Comedy,1981,6.3,218335
5020,Rising Echo 5020,Drama,1992,5.4,174066
4955,Rising Horizon 4955,Thriller,2003,7.0,681127
748,Crimson Echo 748,Action,1998,5.4,283147
8478,Crimson Legacy 8478,Romance,2023,5.7,650975
395,Hidden Empire 395,Action,1987,7.8,744409
6876,Broken Paradox 6876,Documentary,1984,4.6,447488
6235,Golden Passage 6235,Fantasy,2001,5.0,794329
2477,Forgotten Legacy 2477,Romance,2002,8.0,0
5390,Dark Requiem 5390,Romance,1986,7.2,666830
1899,Neon Shadow 1899,Fantasy,2018,7.4,542375
1868,Endless Passage 1868,Horror,1976,7.5,310448
2268,Distant Storm 2268,Action,2001,6.2,791849
9324,Lost Empire 9324,Drama,2016,4.4,632577
4472,Frozen Mirage 4472,Fantasy,2021,7.6,460337
1330,Endless Passage 1330,Horror,1977,7.0,1033917
8408,Hidden Reflection 8408,Fantasy,1972,6.5,1167292
2353,Eternal Passage 2353,Fantasy,2001,6.2,399412
7663,Neon Storm 7663,Documentary,1986,7.3,233425
3276,Last Journey 3276,Action,1988,4.9,510378
3235,Secret Verdict 3235,Thriller,1993,8.5,793186
9587,Broken Paradox 9587,Horror,1975,6.5,397886
5953,Endless Descent 5953,Documentary,2024,8.3,463438
3988,Silent Harbor 3988,Comedy,2000,6.2,241382
5041,Dark Horizon 5041,Fantasy,1982,8.2,907842
6621,Broken Empire 6621,Documentary,1970,7.2,828894
5880,Quiet Paradox 5880,Comedy,1987,6.2,320227
731,Secret Chronicles 731,Comedy,1986,6.6,514345
4235,Burning Echo 4235,Thriller,2001,6.7,233251
7470,Burning Mirage 7470,Romance,1986,8.0,368576
9904,Forgotten Storm 9904,Action,2024,4.7,729118
6142,Hidden Mirage 6142,Fantasy,2023,7.1,645490
1536,Broken Chronicles 1536,Fantasy,2001,8.2,325272
6009,Silent Reflection 6009,Comedy,1985,4.5,443193
6709,Wild Echo 6709,Horror,1982,6.3,856622
4797,Secret Storm 4797,Horror,1993,8.2,2485
7451,Quiet Paradox 7451,Horror,1995,9.0,196544
2825,Rising Storm 2825,Drama,2016,4.9,416240
9,Lost Frontier 9,Animation,1997,7.0,169059
5535,Dark Signal 5535,Drama,1985,6.9,302020
7899,Forgotten Descent 7899,Action,2014,5.5,626558
3444,Dark Echo 3444,Documentary,1992,6.2,41477
5487,Last Passage 5487,SciFi,2020,7.2,556022
1581,Golden Echo 1581,Animation,1975,7.2,195686
500,Lost Descent 500,Romance,1970,6.5,601324
7434,Rising Echo 7434,Fantasy,1978,8.6,400464
9403,Secret Paradox 9403,Romance,1992,7.5,567682
716,Secret Legacy 716,Fantasy,2017,4.0,686539
3521,Neon Signal 3521,Comedy,1979,8.1,647564
4243,Distant Journey 4243,Comedy,2004,8.1,467923
9701,Quiet Shadow 9701,Romance,2000,5.8,329439
6023,Crimson Kingdom 6023,Fantasy,2015,9.0,336233
8519,Quiet Frontier 8519,Thriller,1984,8.6,643175
6788,Broken Passage 6788,Action,1979,8.8,911693
2914,Rising Odyssey 2914,Thriller,2010,7.1,860326
9288,Quiet Empire 9288,Romance,2025,6.5,596142
2047,Frozen Storm 2047,Animation,1989,6.1,570923
3218,Broken Requiem 3218,Comedy,2018,7.6,328962
1983,Neon Kingdom 1983,Animation,1988,6.7,355918
5446,Hidden Shadow 5446,Comedy,2016,7.3,852681
4231,Dark Odyssey 4231,Thriller,1971,5.6,770962
9673,Hidden Journey 9673,Comedy,1991,7.8,586214
6807,Rising Echo 6807,Drama,2019,7.8,659956
8032,Lost Harbor 8032,Documentary,2009,9.0,487467
7358,Dark Storm 7358,Romance,1989,7.1,528105
2451,Fallen Mirage 2451,Horror,2026,5.8,854069
3068,Burning Requiem 3068,Documentary,1970,4.5,551287
5158,Dark Reflection 5158,Comedy,2026,9.3,162652
8220,Neon Harbor 8220,Fantasy,1980,5.8,459593
4272,Secret Shadow 4272,Horror,1970,7.8,493718
6216,Last Empire 6216,Comedy,2000,6.1,0
2074,Last Empire 2074,Thriller,1990,5.4,613861
9086,Broken Mirage 9086,Comedy,2008,6.9,503294
7357,Silent Shadow 7357,Fantasy,2021,7.9,139230
236,Crimson Kingdom 236,SciFi,2010,5.6,393536
1602,Fallen Storm 1602,Action,2023,8.8,755732
6173,Burning Harbor 6173,Animation,1988,6.1,829173
3575,Last Chronicles 3575,Drama,1976,6.4,546390
8952,Frozen Reflection 8952,Documentary,2026,8.1,517440
6925,Rising Shadow 6925,Horror,1981,5.3,379148
6794,Secret Shadow 6794,Action,2007,7.5,648703
7513,Endless Harbor 7513,SciFi,2015,6.1,286153
4564,Fallen Shadow 4564,Animation,1992,6.6,508670
1229,Golden Paradox 1229,Documentary,1987,7.4,116069
4254,Secret Journey 4254,SciFi,2016,5.6,1002976
7265,Forgotten Journey 7265,Fantasy,2007,7.1,656704
108,Last Paradox 108,Comedy,1979,6.8,266278
831,Distant Descent 831,Action,1974,5.4,479814
9256,Quiet Odyssey 9256,Comedy,2025,5.8,606399
4677,Quiet Mirage 4677,Action,2021,8.1,469984
3052,Quiet Journey 3052,Animation,2007,6.9,865854
4648,Frozen Descent 4648,Horror,1973,5.8,357933
9853,Distant Requiem 9853,Fantasy,2010,7.0,501079
2344,Crimson Mirage 2344,Horror,1990,7.3,452411
4547,Distant Descent 4547,Thriller,1988,7.0,351717
1946,Frozen Frontier 1946,Horror,1996,6.3,250692
6961,Secret Legacy 6961,Horror,2023,6.7,423728
3095,Dark Odyssey 3095,Drama,2008,6.1,816644
1835,Endless Paradox 1835,Comedy,1987,6.9,756428
4623,Last Kingdom 4623,Horror,1995,7.8,224235
5393,Wild Shadow 5393,Comedy,2007,5.3,842197
5860,Last Shadow 5860,Drama,2014,6.4,379399
2676,Frozen Mirage 2676,Thriller,1992,6.2,732531
1094,Lost Descent 1094,Documentary,1993,6.1,621719
477,Neon Odyssey 477,Action,1995,7.5,544356
2983,Rising Descent 2983,Romance,1992,7.5,104903
3897,Dark Mirage 3897,Comedy,2026,8.6,796588
4190,Hidden Echo 4190,Romance,2015,5.8,482114
7173,Secret Descent 7173,Romance,2005,6.9,436746
4171,Neon Requiem 4171,SciFi,1980,6.6,132840
3660,Wild Harbor 3660,Fantasy,1981,4.9,868636
3079,Quiet Horizon 3079,Drama,1985,8.3,953296
8694,Burning Odyssey 8694,Comedy,2021,6.1,841383
1566,Distant Horizon 1566,Fantasy,2014,7.7,455156
9716,Forgotten Requiem 9716,Documentary,1994,6.6,337400
3012,Quiet Passage 3012,Comedy,1974,6.1,658755
6089,Golden Verdict 6089,Comedy,2022,7.6,715528
1902,Wild Requiem 1902,Drama,1993,8.4,704001
27,Frozen Kingdom 27,Thriller,1974,8.1,468895
674,Broken Kingdom 674,Action,2002,5.7,352116
7934,Crimson Signal 7934,Comedy,2014,8.5,469079
5914,Distant Requiem 5914,Animation,2007,7.6,381824
7605,Crimson Storm 7605,Horror,1984,6.4,146865
5534,Quiet Shadow 5534,Horror,1999,7.5,755699
9195,Dark Journey 9195,SciFi,2006,6.8,171995
5177,Distant Kingdom 5177,Action,2022,6.4,777059
2025,Hidden Signal 2025,Romance,2018,6.0,1172468
7155,Dark Odyssey 7155,Documentary,2018,5.3,408972
8846,Burning Shadow 8846,Action,1989,9.6,610086
3782,Quiet Empire 3782,Action,2007,5.9,630383
7130,Endless Odyssey 7130,Comedy,1995,7.2,204217
8681,Fallen Mirage 8681,Thriller,1983,5.4,1008166
651,Eternal Passage 651,SciFi,1982,6.3,0
627,Crimson Odyssey 627,SciFi,2023,5.4,638911
1387,Golden Paradox 1387,Fantasy,2021,6.2,271754
2632,Distant Signal 2632,Comedy,1999,7.3,841862
9609,Eternal Kingdom 9609,Romance,2007,4.6,1182971
8160,Burning Odyssey 8160,Documentary,2026,6.6,314721
915,Hidden Odyssey 915,Action,2013,5.4,727179
4273,Crimson Mirage 4273,Animation,2019,6.3,430301
456,Forgotten Verdict 456,Documentary,1971,7.0,283975
8358,Last Frontier 8358,Horror,2005,5.8,583435
2291,Quiet Requiem 2291,SciFi,1980,4.4,1089491
5839,Last Signal 5839,SciFi,1982,7.0,456294
7558,Secret Passage 7558,Horror,1974,6.3,1094359
4107,Quiet Passage 4107,Drama,1998,6.1,0
6315,Rising Verdict 6315,Animation,2026,5.6,7735
215,Hidden Storm 215,Animation,2010,8.0,115109
3719,Frozen Odyssey 3719,Thriller,2014,8.4,678370
9724,Silent Echo 9724,Fantasy,2021,6.4,404597
8128,Endless Journey 8128,Horror,1975,6.7,296129
7514,Golden Signal 7514,SciFi,2009,5.8,359753
2223,Frozen Kingdom 2223,Thriller,1998,6.9,787742
3339,Fallen Horizon 3339,SciFi,1980,6.7,276487
5536,Burning Mirage 5536,SciFi,1982,8.5,791068
9865,Wild Harbor 9865,Comedy,2011,6.1,0
557,Frozen Passage 557,Horror,2006,7.2,0
5309,Forgotten Empire 5309,Action,1998,6.9,165012
3844,Hidden Reflection 3844,Romance,2013,7.0,588944
5217,Forgotten Mirage 5217,Comedy,2026,7.7,72805
8643,Quiet Passage 8643,Documentary,2020,7.1,122794
1456,Frozen Odyssey 1456,SciFi,1992,8.2,982353
7062,Lost Paradox 7062,Horror,2020,7.8,335929
8948,Eternal Mirage 8948,Fantasy,2002,6.8,748068
5243,Neon Reflection 5243,Fantasy,1981,6.2,896150
5628,Lost Empire 5628,Horror,2021,3.9,508963
8345,Lost Descent 8345,SciFi,2019,6.7,542463
1317,Endless Reflection 1317,Horror,1989,6.8,75227
3910,Quiet Frontier 3910,Thriller,2024,7.6,638567
6262,Quiet Descent 6262,Horror,2005,6.6,348078
197,Dark Verdict 197,Romance,1977,8.7,1143302
1611,Dark Odyssey 1611,Fantasy,1977,8.6,475387
7460,Dark Horizon 7460,Documentary,2012,7.1,304545
5577,Fallen Chronicles 5577,Animation,1988,7.3,511094
8895,Forgotten Harbor 8895,Thriller,2020,5.7,0
2123,Last Odyssey 2123,Documentary,2016,6.6,476240
5666,Secret Journey 5666,Drama,2001,5.1,751695
6535,Rising Odyssey 6535,Horror,2015,6.1,387114
1676,Neon Storm 1676,SciFi,1989,5.5,10092
5718,Wild Harbor 5718,SciFi,1973,7.0,292002
3921,Wild Reflection 3921,Comedy,1995,6.2,407138
9297,Endless Requiem 9297,Fantasy,1983,6.9,751809
3561,Hidden Legacy 3561,Fantasy,2025,7.8,317519
8900,Wild Passage 8900,Drama,1997,6.1,689181
5350,Dark Signal 5350,Action,1978,6.8,2643
5673,Silent Frontier 5673,Comedy,1973,7.3,823210
5009,Endless Harbor 5009,Animation,2001,6.5,330065
2678,Burning Requiem 2678,Thriller,1991,7.7,421520
3145,Forgotten Passage 3145,Comedy,2003,6.9,386490
9112,Broken Passage 9112,Action,1996,8.9,672392
3265,Hidden Signal 3265,Horror,1986,7.4,109456
6106,Quiet Empire 6106,Action,2005,8.6,335064
1264,Quiet Empire 1264,Drama,2022,7.0,0
9018,Rising Storm 9018,Comedy,1995,7.4,399207
6157,Wild Odyssey 6157,Animation,1995,5.8,461438
6208,Rising Reflection 6208,Drama,1979,7.4,456210
3048,Golden Chronicles 3048,Action,2002,7.7,702459
3363,Quiet Descent 3363,Romance,1980,5.3,538179
5533,Wild Horizon 5533,Comedy,2007,7.4,463253
9391,Fallen Paradox 9391,Fantasy,2019,6.3,520358
795,Secret Verdict 795,Documentary,1996,8.2,319302
9292,Distant Frontier 9292,Thriller,1974,8.8,744246
2094,Silent Chronicles 2094,SciFi,1971,5.4,713011
7138,Rising Legacy 7138,Comedy,1983,6.7,327332
4651,Silent Verdict 4651,Drama,2006,7.7,310998
5484,Silent Reflection 5484,Comedy,1990,6.0,0
2263,Crimson Reflection 2263,Fantasy,1970,6.9,603871
3615,Golden Shadow 3615,Thriller,1983,7.0,938186
7242,Dark Reflection 7242,Thriller,1989,7.2,248255
4220,Frozen Signal 4220,Documentary,2000,6.6,521934
4339,Hidden Empire 4339,Horror,1999,7.0,909381
4084,Frozen Storm 4084,Comedy,1976,5.6,952224
3948,Dark Horizon 3948,Romance,1997,5.9,520204
5236,Distant Shadow 5236,Romance,1979,7.7,539813
8073,Fallen Harbor 8073,Fantasy,1988,7.3,694654
9642,Burning Journey 9642,Thriller,2008,6.7,420848
100,Lost Odyssey 100,Documentary,2001,7.1,401072
9064,Last Descent 9064,Comedy,2021,7.5,921239
9182,Fallen Legacy 9182,Drama,2013,7.7,734832
742,Hidden Chronicles 742,Action,2017,9.5,369764
7073,Lost Reflection 7073,Horror,2004,7.7,1021075
9800,Silent Descent 9800,SciFi,1996,6.8,677368
6827,Crimson Frontier 6827,Romance,2021,5.8,561200
4524,Endless Odyssey 4524,Fantasy,2022,8.4,306945
6601,Frozen Mirage 6601,SciFi,2016,7.2,644109
6167,Secret Frontier 6167,Animation,1982,7.8,567032
7687,Neon Empire 7687,Romance,1997,6.5,492976
6479,Rising Shadow 6479,SciFi,1980,6.8,134748
1005,Distant Verdict 1005,Drama,1978,7.9,299510
3970,Last Kingdom 3970,Drama,2023,5.2,590884
360,Broken Descent 360,Action,2023,7.6,387239
6111,Rising Storm 6111,Comedy,2024,7.1,433419
2655,Distant Chronicles 2655,Documentary,2025,7.4,592832
209,Dark Odyssey 209,Comedy,2023,5.6,906085
4935,Broken Frontier 4935,Documentary,1999,6.1,274470
3117,Broken Odyssey 3117,Fantasy,2025,7.2,628160
6042,Dark Echo 6042,Action,2003,9.1,477718
443,Rising Horizon 443,SciFi,1995,7.7,166435
7546,Crimson Paradox 7546,Documentary,1973,5.4,419496
5059,Crimson Descent 5059,SciFi,2005,6.3,844723
842,Lost Kingdom 842,SciFi,1998,9.1,411883
3074,Rising Journey 3074,Drama,1990,6.5,1011265
3364,Broken Signal 3364,SciFi,1989,6.6,777805
4298,Silent Harbor 4298,Comedy,2016,7.0,739330
6820,Forgotten Signal 6820,Comedy,1989,4.7,1165678
7789,Golden Mirage 7789,Fantasy,2007,6.4,302744
2295,Burning Echo 2295,Horror,2015,6.7,1135601
5612,Distant Horizon 5612,SciFi,1980,6.1,614052
137,Eternal Paradox 137,Action,2011,6.1,0
8423,Last Storm 8423,Animation,1995,7.3,435996
5058,Quiet Shadow 5058,SciFi,2002,7.2,230916
9683,Fallen Horizon 9683,Documentary,1999,6.1,539586
4413,Golden Harbor 4413,Comedy,2021,8.2,613280
6240,Broken Journey 6240,Action,2025,6.7,589484
1714,Secret Reflection 1714,Horror,1987,6.0,0
9386,Dark Verdict 9386,Documentary,1974,4.1,279025
3961,Forgotten Horizon 3961,Romance,1973,9.1,1075741
9939,Forgotten Descent 9939,Animation,1983,8.0,174958
1875,Rising Signal 1875,Documentary,1991,6.6,510390
7726,Secret Paradox 7726,Thriller,1971,5.8,920042
4215,Last Harbor 4215,Romance,2022,8.1,768030
885,Fallen Requiem 885,Drama,1970,7.4,871111
2617,Eternal Paradox 2617,Action,1971,5.3,710692
4892,Fallen Journey 4892,Drama,1979,6.5,865003
5617,Hidden Storm 5617,Comedy,1990,6.3,576983
7215,Dark Legacy 7215,Action,1989,5.2,268766
4471,Burning Shadow 4471,Documentary,1999,6.2,909614
9446,Endless Journey 9446,Documentary,2021,6.3,403896
4400,Golden Requiem 4400,Drama,2005,4.9,646581
4699,Burning Harbor 4699,SciFi,1994,9.3,420134
3128,Rising Journey 3128,Thriller,1988,8.6,230215
3776,Wild Descent 3776,Documentary,2018,5.9,862494
365,Silent Passage 365,Thriller,2021,9.5,654261
8438,Lost Signal 8438,Horror,2019,7.4,502339
9547,Last Shadow 9547,SciFi,2022,8.2,311619
69,Last Storm 69,SciFi,1972,7.4,394148
6469,Broken Paradox 6469,Animation,1998,5.1,157233
381,Dark Reflection 381,Fantasy,1975,8.0,0
8599,Rising Horizon 8599,Action,1985,6.1,287951
2636,Hidden Passage 2636,Romance,1983,5.3,961691
8496,Silent Reflection 8496,Comedy,1998,7.1,568907
5124,Endless Journey 5124,Documentary,2024,5.8,605452
1905,Lost Echo 1905,Animation,1995,6.2,372418
8804,Broken Chronicles 8804,Comedy,1976,7.3,506836
8268,Crimson Reflection 8268,Fantasy,2010,5.8,598719
3940,Silent Echo 3940,Animation,1998,7.1,548073
9261,Distant Verdict 9261,Drama,2007,7.5,600891
9440,Lost Horizon 9440,Animation,1998,8.0,629746
8445,Lost Reflection 8445,Drama,1977,6.7,346283
7628,Last Signal 7628,SciFi,2002,10.0,740374
4566,Endless Shadow 4566,Animation,1993,7.5,897872
1962,Wild Empire 1962,Horror,2004,3.2,823467
5304,Endless Paradox 5304,Animation,2024,6.9,597228
7133,Neon Kingdom 7133,Thriller,2023,6.6,601325
7230,Neon Storm 7230,Comedy,1987,7.4,734818
1106,Neon Odyssey 1106,Documentary,1975,7.7,98761
4993,Broken Echo 4993,Action,1976,8.1,355153
2071,Silent Empire 2071,Animation,1996,8.1,554104
4394,Endless Passage 4394,Animation,1985,3.4,22971
9855,Burning Reflection 9855,SciFi,1982,7.0,919545
4591,Rising Descent 4591,Documentary,2023,6.1,496882
3085,Eternal Storm 3085,Horror,1993,6.9,563214
1979,Wild Signal 1979,Documentary,2019,6.0,534485
7587,Silent Verdict 7587,Action,2017,6.5,571368
6836,Dark Shadow 6836,Action,2012,6.4,899005
7919,Silent Horizon 7919,Thriller,2013,6.8,700703
3907,Lost Horizon 3907,SciFi,1971,7.2,460489
7370,Secret Horizon 7370,Horror,2020,6.8,412228
1483,Burning Storm 1483,Documentary,2014,8.0,380617
4586,Forgotten Legacy 4586,Comedy,2025,5.1,421737
3014,Rising Kingdom 3014,Thriller,2004,7.8,879116
8868,Broken Chronicles 8868,Documentary,2018,6.6,705362
8308,Golden Requiem 8308,Comedy,1999,3.5,511768
4403,Crimson Empire 4403,SciFi,2002,6.3,952009
5064,Crimson Frontier 5064,Thriller,1984,7.3,358941
5611,Neon Horizon 5611,Fantasy,2006,7.5,211873
590,Eternal Empire 590,Romance,2013,4.5,19659
6358,Silent Shadow 6358,Thriller,2025,4.4,806712
359,Eternal Odyssey 359,Drama,1972,9.5,244283
7200,Hidden Mirage 7200,Documentary,2026,7.9,514054
4799,Broken Chronicles 4799,Fantasy,1987,7.1,893686
2108,Frozen Chronicles 2108,Horror,2000,6.6,573927
1344,Frozen Frontier 1344,Horror,1979,7.2,0
1475,Eternal Empire 1475,Drama,1995,7.8,629581
470,Last Empire 470,Thriller,1990,7.8,1085165
4805,Eternal Paradox 4805,Animation,1986,6.3,114951
9920,Secret Signal 9920,Fantasy,2023,6.8,234769
8605,Dark Mirage 8605,Fantasy,2026,6.1,607038
8620,Last Frontier 8620,Action,2022,7.7,642541
5342,Silent Horizon 5342,Animation,1974,4.8,304187
895,Last Journey 895,Comedy,2009,5.8,724750
5561,Neon Storm 5561,Romance,2003,5.1,541877
3758,Fallen Echo 3758,Drama,2001,6.2,177559
2585,Lost Journey 2585,Comedy,1990,7.7,116617
1510,Dark Legacy 1510,SciFi,1995,8.4,530346
7340,Silent Horizon 7340,Animation,1984,7.2,0
8490,Hidden Requiem 8490,Fantasy,1972,6.6,601829
8802,Lost Echo 8802,Horror,2008,6.7,740859
1031,Broken Passage 1031,Animation,1985,8.2,311517
6950,Neon Verdict 6950,Thriller,1994,6.1,596927
36,Dark Harbor 36,Thriller,2004,5.4,408437
801,Rising Horizon 801,Romance,1984,5.7,423119
7759,Broken Passage 7759,SciFi,1985,7.0,610029
2211,Golden Horizon 2211,SciFi,2003,5.8,648224
5365,Fallen Shadow 5365,Romance,1972,7.0,470458
9666,Crimson Descent 9666,Thriller,1987,5.6,445522
7600,Silent Journey 7600,Comedy,1995,8.9,69315
411,Hidden Echo 411,Drama,2026,6.5,795040
7681,Neon Storm 7681,Action,2007,7.5,577372
4817,Lost Empire 4817,Fantasy,1970,6.8,781526
8079,Quiet Shadow 8079,Horror,2002,6.1,996580
8581,Silent Paradox 8581,Documentary,2020,6.4,243392
1731,Rising Signal 1731,Animation,1983,7.1,323829
2960,Endless Requiem 2960,SciFi,2011,7.6,441255
6924,Wild Storm 6924,SciFi,2005,5.5,732419
7807,Forgotten Verdict 7807,Thriller,2022,7.5,107180
2153,Lost Odyssey 2153,Action,2016,5.1,306941
6405,Fallen Paradox 6405,Comedy,1999,7.8,777034
4071,Rising Echo 4071,Romance,2015,4.2,815841
2011,Eternal Requiem 2011,Documentary,2023,5.4,340947
8614,Last Passage 8614,Drama,1993,6.3,155887
8229,Eternal Verdict 8229,SciFi,1982,6.8,725279
9882,Eternal Journey 9882,Horror,2004,7.8,712175
249,Lost Chronicles 249,Romance,1991,6.6,528430
2594,Rising Requiem 2594,SciFi,2014,5.6,806358
5885,Distant Legacy 5885,Documentary,1980,5.9,899217
1643,Broken Kingdom 1643,Drama,1982,6.8,464390
9750,Forgotten Legacy 9750,SciFi,1981,7.3,253293
2466,Silent Odyssey 2466,Animation,2019,6.1,491563
518,Endless Legacy 518,SciFi,2025,5.4,1019642
7875,Dark Legacy 7875,Fantasy,2017,8.4,628150
3913,Frozen Passage 3913,Action,2003,6.2,165222
669,Eternal Paradox 669,SciFi,1972,6.3,433339
4825,Golden Journey 4825,Fantasy,1997,6.9,169940
6139,Rising Descent 6139,Horror,1971,8.4,639390
8592,Rising Empire 8592,Horror,1993,7.3,745569
2604,Distant Signal 2604,SciFi,2012,9.2,525646
1673,Endless Shadow 1673,Action,2005,8.1,591060
3772,Burning Verdict 3772,Action,2006,6.5,287234
9317,Dark Passage 9317,Comedy,2011,7.5,450055
4687,Wild Storm 4687,Drama,2025,7.5,159114
6261,Eternal Paradox 6261,Horror,2008,7.3,801841
7780,Secret Paradox 7780,Action,2001,6.9,559493
7276,Silent Echo 7276,Horror,2024,6.9,469722
4147,Distant Shadow 4147,Animation,1999,7.2,330516
3269,Dark Kingdom 3269,Thriller,2002,7.1,850883
254,Fallen Chronicles 254,Drama,1997,7.6,501645
8314,Crimson Paradox 8314,Drama,2002,6.3,416507
6628,Fallen Harbor 6628,Drama,2007,6.6,993813
589,Crimson Legacy 589,SciFi,1988,6.9,514046
8274,Silent Chronicles 8274,Action,2013,7.3,80291
8035,Neon Journey 8035,SciFi,1970,5.9,561827
3837,Rising Chronicles 3837,Action,1989,7.9,418356
6496,Neon Odyssey 6496,Documentary,1978,7.5,747355
4065,Lost Frontier 4065,Action,1976,6.0,121015
893,Golden Empire 893,Thriller,1999,7.8,549794
1128,Fallen Reflection 1128,Drama,2000,6.1,398486
4194,Golden Kingdom 4194,Drama,2013,8.7,473597
3505,Golden Storm 3505,Animation,2001,8.7,124395
3649,Endless Storm 3649,Animation,1979,7.9,503567
7756,Wild Passage 7756,Fantasy,1974,6.4,19661
4617,Golden Descent 4617,Action,2007,6.2,346431
2267,Forgotten Journey 2267,Thriller,1972,7.5,874518
4337,Lost Storm 4337,Documentary,1985,4.6,970056
2333,Frozen Frontier 2333,Documentary,2002,4.6,430871
6095,Forgotten Echo 6095,Horror,1971,9.3,580217
4205,Fallen Kingdom 4205,Comedy,1996,7.3,318917
8179,Distant Chronicles 8179,Comedy,2020,7.6,363954
6168,Distant Horizon 6168,SciFi,2005,4.7,648676
955,Silent Kingdom 955,Documentary,1992,4.9,473519
4765,Eternal Harbor 4765,SciFi,1996,8.3,627264
131,Last Storm 131,Thriller,1994,5.7,692006
8591,Golden Chronicles 8591,Romance,2006,6.6,805538
1608,Frozen Paradox 1608,Romance,1972,6.6,688573
8769,Burning Horizon 8769,Comedy,1977,7.7,298888
7910,Dark Reflection 7910,Fantasy,1985,5.3,764145
6995,Secret Legacy 6995,SciFi,1971,5.8,280913
4565,Forgotten Shadow 4565,Documentary,2005,8.9,222789
7263,Last Paradox 7263,Documentary,2019,8.1,744390
3027,Forgotten Signal 3027,Romance,1981,6.7,1066695
1205,Silent Journey 1205,Action,2024,4.8,765957
2020,Frozen Journey 2020,Animation,2013,5.8,97805
8929,Silent Descent 8929,Thriller,1980,5.0,463624
7672,Dark Reflection 7672,Action,2014,8.1,741223
5030,Lost Shadow 5030,Animation,2009,7.6,150080
3124,Hidden Paradox 3124,Romance,1992,5.4,531159
2294,Frozen Requiem 2294,Comedy,2025,6.9,486457
5138,Endless Reflection 5138,Comedy,1976,6.8,452028
7303,Burning Reflection 7303,Comedy,1990,7.2,559154
2229,Secret Legacy 2229,Fantasy,2017,4.9,465570
9003,Frozen Echo 9003,Romance,1992,9.0,1020420
7047,Endless Journey 7047,Drama,2012,6.4,532233
4301,Wild Empire 4301,SciFi,2024,7.1,248781
8180,Lost Verdict 8180,Thriller,2019,7.6,459381
2879,Eternal Echo 2879,Animation,1997,6.6,685568
3704,Quiet Shadow 3704,Animation,1990,7.4,363961
5833,Forgotten Echo 5833,Animation,2000,6.4,441249
372,Crimson Frontier 372,Comedy,1990,5.5,593596
6763,Quiet Journey 6763,Documentary,1987,7.1,634645
671,Distant Harbor 671,Documentary,2000,6.8,994007
6086,Burning Echo 6086,Comedy,1985,5.9,269961
1894,Neon Storm 1894,Horror,2001,5.7,314577
6637,Eternal Echo 6637,Comedy,2020,5.7,601945
1039,Eternal Verdict 1039,Comedy,1982,5.6,703277
6137,Golden Legacy 6137,Documentary,2015,5.1,670471
2707,Last Kingdom 2707,Documentary,2000,8.1,432947
4743,Crimson Mirage 4743,Fantasy,1991,7.9,476232
4361,Distant Reflection 4361,Drama,2013,8.2,1034226
6300,Broken Signal 6300,Drama,1994,6.1,470134
7984,Neon Echo 7984,Comedy,1991,6.0,405153
4433,Silent Horizon 4433,Animation,1999,5.4,366096
6245,Eternal Signal 6245,Romance,1988,8.4,412756
7367,Fallen Frontier 7367,Horror,1991,6.2,570088
4032,Distant Reflection 4032,Documentary,2011,8.7,621735
6598,Fallen Requiem 6598,Documentary,2024,7.1,0
9404,Last Odyssey 9404,Thriller,1990,7.7,963569
3947,Eternal Paradox 3947,Fantasy,1976,7.6,85254
5488,Silent Horizon 5488,Comedy,2025,6.3,620615
4185,Fallen Horizon 4185,Fantasy,2012,8.0,644903
940,Crimson Odyssey 940,Horror,1983,5.5,472015
8693,Distant Descent 8693,Horror,1989,5.7,960711
7872,Burning Signal 7872,Romance,2010,6.0,704726
4941,Eternal Passage 4941,Drama,2000,9.3,626103
5061,Secret Reflection 5061,Documentary,1975,7.5,567369
8979,Quiet Echo 8979,Comedy,1995,8.9,250070
4246,Forgotten Horizon 4246,Documentary,2011,6.4,1081733
2847,Forgotten Passage 2847,Comedy,1980,7.1,694593
8820,Frozen Paradox 8820,Drama,2003,5.9,11762
603,Last Kingdom 603,Thriller,2002,8.8,656866
7247,Neon Passage 7247,Fantasy,2023,5.6,1014987
8246,Last Shadow 8246,Action,1993,8.2,911669
3637,Burning Frontier 3637,Fantasy,2021,8.7,594845
369,Distant Odyssey 369,Action,1981,6.5,128949
433,Secret Requiem 433,Horror,1999,5.8,814335
8213,Burning Echo 8213,Horror,2019,6.7,837362
1155,Quiet Storm 1155,Thriller,1979,4.9,685919
6389,Forgotten Passage 6389,Thriller,2025,4.6,166798
3669,Neon Horizon 3669,Action,1975,7.7,480853
6613,Endless Storm 6613,Animation,1992,8.0,1242822
7103,Fallen Kingdom 7103,Action,1970,5.2,719689
3995,Silent Horizon 3995,Animation,2012,6.2,336610
2503,Fallen Storm 2503,Documentary,1986,7.9,602149
8755,Golden Passage 8755,Fantasy,1972,5.1,172319
2427,Neon Shadow 2427,Thriller,1997,8.6,560477
5273,Secret Storm 5273,Comedy,1986,7.3,383778
3230,Secret Requiem 3230,Romance,2020,5.2,0
8152,Neon Frontier 8152,SciFi,2006,8.6,219559
4595,Frozen Passage 4595,Animation,2011,7.5,0
8015,Crimson Requiem 8015,Horror,1996,8.0,364742
6997,Broken Echo 6997,Drama,1988,4.9,895334
7724,Hidden Descent 7724,SciFi,1971,9.2,327411
7090,Dark Horizon 7090,Action,2017,7.7,978733
2166,Golden Shadow 2166,Comedy,2001,8.6,471739
8683,Wild Harbor 8683,Fantasy,2004,7.6,723213
8483,Broken Odyssey 8483,Documentary,2001,6.2,802620
5483,Eternal Mirage 5483,Comedy,1974,7.3,291168
8242,Quiet Passage 8242,Animation,2021,8.2,571484
9360,Wild Requiem 9360,Documentary,1989,8.5,587057
3073,Fallen Odyssey 3073,Thriller,2009,7.4,733370
5814,Silent Odyssey 5814,Thriller,1985,8.1,338853
6339,Forgotten Echo 6339,Thriller,2017,6.5,2810
4942,Forgotten Passage 4942,Comedy,1991,6.8,760379
8913,Lost Reflection 8913,Documentary,1978,6.9,415086
8440,Last Passage 8440,SciFi,2011,6.3,997260
7751,Secret Echo 7751,Horror,2010,6.3,366468
5071,Crimson Requiem 5071,SciFi,1973,6.4,591149
9885,Quiet Empire 9885,Thriller,2023,4.8,416071
8749,Hidden Harbor 8749,Horror,2010,7.5,571534
1942,Wild Verdict 1942,Documentary,1990,5.0,307988
6585,Distant Empire 6585,Animation,1973,6.6,539366
8927,Last Descent 8927,Animation,1994,6.6,709368
2889,Crimson Mirage 2889,Comedy,2006,5.9,277509
4737,Distant Kingdom 4737,Drama,1971,7.1,856049
618,Dark Legacy 618,Documentary,1981,5.4,65500
5117,Fallen Verdict 5117,Thriller,1977,6.1,386291
9668,Last Descent 9668,Action,1975,5.9,703066
1194,Fallen Signal 1194,Action,2002,6.4,600840
6653,Burning Frontier 6653,SciFi,2011,8.0,467934
5642,Fallen Descent 5642,Fantasy,1992,6.4,598866
5465,Rising Kingdom 5465,Horror,2016,5.8,164818
6364,Broken Storm 6364,Drama,2024,8.2,321921
3310,Frozen Odyssey 3310,Thriller,1984,6.7,0
2646,Crimson Odyssey 2646,Romance,2018,7.3,111798
9260,Dark Paradox 9260,Horror,2020,5.0,455588
2209,Wild Paradox 2209,Animation,1983,8.0,678705
7980,Forgotten Journey 7980,Thriller,1984,7.0,494582
3797,Dark Chronicles 3797,Action,1985,8.8,352903
8413,Neon Mirage 8413,Fantasy,1980,5.5,0
9330,Crimson Frontier 9330,Documentary,2008,7.7,525446
9619,Eternal Signal 9619,Thriller,2000,7.1,826650
3695,Fallen Kingdom 3695,Romance,1983,8.9,322867
712,Frozen Legacy 712,SciFi,2012,5.6,681516
1327,Hidden Harbor 1327,Action,1985,6.2,431500
604,Wild Storm 604,Action,1990,6.1,96006
4858,Golden Signal 4858,Documentary,1990,6.6,156172
4593,Endless Empire 4593,Horror,2018,6.9,466510
3827,Rising Legacy 3827,Horror,1995,8.3,679792
4756,Last Journey 4756,Drama,2012,5.9,908670
2227,Hidden Verdict 2227,Documentary,1972,8.0,252373
8951,Quiet Passage 8951,Documentary,1989,6.0,269756
975,Dark Empire 975,Drama,1979,7.3,94991
7545,Quiet Horizon 7545,Animation,2004,5.9,505599
393,Hidden Reflection 393,SciFi,1971,7.7,135693
1187,Frozen Horizon 1187,Comedy,1984,6.1,627194
4841,Golden Legacy 4841,Fantasy,1977,8.2,231293
4542,Lost Kingdom 4542,Thriller,2005,6.9,558298
6333,Burning Shadow 6333,Fantasy,2000,7.7,482827
6936,Dark Frontier 6936,Romance,2025,6.1,128764
493,Rising Requiem 493,Drama,2013,6.0,149093
661,Distant Descent 661,Drama,1989,7.7,360335
1003,Distant Kingdom 1003,Horror,1984,6.0,218843
2079,Wild Odyssey 2079,Animation,1976,7.1,537290
8348,Golden Odyssey 8348,Thriller,1997,6.0,654497
5073,Burning Odyssey 5073,Animation,2011,4.9,279723
2193,Burning Mirage 2193,Fantasy,1985,7.0,680839
9151,Burning Signal 9151,Romance,2010,5.6,544009
5408,Last Reflection 5408,Animation,2020,6.0,655989
4731,Hidden Storm 4731,SciFi,2016,6.4,612731
9445,Eternal Reflection 9445,Action,1980,8.5,454496
2652,Quiet Horizon 2652,SciFi,1979,8.4,12177
2417,Golden Harbor 2417,Horror,1979,7.8,744027
9452,Frozen Mirage 9452,Fantasy,2020,6.0,379885
3026,Fallen Signal 3026,Thriller,2025,8.3,893471
4348,Frozen Chronicles 4348,SciFi,2003,8.4,406629
1320,Lost Passage 1320,Comedy,1977,6.5,10489
2849,Golden Verdict 2849,Romance,1985,7.9,658103
1554,Forgotten Journey 1554,Comedy,1976,4.4,552305
7638,Secret Odyssey 7638,Horror,1989,4.4,329090
7411,Frozen Paradox 7411,Fantasy,1974,8.0,590601
3946,Lost Passage 3946,Romance,2020,8.8,685809
1120,Eternal Harbor 1120,Fantasy,2021,7.6,363009
6268,Secret Verdict 6268,SciFi,2001,6.5,421807
9772,Crimson Frontier 9772,Documentary,2005,9.5,419106
9242,Rising Journey 9242,Animation,2016,6.7,713784
695,Endless Legacy 695,SciFi,2023,6.4,260909
7528,Forgotten Empire 7528,Fantasy,2018,6.3,215190
7589,Forgotten Frontier 7589,Documentary,2004,6.4,568855
5528,Distant Passage 5528,Fantasy,1981,8.0,960383
507,Frozen Kingdom 507,Thriller,2001,5.1,726113
1830,Quiet Requiem 1830,Fantasy,1977,7.3,853871
5879,Last Storm 5879,Action,2023,5.6,911190
8318,Eternal Echo 8318,Horror,1981,7.8,565119
2767,Wild Passage 2767,Romance,2019,4.2,472771
2959,Rising Paradox 2959,Documentary,1991,4.7,169015
8803,Rising Frontier 8803,SciFi,2025,7.4,600065
6289,Burning Echo 6289,Romance,2007,7.6,915788
9400,Wild Horizon 9400,Fantasy,1983,4.2,711487
645,Rising Verdict 645,Animation,2026,6.5,546715
1487,Distant Verdict 1487,Fantasy,1978,5.2,608152
3303,Quiet Frontier 3303,Comedy,1974,6.3,901484
2350,Hidden Descent 2350,Romance,1983,7.7,416282
3618,Hidden Frontier 3618,Romance,2018,5.1,751654
7928,Dark Empire 7928,Action,2026,8.6,462725
3753,Secret Signal 3753,SciFi,1983,8.0,783111
9344,Secret Empire 9344,SciFi,2022,5.0,488159
9650,Wild Mirage 9650,Drama,2006,5.1,270040
2181,Eternal Shadow 2181,Horror,2012,8.3,634783
9110,Endless Requiem 9110,Thriller,1971,6.9,128057
9805,Quiet Echo 9805,Action,2000,5.3,397194
1647,Secret Empire 1647,Drama,1983,6.4,690851
9682,Last Verdict 9682,Animation,2023,6.1,840831
6513,Silent Frontier 6513,Romance,1985,5.7,1228450
3784,Fallen Empire 3784,SciFi,2012,7.0,1022867
430,Distant Signal 430,Fantasy,2023,6.8,766110
1376,Hidden Signal 1376,Action,1992,6.4,141915
4516,Hidden Verdict 4516,Thriller,1998,7.0,478394
6229,Distant Mirage 6229,Documentary,2016,7.1,1610699
4647,Rising Chronicles 4647,Romance,2025,9.5,559337
7436,Fallen Reflection 7436,Documentary,1978,8.2,441510
2212,Hidden Reflection 2212,Drama,1983,5.8,16664
4551,Distant Passage 4551,SciFi,1978,6.1,566823
7324,Neon Reflection 7324,Fantasy,2019,8.9,129348
9869,Neon Verdict 9869,Romance,2024,7.4,348847
1718,Dark Paradox 1718,Romance,2026,5.1,448046
9030,Golden Signal 9030,Fantasy,1971,5.3,963138
1340,Forgotten Descent 1340,Fantasy,1979,8.0,289123
7606,Neon Verdict 7606,Thriller,1992,7.1,307194
746,Fallen Shadow 746,Romance,1971,6.7,389685
2564,Dark Odyssey 2564,Drama,1989,6.4,0
5032,Eternal Journey 5032,Romance,1995,5.6,272862
4879,Frozen Shadow 4879,Drama,2001,6.3,182940
3701,Frozen Storm 3701,Action,2019,4.0,612487
8945,Burning Signal 8945,SciFi,2012,5.4,928269
6473,Distant Harbor 6473,Thriller,2005,8.7,707957
3804,Broken Storm 3804,Animation,2019,8.4,279515
3803,Wild Journey 3803,Animation,2009,8.1,348722
3979,Broken Descent 3979,SciFi,2022,6.8,762059
8871,Neon Legacy 8871,Horror,2009,6.5,715620
7466,Eternal Signal 7466,Animation,1980,5.7,246786
7727,Quiet Echo 7727,Romance,1983,7.3,544588
4671,Broken Chronicles 4671,Action,1982,5.6,448406
2704,Secret Chronicles 2704,Comedy,1982,8.1,463523
9278,Crimson Legacy 9278,Action,1985,5.4,234768
5269,Eternal Kingdom 5269,Fantasy,1974,8.6,1052192
6070,Neon Passage 6070,Drama,1995,7.8,127528
7723,Fallen Reflection 7723,Horror,2014,6.4,147142
323,Burning Paradox 323,Horror,1998,8.5,685626
5448,Forgotten Legacy 5448,Drama,1991,4.9,262727
1540,Eternal Empire 1540,Comedy,1995,8.6,589168
1506,Forgotten Kingdom 1506,Romance,1999,7.9,624895
5086,Dark Chronicles 5086,Thriller,1996,7.9,630722
7813,Burning Kingdom 7813,Comedy,2004,6.7,364172
4419,Last Harbor 4419,Documentary,2005,7.0,71941
4693,Wild Shadow 4693,Animation,1996,8.6,628962
5227,Broken Mirage 5227,Thriller,1973,7.3,315635
3972,Frozen Shadow 3972,Fantasy,2012,5.3,810588
9812,Burning Odyssey 9812,Action,2024,4.3,493593
9700,Last Verdict 9700,Horror,2003,6.4,714684
5049,Eternal Journey 5049,Comedy,1974,7.1,997762
1973,Silent Frontier 1973,Action,2001,6.2,805725
1645,Wild Passage 1645,Comedy,2001,7.1,147467
3711,Frozen Frontier 3711,Action,2012,8.8,380238
8257,Eternal Signal 8257,Fantasy,2023,7.5,516765
8991,Silent Reflection 8991,Drama,1979,5.0,0
7401,Secret Frontier 7401,Comedy,1970,6.3,147553
1876,Secret Storm 1876,Romance,1975,6.9,473829
49,Lost Horizon 49,SciFi,1983,6.6,714484
2938,Eternal Requiem 2938,Drama,2002,7.2,771542
3177,Wild Descent 3177,Romance,2004,6.8,685011
3160,Rising Requiem 3160,Comedy,2020,7.9,1178876
5640,Silent Legacy 5640,Thriller,2011,6.8,674474
427,Secret Descent 427,Fantasy,1994,6.7,471961
7300,Fallen Chronicles 7300,Documentary,2000,8.6,310065
9732,Burning Frontier 9732,Thriller,1998,6.5,557545
2265,Last Kingdom 2265,Action,1972,7.5,273071
6362,Dark Descent 6362,SciFi,1988,6.1,596697
1584,Burning Requiem 1584,Romance,1995,7.5,0
4752,Quiet Passage 4752,Fantasy,2018,6.8,728580
5101,Quiet Signal 5101,Comedy,1976,5.4,531107
1123,Crimson Legacy 1123,Animation,2005,5.4,249458
9357,Hidden Frontier 9357,Comedy,1975,5.5,19883
6445,Silent Chronicles 6445,Fantasy,2003,7.4,0
5364,Forgotten Journey 5364,SciFi,1996,7.0,634321
8594,Golden Odyssey 8594,Drama,2004,7.5,204492
7735,Distant Shadow 7735,Thriller,2005,7.2,294732
2783,Neon Mirage 2783,Thriller,2002,8.9,878845
1026,Hidden Empire 1026,SciFi,2002,6.3,444815
1105,Crimson Shadow 1105,Drama,2022,7.0,479658
1680,Frozen Signal 1680,Documentary,1978,5.2,405697
1803,Last Requiem 1803,Documentary,2004,7.0,0
8969,Hidden Journey 8969,SciFi,2013,5.6,772716
5228,Wild Signal 5228,Documentary,2000,5.6,1042249
3867,Distant Paradox 3867,Romance,2014,7.6,554534
6374,Endless Mirage 6374,SciFi,1982,5.5,887728
3751,Hidden Passage 3751,Action,1974,7.1,672748
6514,Distant Requiem 6514,Animation,1994,7.5,753736
7293,Fallen Frontier 7293,Documentary,2003,7.6,315738
9225,Endless Horizon 9225,Horror,2008,6.1,634592
5596,Distant Legacy 5596,Romance,1972,7.1,391008
222,Fallen Harbor 222,SciFi,1976,5.3,446397
3449,Silent Chronicles 3449,Documentary,1981,7.8,188727
8672,Crimson Chronicles 8672,Fantasy,2017,7.9,584637
8878,Fallen Frontier 8878,SciFi,2012,8.6,689786
5643,Eternal Echo 5643,Horror,2020,6.6,143738
6505,Frozen Chronicles 6505,Action,2019,7.5,196023
8771,Fallen Shadow 8771,Documentary,1989,6.5,109145
1356,Hidden Reflection 1356,Fantasy,2011,6.5,242592
51,Wild Passage 51,Fantasy,2022,7.8,322675
1634,Crimson Echo 1634,Romance,1981,6.4,333847
3150,Crimson Chronicles 3150,Thriller,1996,5.6,44566
5404,Frozen Frontier 5404,Documentary,2005,6.3,267038
894,Secret Echo 894,Romance,2013,6.5,139945
944,Neon Reflection 944,SciFi,2023,8.2,0
706,Hidden Reflection 706,Action,1994,7.1,328370
3515,Fallen Echo 3515,Comedy,1992,7.6,260700
9684,Secret Legacy 9684,Fantasy,1980,7.8,148090
4404,Lost Reflection 4404,SciFi,1970,7.0,158898
5245,Forgotten Harbor 5245,SciFi,1970,4.8,566404
7007,Broken Verdict 7007,Horror,2008,7.1,477218
7344,Burning Empire 7344,Romance,1998,5.7,469466
9695,Rising Chronicles 9695,Horror,1987,7.6,524622
612,Endless Echo 612,Romance,2007,5.7,416090
3823,Dark Kingdom 3823,Fantasy,1986,8.0,701058
4915,Quiet Shadow 4915,Comedy,2009,6.8,160847
8907,Rising Requiem 8907,Horror,2024,7.5,546097
8182,Burning Descent 8182,Documentary,1982,8.5,381819
9337,Rising Journey 9337,Drama,2015,6.4,722473
298,Eternal Empire 298,Documentary,1992,7.0,299731
1888,Frozen Empire 1888,Thriller,2021,7.2,563131
327,Silent Storm 327,Fantasy,1985,4.9,650782
7616,Burning Kingdom 7616,Romance,1970,6.9,541199
8691,Frozen Mirage 8691,Romance,2014,8.2,393482
5478,Silent Verdict 5478,Drama,2020,5.2,789273
9960,Forgotten Journey 9960,Horror,2016,6.2,825538
4910,Distant Storm 4910,Thriller,2004,7.9,601208
3616,Quiet Empire 3616,Horror,2005,6.8,796926
2492,Secret Reflection 2492,Drama,1983,6.8,598645
5510,Broken Horizon 5510,Documentary,2005,6.2,541937
9016,Neon Kingdom 9016,Action,1990,6.8,543394
8255,Forgotten Requiem 8255,Comedy,1978,5.3,455054
8834,Frozen Paradox 8834,Action,1986,6.4,906893
5272,Forgotten Reflection 5272,Action,1971,6.0,1054062
9035,Frozen Passage 9035,Action,2018,6.1,1190508
924,Endless Verdict 924,SciFi,2010,5.1,29704
4759,Wild Reflection 4759,Romance,1985,7.0,523968
7100,Wild Requiem 7100,Documentary,2026,5.7,303333
2703,Frozen Chronicles 2703,Horror,1996,5.7,349899
2104,Crimson Signal 2104,Drama,2003,5.6,94529
3377,Burning Mirage 3377,Comedy,2005,5.9,669189
644,Crimson Shadow 644,Romance,1994,6.7,1093390
4875,Distant Shadow 4875,Romance,1994,8.5,604350
9950,Endless Storm 9950,Drama,2021,9.6,265426
3470,Broken Echo 3470,Horror,1993,5.2,346949
4402,Wild Verdict 4402,Action,2013,6.2,385880
1945,Endless Shadow 1945,SciFi,2001,7.2,719099
8069,Hidden Paradox 8069,SciFi,1986,5.5,694001
7070,Distant Requiem 7070,Fantasy,2007,9.1,335359
5936,Frozen Shadow 5936,Action,1995,5.1,500237
1325,Burning Storm 1325,Romance,1989,7.3,477060
7825,Frozen Chronicles 7825,SciFi,2008,5.9,1360811
9413,Forgotten Storm 9413,Romance,2017,6.4,1025104
9493,Burning Harbor 9493,SciFi,2011,8.8,276090
2556,Lost Frontier 2556,Action,1982,7.0,683857
5454,Silent Passage 5454,Fantasy,1999,6.4,700297
84,Secret Chronicles 84,Fantasy,1985,6.7,414571
9015,Golden Storm 9015,Drama,1981,6.1,581198
5172,Fallen Chronicles 5172,Horror,1994,5.9,0
7296,Rising Journey 7296,Fantasy,2006,5.3,333693
2956,Forgotten Mirage 2956,Thriller,2008,9.2,503554
5822,Eternal Reflection 5822,Thriller,2019,8.0,0
9424,Frozen Storm 9424,Documentary,1981,8.7,687480
7633,Distant Legacy 7633,Animation,1988,7.9,682862
1153,Lost Signal 1153,Documentary,2011,6.5,215595
5075,Forgotten Storm 5075,Animation,1973,6.4,682137
3272,Frozen Reflection 3272,Horror,2025,7.4,356587
8814,Lost Shadow 8814,Romance,1973,6.6,279702
8192,Wild Journey 8192,Documentary,2020,6.0,510530
473,Frozen Chronicles 473,Romance,1995,7.5,221950
6551,Eternal Passage 6551,Romance,1975,7.6,554637
4681,Wild Requiem 4681,Fantasy,1995,7.6,955934
8727,Quiet Requiem 8727,Animation,2003,7.2,500541
3984,Eternal Shadow 3984,Drama,1988,8.5,386931
2715,Forgotten Verdict 2715,Animation,1989,6.6,352833
2626,Endless Kingdom 2626,Drama,1971,5.2,602964
2306,Burning Harbor 2306,SciFi,1998,4.8,647574
9796,Rising Storm 9796,Documentary,2020,4.2,0
3815,Last Shadow 3815,Animation,1996,9.3,264046
6290,Secret Shadow 6290,Fantasy,1976,8.4,187742
271,Hidden Storm 271,Thriller,2026,6.6,550876
9170,Eternal Mirage 9170,Fantasy,1977,6.6,628355
6885,Burning Legacy 6885,Romance,2014,6.3,718617
9377,Neon Reflection 9377,Documentary,2024,6.2,207430
9816,Dark Reflection 9816,Animation,1976,6.9,471908
4248,Crimson Requiem 4248,Animation,1972,8.0,537675
5992,Silent Paradox 5992,Action,2004,7.8,179942
6325,Dark Passage 6325,Thriller,1992,6.9,356614
527,Hidden Echo 527,Comedy,1999,7.4,237952
7968,Forgotten Signal 7968,Drama,2000,6.3,643018
9599,Hidden Journey 9599,Animation,2006,6.8,261752
8970,Crimson Odyssey 8970,Documentary,2016,6.5,415286
9763,Hidden Empire 9763,Horror,1982,5.4,1006803
9563,Dark Storm 9563,Thriller,1990,6.7,761209
1321,Secret Echo 1321,Fantasy,2005,7.9,865592
7479,Dark Kingdom 7479,Action,2022,6.2,293016
4164,Eternal Kingdom 4164,Action,2023,5.6,271837
7690,Dark Requiem 7690,Comedy,2012,8.1,198562
1426,Wild Legacy 1426,Comedy,2009,6.2,223436
9783,Endless Passage 9783,Drama,1989,9.1,1198393
281,Lost Echo 281,Romance,1976,7.6,228434
35,Secret Chronicles 35,Comedy,2014,7.6,200634
5263,Broken Harbor 5263,Thriller,1974,4.8,399647
595,Quiet Verdict 595,Comedy,1996,5.4,1068244
1087,Quiet Chronicles 1087,Romance,2003,5.5,848749
1022,Golden Requiem 1022,Romance,2025,5.2,0
9600,Eternal Odyssey 9600,Drama,2008,6.6,522865
3981,Secret Storm 3981,Horror,1994,6.5,572659
4582,Hidden Paradox 4582,Fantasy,2008,6.9,535381
127,Last Signal 127,Thriller,1993,6.7,889020
9111,Frozen Descent 9111,Documentary,1999,7.4,453645
6288,Secret Frontier 6288,Action,1985,5.7,727047
173,Forgotten Paradox 173,Thriller,1990,7.6,590462
454,Forgotten Requiem 454,Fantasy,1986,8.2,412781
2010,Wild Echo 2010,Romance,2017,4.0,330987
2888,Crimson Journey 2888,Fantasy,1994,6.8,225646
9183,Silent Reflection 9183,Animation,1984,6.8,323079
135,Golden Echo 135,Comedy,2022,6.5,73673
8472,Silent Legacy 8472,Animation,1973,6.0,858797
4162,Distant Odyssey 4162,Romance,1992,8.3,63875
2009,Wild Reflection 2009,Documentary,2010,6.1,0
9455,Lost Requiem 9455,Romance,1972,6.7,15235
3137,Golden Paradox 3137,Documentary,2004,6.6,103469
6606,Silent Descent 6606,Animation,2001,8.1,914762
806,Burning Echo 806,Comedy,2011,7.0,740086
6509,Quiet Chronicles 6509,Horror,2010,7.0,784302
5832,Eternal Paradox 5832,Documentary,1998,6.4,369052
9164,Hidden Odyssey 9164,Documentary,1975,6.4,1293788
2811,Endless Chronicles 2811,Comedy,2021,6.7,0
5467,Last Shadow 5467,Documentary,1986,7.3,330435
7850,Broken Journey 7850,Fantasy,1978,7.6,454488
6903,Burning Journey 6903,Comedy,2000,7.8,872186
7072,Eternal Odyssey 7072,SciFi,1993,7.8,628573
9009,Last Odyssey 9009,Comedy,1998,6.6,0
6674,Forgotten Kingdom 6674,Action,1999,6.6,1201902
1316,Hidden Kingdom 1316,Horror,1981,9.4,645884
5648,Broken Horizon 5648,Action,2005,6.9,1049379
1924,Dark Empire 1924,SciFi,1970,8.3,614640
2780,Quiet Paradox 2780,Animation,1998,6.1,303575
7978,Eternal Odyssey 7978,Romance,2017,5.3,558384
8466,Rising Verdict 8466,Horror,1983,7.9,807811
3072,Golden Empire 3072,Action,2018,8.8,372079
9077,Fallen Storm 9077,Animation,2007,8.5,757502
8320,Forgotten Descent 8320,Action,2005,6.4,465343
9401,Fallen Horizon 9401,Documentary,1970,6.2,646005
388,Quiet Echo 388,Comedy,1977,6.2,676105
882,Frozen Chronicles 882,Action,1984,6.6,607577
1065,Forgotten Odyssey 1065,Romance,1991,4.9,583057
7833,Silent Descent 7833,Fantasy,1996,9.7,495584
6428,Frozen Kingdom 6428,Animation,1984,7.5,480967
6256,Fallen Legacy 6256,Comedy,2017,5.8,663346
4315,Golden Shadow 4315,Animation,2010,8.9,750333
1745,Hidden Harbor 1745,Fantasy,2023,8.3,667779
6442,Crimson Signal 6442,Horror,2002,7.8,442493
2339,Frozen Verdict 2339,Animation,2005,7.7,404272
4890,Neon Echo 4890,Romance,2018,6.2,127318
7346,Broken Echo 7346,Animation,2015,7.0,521048
5710,Last Odyssey 5710,Drama,2023,7.8,504136
8684,Fallen Harbor 8684,Fantasy,2008,6.5,480373
5587,Eternal Paradox 5587,Thriller,2007,8.5,640852
3593,Broken Odyssey 3593,Thriller,2023,6.3,32074
8565,Neon Echo 8565,Romance,1998,7.7,474699
4495,Broken Signal 4495,Fantasy,1988,6.4,1639618
2500,Hidden Descent 2500,SciFi,1979,7.5,560283
6769,Fallen Reflection 6769,Horror,1985,6.9,682302
314,Last Kingdom 314,Horror,2016,5.6,397552
8896,Broken Legacy 8896,Action,1989,7.5,476860
8447,Quiet Chronicles 8447,Comedy,1989,8.1,351757
6478,Fallen Storm 6478,Comedy,2013,7.3,897268
4531,Last Passage 4531,Romance,2020,6.9,604521
2735,Broken Mirage 2735,Animation,2008,7.7,694164
5591,Secret Passage 5591,Animation,1980,8.2,585166
1933,Last Verdict 1933,Comedy,1984,7.2,303390
7386,Silent Journey 7386,Fantasy,2009,7.5,1179283
3463,Silent Signal 3463,Action,2026,8.0,216688
1650,Eternal Verdict 1650,Fantasy,2016,7.7,435920
8786,Forgotten Shadow 8786,Thriller,1986,5.5,393928
8058,Quiet Echo 8058,Horror,2011,3.6,576921
488,Eternal Descent 488,SciFi,1985,7.5,458748
636,Endless Legacy 636,Animation,2018,7.6,101342
5181,Lost Reflection 5181,Comedy,2023,9.1,1132423
3629,Broken Shadow 3629,Drama,1983,6.9,1083119
1247,Fallen Frontier 1247,Fantasy,2009,8.5,1018047
5498,Fallen Signal 5498,Drama,2010,4.4,209119
7043,Wild Frontier 7043,Horror,2012,8.3,348817
6930,Quiet Mirage 6930,Romance,2015,6.0,395028
8863,Silent Harbor 8863,Romance,1970,7.8,1015133
5823,Wild Mirage 5823,Animation,1987,6.2,201679
4069,Quiet Frontier 4069,Comedy,2016,5.9,945024
4725,Distant Empire 4725,Documentary,1982,5.8,998557
2310,Frozen Kingdom 2310,Comedy,1979,8.0,270152
8467,Neon Journey 8467,Horror,1995,8.6,933860
3852,Forgotten Signal 3852,SciFi,1990,7.2,1283622
5354,Quiet Storm 5354,Action,2012,5.6,331732
5671,Silent Passage 5671,Documentary,1984,7.5,0
1541,Neon Journey 1541,Fantasy,2002,7.9,579230
1424,Distant Verdict 1424,Documentary,1981,5.0,400474
5387,Distant Horizon 5387,Comedy,1999,5.9,643380
7996,Frozen Chronicles 7996,Documentary,2026,8.0,588608
1852,Wild Descent 1852,Drama,1988,8.3,607337
4042,Neon Echo 4042,Fantasy,1978,8.2,288875
3909,Endless Paradox 3909,Fantasy,1979,8.4,659901
4423,Secret Signal 4423,Drama,1999,6.2,746536
7059,Silent Reflection 7059,Horror,1981,7.3,666688
9864,Burning Paradox 9864,Fantasy,2021,7.5,521960
9099,Broken Empire 9099,SciFi,2016,7.4,329037
4188,Wild Legacy 4188,Fantasy,1999,6.4,442265
5681,Endless Legacy 5681,Drama,1980,7.9,863620
2857,Eternal Odyssey 2857,Horror,2012,5.6,382859
6384,Burning Verdict 6384,Comedy,1982,6.0,726537
5223,Endless Legacy 5223,Action,2022,5.8,486547
9636,Lost Chronicles 9636,Action,1980,6.3,333123
1696,Quiet Echo 1696,Documentary,2026,7.0,501705
2226,Burning Legacy 2226,Horror,2026,5.5,291366
7924,Forgotten Odyssey 7924,Fantasy,2006,5.9,636115
438,Distant Harbor 438,Comedy,2022,6.5,673061
3690,Golden Mirage 3690,Comedy,2008,6.0,0
2869,Distant Chronicles 2869,Horror,2018,6.6,23185
4392,Forgotten Odyssey 4392,Horror,2007,5.5,611095
8549,Silent Harbor 8549,Action,1970,8.5,346681
6408,Distant Journey 6408,Romance,1972,5.9,342405
3845,Frozen Odyssey 3845,Romance,1985,5.6,946541
2484,Hidden Signal 2484,Horror,2024,4.8,377007
5491,Dark Chronicles 5491,Romance,1976,6.7,1183821
2826,Fallen Kingdom 2826,Drama,2020,5.3,420158
3004,Secret Verdict 3004,Fantasy,2024,8.3,0
9792,Rising Horizon 9792,Documentary,1985,8.3,563587
2695,Burning Paradox 2695,Horror,1985,6.7,193594
8959,Last Verdict 8959,Horror,2005,8.4,511280
9175,Hidden Reflection 9175,Action,1982,8.0,792343
3374,Wild Legacy 3374,Drama,2011,7.6,926282
5715,Frozen Chronicles 5715,Horror,2007,7.4,746508
8088,Crimson Echo 8088,Action,1983,5.7,216259
2890,Lost Signal 2890,Fantasy,1990,6.5,366355
8310,Burning Legacy 8310,Horror,2005,7.9,431756
1953,Eternal Horizon 1953,SciFi,1970,5.9,762045
7464,Burning Kingdom 7464,Drama,2002,6.7,702344
2481,Last Descent 2481,Horror,1998,6.7,1038956
4964,Burning Passage 4964,SciFi,2026,8.3,1108449
8856,Burning Paradox 8856,Drama,1996,5.4,489297
1459,Fallen Paradox 1459,Fantasy,2020,7.1,220441
8503,Rising Harbor 8503,Horror,2014,9.2,1219839
6299,Endless Kingdom 6299,Romance,2010,5.3,464595
855,Hidden Horizon 855,SciFi,1974,6.0,1259865
6654,Golden Frontier 6654,Horror,2003,6.4,799367
1188,Fallen Journey 1188,Documentary,2015,5.2,715455
1501,Eternal Frontier 1501,SciFi,1999,8.0,511562
8178,Golden Harbor 8178,Horror,1994,6.5,534561
2757,Secret Paradox 2757,Horror,1979,5.2,272351
6030,Silent Frontier 6030,Comedy,2010,6.5,417105
1480,Dark Descent 1480,Action,1989,6.9,290888
4984,Silent Passage 4984,Fantasy,2019,7.8,327042
8393,Lost Harbor 8393,Drama,1991,5.4,495567
7889,Lost Reflection 7889,Fantasy,1980,7.5,670613
1752,Quiet Frontier 1752,Thriller,1970,5.8,398237
5927,Distant Paradox 5927,Animation,2006,6.0,462162
9639,Crimson Mirage 9639,Comedy,2005,6.4,795019
970,Neon Legacy 970,SciFi,1972,7.4,589458
331,Neon Shadow 331,Horror,1989,6.2,875270
5290,Wild Empire 5290,Romance,2014,6.8,764848
1346,Crimson Legacy 1346,Drama,2026,10.0,0
7315,Broken Journey 7315,Comedy,1983,8.0,309473
4665,Golden Reflection 4665,Fantasy,1981,6.5,522865
9123,Burning Paradox 9123,Fantasy,1987,5.4,567313
447,Last Empire 447,Animation,2001,7.5,129510
186,Forgotten Paradox 186,Romance,1996,4.7,800490
6149,Forgotten Legacy 6149,Animation,2014,5.9,642776
5407,Last Paradox 5407,Fantasy,1981,5.4,0
2677,Neon Passage 2677,Animation,1975,8.6,763378
8042,Rising Frontier 8042,Comedy,2004,6.9,412869
6069,Silent Chronicles 6069,Thriller,1994,7.0,325253
9082,Fallen Descent 9082,Action,1974,7.0,1380197
5583,Wild Descent 5583,Drama,2004,6.3,165478
7147,Wild Chronicles 7147,Comedy,1992,4.0,509153
7502,Lost Journey 7502,Fantasy,2022,7.8,1118402
9026,Hidden Signal 9026,Fantasy,2022,6.3,460574
8190,Frozen Requiem 8190,Drama,1982,6.3,610750
699,Eternal Frontier 699,Fantasy,2013,7.1,438408
872,Wild Chronicles 872,SciFi,1980,7.5,133699
3956,Distant Requiem 3956,Horror,1998,6.3,377248
4230,Frozen Echo 4230,Romance,2012,5.9,159612
4297,Quiet Requiem 4297,Romance,2023,8.1,417166
1516,Frozen Journey 1516,Romance,1973,6.9,901595
6124,Endless Frontier 6124,Thriller,2023,6.1,587785
6927,Endless Paradox 6927,Action,1981,7.0,775929
4473,Rising Storm 4473,SciFi,1997,8.4,453766
175,Quiet Kingdom 175,Comedy,1970,4.6,587601
1489,Burning Frontier 1489,Fantasy,2020,7.1,345938
4377,Hidden Passage 4377,Romance,2016,8.2,0
1978,Neon Echo 1978,Horror,1976,7.5,167364
6855,Silent Empire 6855,Drama,1974,6.7,1101212
1492,Fallen Mirage 1492,Thriller,1991,6.1,54635
9472,Neon Horizon 9472,Fantasy,1977,5.0,588736
5131,Silent Reflection 5131,Comedy,1994,3.9,481225
9426,Last Shadow 9426,Romance,1997,6.5,436025
4877,Neon Paradox 4877,Thriller,2005,7.2,332054
4597,Neon Horizon 4597,Documentary,2009,6.2,409109
8998,Fallen Passage 8998,Comedy,2004,8.0,374987
2018,Eternal Odyssey 2018,Drama,1970,8.3,433563
4455,Quiet Signal 4455,SciFi,1998,7.6,582647
7453,Frozen Mirage 7453,Documentary,1970,6.8,522547
7878,Endless Empire 7878,Action,1995,8.3,325421
2841,Broken Storm 2841,Horror,1992,7.6,602789
4645,Rising Storm 4645,Fantasy,2010,8.0,526309
3273,Lost Empire 3273,Documentary,2020,7.4,818005
918,Forgotten Legacy 918,Thriller,2004,6.4,64614
7601,Neon Frontier 7601,Documentary,2008,8.3,408164
6642,Forgotten Chronicles 6642,Fantasy,1989,7.9,880831
6904,Burning Requiem 6904,SciFi,1994,6.0,429755
446,Golden Empire 446,Animation,2018,6.5,495661
4362,Distant Storm 4362,Horror,2010,6.6,627122
6946,Lost Journey 6946,Drama,2026,7.6,477105
6981,Neon Descent 6981,Comedy,1998,6.0,490164
6104,Rising Shadow 6104,Comedy,2026,7.9,690320
9866,Hidden Passage 9866,Fantasy,2026,7.6,1117432
5361,Rising Requiem 5361,Horror,1992,6.2,538902
4296,Secret Verdict 4296,Documentary,2010,7.6,156347
3679,Crimson Journey 3679,Romance,2022,7.3,601265
2113,Hidden Odyssey 2113,Comedy,1989,5.7,739731
9248,Dark Kingdom 9248,Documentary,2004,6.3,640934
3860,Endless Passage 3860,Action,2026,6.0,677485
8640,Dark Kingdom 8640,Thriller,1970,6.7,225800
582,Quiet Frontier 582,Thriller,2010,9.0,162359
5326,Frozen Storm 5326,Romance,2020,7.3,504044
487,Rising Storm 487,Drama,2004,7.9,947741
2256,Last Odyssey 2256,Documentary,2017,7.9,508653
2493,Dark Paradox 2493,Horror,1992,8.5,682409
3520,Quiet Paradox 3520,Horror,2002,8.2,492008
8497,Eternal Odyssey 8497,Horror,2025,6.1,64923
3184,Endless Empire 3184,Action,2001,4.2,319039
8831,Endless Passage 8831,Documentary,1999,6.2,324471
6595,Burning Storm 6595,Documentary,2024,6.9,460285
8167,Hidden Horizon 8167,Animation,2016,6.4,151392
8049,Burning Harbor 8049,Comedy,1976,6.1,545426
3524,Last Journey 3524,Animation,2009,7.6,763936
989,Burning Passage 989,SciFi,1975,6.6,69350
429,Golden Requiem 429,Fantasy,1994,6.4,436873
2379,Forgotten Kingdom 2379,Action,2022,6.3,747751
9907,Secret Frontier 9907,Drama,2010,5.5,265282
7750,Quiet Empire 7750,Romance,2011,7.1,300098
2639,Neon Signal 2639,Comedy,2021,7.5,371466
2194,Wild Harbor 2194,Thriller,1986,4.9,411518
2114,Distant Verdict 2114,Romance,1997,10.0,317716
1447,Secret Requiem 1447,Fantasy,2007,7.5,817486
4199,Distant Echo 4199,Horror,2022,7.4,785082
5248,Frozen Chronicles 5248,Comedy,1974,7.2,714701
4514,Fallen Descent 4514,SciFi,2009,6.6,194692
8891,Silent Signal 8891,Romance,2006,7.1,318960
2692,Frozen Descent 2692,Fantasy,2025,6.2,273231
322,Fallen Kingdom 322,Documentary,2006,4.6,422315
1682,Rising Horizon 1682,Thriller,1978,6.7,447610
8810,Silent Shadow 8810,Animation,1982,5.8,787718
2478,Rising Signal 2478,Comedy,1994,8.2,730683
373,Golden Echo 373,Action,2010,8.2,226927
9712,Neon Odyssey 9712,Fantasy,2004,5.5,676608
9899,Broken Horizon 9899,Thriller,2009,6.0,849984
8044,Broken Passage 8044,Horror,2000,6.6,487986
8736,Distant Legacy 8736,Thriller,2012,8.8,439521
3090,Dark Empire 3090,Documentary,1977,8.6,956043
6115,Dark Mirage 6115,Documentary,1977,8.6,265117
9029,Lost Paradox 9029,Documentary,2012,8.7,762573
6702,Frozen Requiem 6702,Action,2001,6.4,0
6800,Burning Legacy 6800,Fantasy,2026,7.3,303560
7012,Golden Horizon 7012,Horror,1971,7.6,180423
1267,Rising Odyssey 1267,Comedy,2005,6.4,687386
9528,Endless Descent 9528,Horror,2015,7.4,588890
6626,Distant Mirage 6626,Comedy,1979,7.1,394452
9208,Distant Paradox 9208,Romance,2014,4.0,703085
1703,Golden Horizon 1703,Action,1982,5.7,1107777
5256,Neon Chronicles 5256,Documentary,1997,6.6,232163
7839,Silent Signal 7839,SciFi,1992,5.2,588035
6047,Hidden Mirage 6047,Thriller,2002,6.7,878257
5469,Quiet Horizon 5469,Comedy,2012,7.7,615767
5062,Dark Passage 5062,Action,1998,5.7,577255
9630,Burning Passage 9630,Fantasy,2021,7.1,144643
1230,Dark Legacy 1230,Fantasy,2025,6.3,624095
5646,Lost Verdict 5646,Documentary,1977,5.6,396367
268,Wild Empire 268,Thriller,1990,7.7,436352
9490,Golden Storm 9490,Animation,1988,5.3,0
251,Neon Echo 251,Documentary,2024,6.3,982593
6461,Frozen Odyssey 6461,Documentary,1985,6.8,611457
1552,Rising Odyssey 1552,Drama,1980,6.5,773084
4336,Quiet Descent 4336,Thriller,1972,7.6,493707
4428,Secret Mirage 4428,Drama,1986,7.5,626998
3790,Hidden Signal 3790,Action,1974,6.2,716602
8566,Silent Signal 8566,Action,2008,3.8,883005
8401,Lost Mirage 8401,Fantasy,2000,8.2,980680
2933,Secret Storm 2933,Fantasy,1986,5.9,998016
5522,Secret Paradox 5522,Horror,1986,6.5,147840
3155,Lost Journey 3155,Horror,1996,7.1,703216
1465,Silent Odyssey 1465,Comedy,2000,6.0,554004
2435,Rising Verdict 2435,Animation,1974,8.9,652771
8639,Endless Requiem 8639,Action,1989,6.5,159561
8785,Broken Shadow 8785,SciFi,1983,5.5,315470
863,Dark Passage 863,Romance,2020,10.0,350770
9491,Endless Shadow 9491,Fantasy,2018,4.8,398131
710,Dark Journey 710,Thriller,1999,5.2,325011
1291,Endless Harbor 1291,Action,1982,6.4,312933
902,Hidden Kingdom 902,Action,1988,8.3,260090
7183,Hidden Shadow 7183,Fantasy,1974,7.3,245178
5267,Crimson Harbor 5267,Drama,1988,5.4,420428
3619,Distant Echo 3619,Drama,1990,7.3,399302
2245,Fallen Echo 2245,Fantasy,1981,6.8,715941
1396,Broken Horizon 1396,Animation,1996,6.2,926535
8290,Silent Storm 8290,Fantasy,1999,6.0,682458
2501,Dark Requiem 2501,Documentary,1979,8.2,529093
5083,Burning Reflection 5083,Documentary,2012,6.2,873386
7682,Hidden Empire 7682,Comedy,1999,6.5,34419
1468,Neon Mirage 1468,Horror,2003,7.0,522685
2741,Silent Shadow 2741,Thriller,1971,7.6,430478
4663,Lost Horizon 4663,Action,2014,7.3,800710
1348,Distant Descent 1348,SciFi,1970,5.9,58380
4133,Broken Storm 4133,Drama,1977,6.1,129771
6913,Forgotten Shadow 6913,SciFi,1999,6.6,50645
2454,Secret Verdict 2454,Action,2012,5.8,775603
2540,Last Journey 2540,Drama,2011,7.0,519794
2312,Eternal Odyssey 2312,Animation,1983,7.0,683821
3352,Frozen Chronicles 3352,Action,2001,8.9,1055422
4233,Crimson Kingdom 4233,Drama,1990,7.3,815666
8628,Burning Reflection 8628,Thriller,2009,5.9,756429
2273,Wild Passage 2273,Drama,1998,7.2,700612
2720,Forgotten Mirage 2720,Thriller,2026,6.8,210797
220,Neon Requiem 220,Horror,2002,6.6,570764
8241,Fallen Kingdom 8241,SciFi,2023,7.8,536960
280,Hidden Kingdom 280,SciFi,2004,7.2,966485
8353,Wild Signal 8353,Animation,1984,9.7,588453
380,Fallen Empire 380,Drama,2023,7.7,965870
1156,Crimson Harbor 1156,Drama,2008,5.5,461897
6940,Endless Verdict 6940,Romance,2015,5.7,17248
3941,Hidden Requiem 3941,Drama,1977,7.0,79518
1093,Burning Horizon 1093,Romance,1984,6.2,602986
282,Lost Frontier 282,Animation,1971,5.4,67250
8321,Broken Echo 8321,Action,1974,5.4,128638
6610,Lost Journey 6610,Fantasy,2003,7.6,865211
1681,Quiet Chronicles 1681,SciFi,1987,8.2,247255
5413,Golden Kingdom 5413,Fantasy,2004,6.8,401939
961,Wild Echo 961,Action,1992,4.8,338988
6909,Dark Shadow 6909,Romance,2022,7.0,521432
7778,Secret Echo 7778,Comedy,2000,4.8,799142
2796,Distant Storm 2796,Fantasy,2003,6.2,532575
1488,Last Harbor 1488,SciFi,1979,6.2,711197
9512,Wild Empire 9512,Thriller,2013,9.5,886999
8198,Hidden Horizon 8198,Romance,1996,10.0,574441
9815,Broken Harbor 9815,Comedy,2001,7.3,744414
7568,Quiet Requiem 7568,SciFi,1974,6.3,0
2455,Lost Odyssey 2455,Romance,1972,7.0,348065
5574,Wild Paradox 5574,Drama,1991,6.4,574336
3394,Fallen Chronicles 3394,Animation,2009,7.4,153638
3225,Crimson Requiem 3225,Fantasy,1983,6.1,281230
6053,Distant Odyssey 6053,Horror,2002,7.3,899505
822,Wild Harbor 822,Animation,2016,7.3,757761
9181,Frozen Storm 9181,SciFi,2015,6.7,276045
2801,Wild Horizon 2801,SciFi,2017,7.8,424297
3350,Secret Horizon 3350,Thriller,1997,7.9,1040225
8432,Hidden Passage 8432,Animation,2015,6.6,583026
185,Crimson Requiem 185,SciFi,2012,5.7,1194275
7394,Secret Odyssey 7394,Fantasy,1995,7.1,556686
2751,Quiet Shadow 2751,Romance,1999,4.9,607486
922,Distant Horizon 922,Action,1984,5.7,802132
2251,Lost Shadow 2251,Drama,2007,7.7,199074
5383,Forgotten Horizon 5383,SciFi,2000,7.4,0
7772,Silent Passage 7772,Animation,1981,6.8,535283
3744,Broken Requiem 3744,Comedy,1975,6.3,467866
585,Fallen Verdict 585,Horror,1994,8.4,357135
668,Fallen Descent 668,Comedy,1982,7.4,683577
8798,Neon Requiem 8798,Fantasy,2003,5.7,348667
7331,Dark Legacy 7331,Romance,2009,5.3,269646
3088,Endless Descent 3088,Action,2018,6.4,1027485
4344,Endless Requiem 4344,Drama,2006,6.4,1028065
7774,Last Frontier 7774,Comedy,1996,6.3,850819
8248,Quiet Passage 8248,Romance,2018,6.4,383199
9223,Frozen Reflection 9223,Comedy,1982,3.7,406824
8850,Hidden Echo 8850,Fantasy,2017,5.8,76260
6351,Forgotten Reflection 6351,Animation,1971,5.3,523313
5537,Hidden Shadow 5537,Action,1975,7.7,14139
6907,Wild Storm 6907,Documentary,1993,7.6,628643
9646,Quiet Shadow 9646,Romance,2002,6.0,566212
6477,Crimson Verdict 6477,Action,1973,7.7,446209
8957,Endless Reflection 8957,Comedy,1983,5.6,0
9748,Broken Mirage 9748,Animation,1972,7.0,523529
5793,Fallen Odyssey 5793,Drama,2004,7.5,270455
7186,Lost Reflection 7186,Fantasy,2010,3.6,181426
6342,Broken Requiem 6342,Animation,2026,8.3,67979
2045,Endless Paradox 2045,SciFi,2026,5.9,980649
109,Wild Legacy 109,Fantasy,2022,6.1,321166
2473,Silent Shadow 2473,Thriller,1994,6.7,635814
7488,Quiet Journey 7488,Documentary,2009,7.5,442490
8307,Broken Passage 8307,Fantasy,2007,6.6,1107086
4702,Last Horizon 4702,Romance,2011,9.2,995104
3831,Forgotten Echo 3831,Documentary,2025,8.5,709460
4025,Forgotten Odyssey 4025,Documentary,2016,6.1,881205
3613,Secret Requiem 3613,Animation,1978,6.3,787742
5988,Broken Mirage 5988,Horror,1976,8.2,946224
5896,Burning Passage 5896,Documentary,2013,7.7,606709
545,Neon Kingdom 545,Thriller,1980,7.6,61385
9295,Hidden Journey 9295,Action,1983,6.4,596535
3123,Rising Mirage 3123,Action,2017,5.3,569873
552,Eternal Legacy 552,Comedy,1989,7.9,436748
1174,Crimson Mirage 1174,Thriller,1995,5.0,610590
5706,Eternal Mirage 5706,Comedy,1979,7.7,406092
1257,Broken Empire 1257,Action,1992,6.7,615966
8574,Secret Horizon 8574,Animation,1980,5.9,250370
5186,Dark Requiem 5186,Animation,2020,5.7,657743
8753,Fallen Legacy 8753,Action,2018,6.8,49828
24,Silent Legacy 24,Horror,2004,5.7,783936
5037,Rising Passage 5037,Horror,1986,6.9,736013
1928,Endless Shadow 1928,Fantasy,1982,3.9,1031165
8679,Eternal Journey 8679,Thriller,2017,6.1,715402
6881,Secret Legacy 6881,Fantasy,1974,8.8,394521
2145,Endless Odyssey 2145,Animation,1976,7.4,491202
9768,Silent Passage 9768,Action,2008,7.6,448245
8215,Fallen Verdict 8215,Animation,1995,6.2,726332
6156,Quiet Frontier 6156,Action,2026,7.8,628936
8050,Frozen Verdict 8050,Drama,1994,8.0,629442
1089,Rising Reflection 1089,Thriller,2026,5.0,878022
6695,Hidden Shadow 6695,SciFi,1982,5.9,949563
7693,Quiet Mirage 7693,Horror,2008,6.4,356177
7709,Crimson Frontier 7709,Romance,1977,7.1,262285
6076,Fallen Reflection 6076,Comedy,1993,7.2,295894
1368,Rising Odyssey 1368,Horror,1993,7.0,377693
396,Secret Storm 396,Comedy,1977,8.6,931023
2759,Frozen Reflection 2759,Thriller,1977,7.3,729102
4371,Endless Verdict 4371,Comedy,2004,9.2,960204
196,Endless Empire 196,Fantasy,1983,9.5,683596
5699,Wild Paradox 5699,Fantasy,2000,5.3,466745
3517,Eternal Legacy 3517,Romance,1996,5.7,404605
4103,Broken Empire 4103,Comedy,2013,8.7,460880
1081,Broken Echo 1081,Animation,2021,6.4,818651
5862,Lost Shadow 5862,Fantasy,2011,6.5,861145
2323,Dark Mirage 2323,SciFi,2000,6.8,587763
134,Secret Passage 134,Documentary,1985,7.0,291056
4951,Golden Shadow 4951,SciFi,1986,5.8,838298
7355,Distant Journey 7355,Animation,1998,7.4,646618
2834,Wild Verdict 2834,Fantasy,2021,6.1,515197
1024,Wild Descent 1024,Drama,1992,7.8,359646
6732,Crimson Storm 6732,Horror,1973,5.6,946590
7653,Broken Kingdom 7653,Romance,1982,4.3,703487
305,Forgotten Passage 305,Romance,1997,4.1,872542
2990,Silent Verdict 2990,SciFi,1983,4.4,676918
2356,Dark Shadow 2356,Thriller,1975,5.9,423175
5440,Frozen Chronicles 5440,Comedy,1994,7.8,659238
1712,Frozen Mirage 1712,SciFi,1976,6.8,485724
7912,Forgotten Harbor 7912,Fantasy,1976,7.2,139731
256,Dark Frontier 256,Fantasy,1992,8.2,404107
5963,Lost Requiem 5963,Documentary,2005,6.1,401115
5141,Broken Empire 5141,Comedy,2014,7.7,528266
1818,Frozen Harbor 1818,Thriller,1982,8.1,492942
5622,Burning Passage 5622,Horror,2015,5.9,817193
1751,Endless Harbor 1751,Animation,2026,4.9,547827
5817,Crimson Harbor 5817,Documentary,1984,6.5,439710
460,Wild Descent 460,Thriller,1994,7.2,728475
818,Last Shadow 818,Drama,2020,5.9,164162
6522,Fallen Verdict 6522,Romance,2026,7.9,864961
1382,Eternal Kingdom 1382,Thriller,1970,6.5,4565
7223,Secret Storm 7223,Documentary,2003,6.9,342022
5700,Wild Kingdom 5700,Romance,1987,6.0,412219
1008,Hidden Legacy 1008,Documentary,2007,6.6,762997
5916,Hidden Passage 5916,Animation,2012,4.9,162958
7793,Distant Horizon 7793,Fantasy,1971,8.4,404146
9100,Secret Kingdom 9100,Drama,1972,6.5,272058
6882,Secret Descent 6882,Comedy,1991,8.6,522956
6791,Broken Frontier 6791,Comedy,1990,6.0,511979
2376,Frozen Chronicles 2376,Documentary,1993,7.3,1229879
9844,Dark Legacy 9844,Thriller,2024,7.3,519083
954,Wild Verdict 954,Drama,1999,7.8,205529
7637,Burning Reflection 7637,Fantasy,2023,4.9,834253
2827,Frozen Empire 2827,Documentary,2013,6.9,369791
3560,Eternal Frontier 3560,Drama,2013,6.0,476130
1287,Broken Signal 1287,Horror,2009,7.2,127526
6588,Burning Requiem 6588,Drama,2021,8.6,605494
8434,Hidden Passage 8434,SciFi,1972,7.5,571857
8456,Fallen Horizon 8456,Thriller,1996,8.6,485590
9657,Endless Odyssey 9657,Documentary,1984,7.9,813853
3451,Golden Chronicles 3451,Thriller,2009,6.1,224280
8765,Fallen Verdict 8765,Comedy,1999,8.2,282881
7211,Silent Horizon 7211,Documentary,2019,5.3,437664
596,Frozen Signal 596,Action,2007,7.0,1029245
7458,Lost Storm 7458,Animation,1996,5.4,625022
2201,Quiet Mirage 2201,Comedy,1991,6.7,167803
3093,Frozen Signal 3093,Comedy,1997,7.5,230721
3582,Last Legacy 3582,Documentary,1993,6.5,533021
7455,Secret Shadow 7455,Action,1970,3.8,132752
9431,Silent Frontier 9431,Thriller,2015,7.4,990790
8582,Rising Kingdom 8582,SciFi,2025,6.9,429468
5979,Crimson Mirage 5979,Romance,1988,7.0,567924
2515,Quiet Journey 2515,Action,2005,6.1,590102
9128,Fallen Verdict 9128,SciFi,2004,7.2,700968
9434,Frozen Shadow 9434,Horror,2025,7.6,261099
2567,Quiet Frontier 2567,SciFi,1999,5.6,0
2997,Lost Echo 2997,Animation,1990,6.8,21362
6618,Broken Signal 6618,Action,1990,7.8,659195
5369,Broken Reflection 5369,Animation,1971,6.1,828321
9203,Silent Harbor 9203,Animation,2004,7.6,312290
4807,Endless Odyssey 4807,Comedy,2017,8.3,0
2130,Forgotten Requiem 2130,Drama,2020,7.3,113051
8439,Forgotten Passage 8439,SciFi,2008,6.0,429526
2405,Dark Paradox 2405,SciFi,1980,7.2,872581
9469,Fallen Reflection 9469,Action,2024,6.5,663010
1137,Hidden Odyssey 1137,Action,1977,6.5,626083
6179,Lost Requiem 6179,Drama,2021,6.3,390987
4658,Wild Verdict 4658,Fantasy,1990,6.7,440641
3526,Dark Verdict 3526,Romance,2022,5.4,306728
2369,Golden Echo 2369,Comedy,1977,7.0,363705
7150,Golden Verdict 7150,Fantasy,2004,6.4,410776
6413,Rising Paradox 6413,Horror,2000,4.9,0
720,Burning Shadow 720,Horror,2001,8.6,391359
1862,Crimson Verdict 1862,Documentary,2016,7.2,817628
9196,Burning Legacy 9196,Action,1979,8.0,296651
6611,Wild Requiem 6611,Comedy,2015,8.0,609934
114,Lost Horizon 114,SciFi,1986,6.0,715599
272,Frozen Requiem 272,Thriller,2002,7.8,469866
2423,Forgotten Mirage 2423,Fantasy,1976,7.3,549722
6219,Last Empire 6219,Thriller,1978,7.5,728920
7895,Quiet Empire 7895,Documentary,1973,6.4,175894
9672,Quiet Mirage 9672,Thriller,1985,6.1,456624
8536,Distant Descent 8536,Action,1993,5.4,902760
6691,Dark Echo 6691,Documentary,2006,6.6,1190380
8717,Quiet Echo 8717,Drama,1971,10.0,840957
1409,Silent Chronicles 1409,SciFi,1971,5.7,793473
7950,Endless Frontier 7950,Animation,2019,7.4,454199
4099,Silent Harbor 4099,Animation,1971,10.0,638723
7961,Eternal Chronicles 7961,Horror,1986,7.3,501907
5166,Hidden Mirage 5166,Thriller,2021,5.9,729929
4976,Silent Odyssey 4976,Thriller,1974,7.6,321671
9964,Eternal Shadow 9964,Animation,1979,6.8,859026
1099,Secret Signal 1099,SciFi,2005,4.9,398411
1200,Broken Empire 1200,Documentary,1974,7.1,530820
211,Crimson Echo 211,Documentary,1983,5.4,273496
1499,Endless Harbor 1499,SciFi,2024,7.6,785180
4288,Rising Requiem 4288,Horror,1975,8.1,412465
3824,Eternal Journey 3824,Fantasy,2015,4.9,648347
3705,Wild Paradox 3705,Thriller,1988,4.9,149565
6049,Neon Verdict 6049,Comedy,1979,6.7,523914
5313,Hidden Passage 5313,Action,2026,5.6,577651
3153,Forgotten Mirage 3153,Action,2016,6.1,874221
1328,Broken Chronicles 1328,Documentary,2013,6.6,593032
6808,Silent Harbor 6808,Romance,2010,4.4,545319
3775,Burning Journey 3775,SciFi,1988,6.2,347926
7179,Lost Requiem 7179,Thriller,2025,7.3,172527
6284,Broken Empire 6284,SciFi,1997,5.5,487628
972,Quiet Empire 972,Comedy,1981,7.2,767142
4193,Forgotten Chronicles 4193,Animation,1977,5.1,674927
1689,Broken Paradox 1689,Comedy,1997,6.4,365963
5674,Golden Empire 5674,Comedy,1997,7.8,606250
3167,Burning Storm 3167,Fantasy,2016,8.1,622823
1441,Dark Passage 1441,Romance,2006,6.5,1171800
9184,Dark Descent 9184,Documentary,1984,8.0,556234
7160,Fallen Legacy 7160,SciFi,1997,7.5,852030
3920,Forgotten Odyssey 3920,Drama,2001,10.0,625837
4318,Dark Passage 4318,Comedy,2012,5.8,435742
820,Broken Verdict 820,SciFi,2011,8.1,710576
1863,Endless Shadow 1863,Horror,2003,7.6,1045518
1827,Frozen Horizon 1827,Comedy,1994,9.1,320149
436,Golden Reflection 436,Horror,2001,5.1,796839
5123,Lost Frontier 5123,Comedy,2016,5.9,445272
5684,Wild Paradox 5684,Comedy,1977,6.0,142075
1512,Hidden Odyssey 1512,Thriller,1973,6.0,890547
7094,Crimson Mirage 7094,Documentary,2023,9.7,516522
5913,Lost Mirage 5913,Comedy,2026,7.1,305512
6278,Broken Reflection 6278,Comedy,2014,7.6,110424
605,Rising Chronicles 605,Animation,1991,5.6,0
6090,Wild Reflection 6090,Thriller,2000,7.0,636207
7884,Eternal Reflection 7884,Drama,1972,8.7,439010
1606,Rising Frontier 1606,Romance,1977,5.8,476369
8385,Distant Journey 8385,Thriller,2007,8.0,197613
3087,Fallen Echo 3087,Thriller,1990,5.3,545147
8713,Fallen Frontier 8713,Animation,1992,6.4,305451
7671,Quiet Descent 7671,SciFi,1986,7.2,745137
9810,Dark Chronicles 9810,Action,1985,4.3,0
5996,Fallen Journey 5996,Drama,1972,5.5,462621
9898,Fallen Kingdom 9898,SciFi,1983,6.4,778644
2346,Eternal Kingdom 2346,Action,2016,7.0,312616
8421,Quiet Verdict 8421,Fantasy,2023,6.3,629146
3078,Distant Journey 3078,Drama,1975,8.3,806179
5209,Rising Passage 5209,Horror,2015,6.7,0
8193,Broken Frontier 8193,Comedy,1998,6.8,595515
5898,Crimson Echo 5898,Thriller,1984,7.4,698317
9541,Endless Storm 9541,Drama,1975,7.2,240339
401,Burning Paradox 401,Romance,2022,5.6,725132
2899,Golden Odyssey 2899,Comedy,1992,6.2,361376
8451,Forgotten Requiem 8451,Thriller,2002,6.8,880785
2527,Rising Passage 2527,SciFi,1992,5.7,551589
2131,Forgotten Mirage 2131,SciFi,1999,6.3,184745
8767,Dark Kingdom 8767,Animation,1977,6.5,332497
3082,Quiet Odyssey 3082,Action,1989,5.2,505800
7236,Eternal Journey 7236,Animation,2020,6.6,638982
6207,Golden Horizon 6207,Thriller,2024,8.5,294350
5568,Forgotten Chronicles 5568,Thriller,1980,4.3,725578
8262,Rising Echo 8262,Romance,2000,6.2,937182
1517,Rising Kingdom 1517,Romance,2025,5.8,835274
7407,Golden Echo 7407,SciFi,2010,5.4,1185034
3912,Fallen Harbor 3912,Animation,2001,6.0,1202027
9398,Frozen Shadow 9398,Animation,2007,5.6,326445
2979,Neon Harbor 2979,Drama,2008,8.0,249853
2971,Rising Signal 2971,Animation,2008,7.2,480584
9957,Rising Storm 9957,Horror,2004,6.9,666211
6931,Neon Reflection 6931,Drama,2021,6.5,910861
8994,Dark Paradox 8994,SciFi,1993,7.0,285947
9091,Burning Odyssey 9091,Comedy,1972,6.6,8335
6912,Golden Paradox 6912,SciFi,2001,8.4,1032310
1820,Endless Odyssey 1820,Comedy,1995,6.6,976915
6197,Silent Odyssey 6197,Horror,1986,4.8,385710
6987,Lost Requiem 6987,Animation,2005,6.6,452603
9562,Burning Passage 9562,Thriller,2013,8.1,512870
1542,Secret Horizon 1542,Fantasy,1979,7.4,542389
2936,Secret Echo 2936,Horror,1996,5.5,677487
8455,Distant Harbor 8455,SciFi,1996,6.2,403217
8437,Secret Chronicles 8437,Fantasy,1979,7.6,904701
2560,Burning Kingdom 2560,SciFi,1981,7.1,908117
8716,Distant Kingdom 8716,Documentary,2004,7.4,591200
3569,Broken Verdict 3569,Animation,1977,6.2,388710
8232,Crimson Harbor 8232,Comedy,1991,7.1,273048
6919,Quiet Chronicles 6919,Romance,1984,8.0,728331
400,Broken Harbor 400,Romance,1995,6.9,770533
4492,Broken Empire 4492,SciFi,1981,5.6,508557
449,Crimson Empire 449,Action,1987,5.2,70210
6134,Eternal Signal 6134,Animation,1981,5.8,598921
606,Crimson Verdict 606,Horror,1990,5.7,426689
5899,Crimson Requiem 5899,SciFi,1974,6.3,189483
9988,Quiet Chronicles 9988,Animation,2002,8.0,1027827
1210,Endless Chronicles 1210,Action,2008,8.1,193222
356,Quiet Frontier 356,Comedy,2025,5.8,325500
2877,Frozen Storm 2877,Drama,2016,5.2,497826
9213,Last Frontier 9213,Drama,1980,7.4,324522
5281,Lost Reflection 5281,Fantasy,1997,5.0,340686
7929,Endless Signal 7929,SciFi,1986,7.4,965651
920,Rising Kingdom 920,Animation,1999,8.1,387785
7438,Eternal Echo 7438,Romance,1987,6.4,218128
4541,Secret Harbor 4541,Drama,1982,5.1,117988
4085,Broken Horizon 4085,Animation,1989,9.0,414829
169,Burning Frontier 169,Documentary,1981,6.9,810030
2087,Wild Kingdom 2087,Documentary,1977,6.8,55982
7487,Golden Requiem 7487,Action,2020,8.2,0
3196,Burning Mirage 3196,Romance,1981,7.0,131517
5026,Last Echo 5026,Animation,1985,4.1,53880
8362,Hidden Journey 8362,Thriller,1999,5.7,308496
7108,Hidden Reflection 7108,Documentary,1974,8.8,788102
9325,Eternal Storm 9325,Romance,1994,6.9,314356
2431,Silent Legacy 2431,Animation,2002,8.5,962069
7210,Frozen Descent 7210,SciFi,2023,5.5,480008
1855,Last Harbor 1855,Action,2018,8.1,440147
8962,Forgotten Chronicles 8962,Fantasy,2021,7.8,133313
5770,Distant Chronicles 5770,Horror,1994,7.0,85350
5305,Last Mirage 5305,Thriller,2014,7.3,761734
6687,Endless Signal 6687,Horror,2021,7.7,850669
2406,Secret Storm 2406,Drama,1979,5.5,569379
5008,Burning Shadow 5008,Drama,2018,7.4,618635
4300,Secret Storm 4300,Fantasy,2004,4.7,754260
7284,Distant Shadow 7284,SciFi,1986,7.8,242625
8853,Dark Legacy 8853,Documentary,2018,6.0,730834
1531,Eternal Verdict 1531,Documentary,1985,6.2,680845
83,Crimson Requiem 83,Drama,1973,8.8,791391
4749,Hidden Kingdom 4749,Action,1974,6.1,848816
8518,Secret Reflection 8518,Romance,2008,7.9,41948
2355,Neon Descent 2355,Comedy,1998,7.8,1190815
3832,Eternal Requiem 3832,SciFi,1975,8.0,579995
2232,Eternal Empire 2232,Horror,2012,6.2,453504
1711,Last Chronicles 1711,Drama,1974,7.2,639081
1017,Fallen Horizon 1017,Animation,1996,5.7,881902
1594,Neon Descent 1594,Documentary,2017,7.8,655572
2296,Fallen Echo 2296,Comedy,2015,6.1,633404
3148,Silent Harbor 3148,SciFi,2001,6.6,286523
5255,Fallen Empire 5255,Comedy,1992,7.6,205799
8778,Secret Journey 8778,Documentary,1972,7.1,498007
1699,Forgotten Harbor 1699,Animation,2014,5.8,499176
3413,Rising Mirage 3413,Animation,2020,7.6,619525
2017,Fallen Empire 2017,Drama,1997,5.5,225279
5147,Eternal Harbor 5147,Fantasy,2022,6.7,387734
3540,Quiet Mirage 3540,Drama,1971,7.7,189572
3224,Quiet Harbor 3224,SciFi,2005,7.6,601959
293,Crimson Harbor 293,Thriller,2011,6.4,824843
8404,Crimson Legacy 8404,Animation,2014,7.7,563124
1248,Secret Horizon 1248,Horror,2015,7.1,496137
1086,Last Shadow 1086,Drama,1993,8.0,509309
9250,Crimson Signal 9250,Romance,2025,5.3,160427
841,Eternal Horizon 841,Fantasy,1999,7.2,428077
5960,Dark Empire 5960,Horror,2002,7.5,840607
8394,Dark Requiem 8394,Horror,2024,6.7,520146
843,Forgotten Signal 843,Fantasy,1982,7.9,387019
1910,Frozen Signal 1910,Thriller,2020,6.6,609211
6367,Forgotten Echo 6367,Documentary,1973,8.2,359661
6160,Secret Horizon 6160,SciFi,1996,4.5,309584
5289,Endless Shadow 5289,Horror,1970,7.0,156827
6411,Fallen Empire 6411,Drama,1996,7.2,157177
9930,Silent Echo 9930,Documentary,1993,7.8,773003
9364,Fallen Kingdom 9364,Drama,2014,6.7,0
1842,Secret Passage 1842,Drama,1970,6.9,32434
1192,Rising Passage 1192,SciFi,1992,6.2,615732
338,Frozen Verdict 338,Fantasy,2019,8.5,169251
9188,Broken Kingdom 9188,SciFi,1999,6.9,548797
7056,Eternal Odyssey 7056,Fantasy,2025,6.1,993336
6739,Golden Horizon 6739,Animation,1981,6.5,156707
3147,Secret Legacy 3147,Documentary,1995,7.1,1183428
2235,Broken Harbor 2235,SciFi,1973,7.0,1075174
4504,Endless Passage 4504,Comedy,1993,5.4,645510
2450,Quiet Journey 2450,Romance,1981,5.0,334268
6537,Last Legacy 6537,Action,1986,6.3,608936
9316,Hidden Verdict 9316,Romance,2012,7.0,871784
4052,Burning Requiem 4052,Horror,1978,7.9,934689
9136,Distant Odyssey 9136,Drama,2012,6.6,879041
4515,Crimson Descent 4515,Romance,1990,5.3,871215
1938,Broken Odyssey 1938,Horror,2000,5.7,395616
1260,Lost Shadow 1260,Horror,1979,8.7,229468
1142,Burning Reflection 1142,Action,2005,7.4,1224206
2792,Silent Shadow 2792,Romance,2019,6.7,698618
8337,Broken Legacy 8337,Comedy,2019,6.0,783593
9514,Eternal Signal 9514,Thriller,1973,4.1,166706
1590,Burning Requiem 1590,Comedy,1988,7.3,609533
2694,Hidden Shadow 2694,Animation,2026,6.0,1019639
6430,Wild Mirage 6430,Thriller,2021,6.6,494819
5360,Dark Chronicles 5360,Drama,1993,6.0,318008
7716,Lost Echo 7716,SciFi,2002,6.7,944872
5089,Eternal Storm 5089,Thriller,1977,7.2,634514
7433,Wild Odyssey 7433,Fantasy,1993,4.9,33302
528,Dark Reflection 528,Fantasy,2000,6.9,339273
8306,Broken Empire 8306,Thriller,1991,7.1,633799
7334,Endless Harbor 7334,Comedy,1998,5.9,817754
796,Lost Shadow 796,Action,2023,8.6,675406
8048,Neon Descent 8048,Thriller,1996,5.7,737340
2238,Last Odyssey 2238,SciFi,1991,4.8,334812
204,Burning Harbor 204,Comedy,2021,5.5,627812
3431,Secret Signal 3431,Romance,1982,6.5,607224
7758,Secret Mirage 7758,Drama,2025,6.5,116289
5785,Lost Empire 5785,Thriller,2000,6.7,862826
1390,Broken Journey 1390,Documentary,1974,7.8,660041
9113,Endless Echo 9113,Action,1988,6.6,728283
7233,Dark Chronicles 7233,Horror,1971,8.3,394859
3051,Golden Chronicles 3051,Documentary,1997,7.8,359071
982,Endless Paradox 982,Fantasy,1980,6.3,766677
7543,Crimson Odyssey 7543,Romance,1981,6.5,670321
157,Quiet Reflection 157,Romance,1993,6.7,160749
2580,Frozen Reflection 2580,Fantasy,1999,6.7,592985
8692,Dark Reflection 8692,Animation,1970,5.2,494758
1918,Secret Journey 1918,Fantasy,1997,6.0,959557
5301,Fallen Frontier 5301,Comedy,2001,8.9,399161
608,Silent Odyssey 608,Fantasy,2002,7.6,397232
5339,Fallen Paradox 5339,Fantasy,1988,6.6,690811
1589,Quiet Paradox 1589,Animation,1992,6.5,72358
7897,Wild Harbor 7897,Fantasy,2020,5.5,505154
5742,Last Requiem 5742,Horror,1991,7.0,340147
6804,Secret Shadow 6804,Action,1973,7.3,249739
8531,Golden Harbor 8531,Fantasy,2000,6.2,430191
8055,Crimson Descent 8055,Thriller,1972,8.3,66753
310,Lost Chronicles 310,Horror,1991,5.5,678632
9933,Rising Empire 9933,Documentary,2011,7.7,334677
6100,Rising Reflection 6100,Comedy,2009,6.7,667214
3420,Secret Paradox 3420,Thriller,2009,8.2,622040
5752,Forgotten Kingdom 5752,Action,2004,9.2,1011997
7767,Forgotten Odyssey 7767,Action,2022,6.0,587108
2782,Lost Storm 2782,Documentary,2026,7.5,752177
1670,Lost Signal 1670,Animation,1974,6.7,413516
9409,Wild Legacy 9409,Documentary,1971,4.7,0
5586,Broken Harbor 5586,Romance,2022,7.2,41030
2939,Crimson Mirage 2939,SciFi,2020,5.9,226956
8872,Last Empire 8872,SciFi,2005,9.2,400555
9687,Eternal Paradox 9687,SciFi,1990,6.0,768049
2409,Endless Descent 2409,Romance,1972,8.6,483493
1378,Last Chronicles 1378,Comedy,2014,7.8,1228616
8955,Fallen Paradox 8955,Horror,1985,5.4,507012
5563,Hidden Empire 5563,Thriller,1986,6.6,561471
7146,Silent Verdict 7146,Animation,1989,7.2,369537
680,Wild Reflection 680,SciFi,1995,3.4,196110
6607,Burning Shadow 6607,Drama,1998,7.0,929494
1295,Forgotten Reflection 1295,Fantasy,2018,6.6,605006
2456,Crimson Frontier 2456,Action,1999,5.9,508637
798,Crimson Legacy 798,SciFi,2020,6.5,763825
5692,Dark Frontier 5692,Thriller,1986,4.9,991639
4311,Forgotten Passage 4311,Action,1973,6.5,573119
8829,Eternal Passage 8829,Horror,1979,7.1,417516
4442,Silent Empire 4442,Horror,1980,5.0,685975
2206,Golden Harbor 2206,Drama,1998,6.5,911616
8102,Lost Journey 8102,Action,1990,7.0,228444
8407,Lost Signal 8407,Drama,1984,6.8,414585
8127,Secret Journey 8127,Horror,2004,7.3,1532003
8462,Neon Reflection 8462,Thriller,2008,6.8,202212
6352,Last Horizon 6352,Comedy,2020,5.6,295729
9586,Endless Journey 9586,SciFi,1994,8.7,784852
6717,Forgotten Verdict 6717,Romance,1985,6.4,985397
788,Frozen Horizon 788,Animation,2017,7.0,686728
5585,Quiet Verdict 5585,Documentary,2004,7.4,149192
9987,Lost Kingdom 9987,Action,1975,8.8,366641
548,Neon Kingdom 548,Drama,2016,6.3,289520
8715,Silent Kingdom 8715,Action,2016,6.3,167498
6821,Dark Paradox 6821,Horror,1974,5.6,788452
832,Lost Paradox 832,Fantasy,2025,9.6,499561
584,Silent Shadow 584,Horror,2013,7.1,420435
263,Broken Harbor 263,Fantasy,1990,4.4,417818
1384,Secret Paradox 1384,Horror,2000,6.8,472928
2410,Hidden Journey 2410,Thriller,2000,10.0,323679
7368,Eternal Frontier 7368,Romance,1991,7.5,720487
8663,Fallen Requiem 8663,Romance,2006,6.8,893380
1777,Neon Frontier 1777,Romance,1992,9.0,909686
4948,Hidden Verdict 4948,Action,1985,6.3,183282
8329,Distant Reflection 8329,Action,2010,6.7,0
9010,Quiet Empire 9010,Documentary,2002,9.0,606545
8078,Crimson Passage 8078,SciFi,2008,6.8,67707
3732,Last Harbor 3732,Action,2004,7.3,470796
9936,Frozen Horizon 9936,Comedy,2004,6.5,415897
9428,Fallen Harbor 9428,Documentary,1983,7.1,575345
5421,Distant Kingdom 5421,Fantasy,1986,8.3,1058607
6581,Fallen Legacy 6581,Comedy,1986,4.5,187535
1345,Burning Storm 1345,Drama,2003,6.4,676766
1760,Silent Descent 1760,Fantasy,1976,5.5,525730
7403,Eternal Empire 7403,Horror,2015,7.4,394585
9143,Distant Echo 9143,Documentary,1987,7.9,339225
3343,Crimson Empire 3343,Drama,1987,6.9,454828
7893,Neon Harbor 7893,Fantasy,2009,7.8,522646
1555,Distant Kingdom 1555,Fantasy,1997,5.0,549159
8194,Fallen Paradox 8194,Animation,1987,7.2,387620
5371,Forgotten Verdict 5371,Drama,1985,6.2,316362
1883,Last Requiem 1883,Animation,1976,6.8,255165
9416,Neon Verdict 9416,Animation,2020,8.0,12474
9877,Eternal Chronicles 9877,Animation,2015,7.6,564667
7268,Broken Kingdom 7268,Horror,1996,8.5,475479
2526,Burning Horizon 2526,Animation,1989,7.3,701504
1514,Secret Legacy 1514,Animation,2002,8.1,728174
1950,Quiet Kingdom 1950,Action,2025,7.1,615772
657,Lost Echo 657,Comedy,1999,8.5,795966
4608,Secret Passage 4608,Documentary,1979,6.6,434266
9233,Lost Paradox 9233,Drama,2003,6.0,618374
3256,Crimson Paradox 3256,Drama,1996,6.6,595581
9760,Last Passage 9760,Action,2007,6.4,658501
7001,Rising Empire 7001,SciFi,1987,6.4,737794
2819,Dark Frontier 2819,Romance,2018,5.2,659336
8364,Eternal Shadow 8364,SciFi,1974,7.1,279127
1509,Hidden Signal 1509,Documentary,1990,4.7,441930
9567,Distant Echo 9567,Action,1982,6.7,887479
626,Fallen Empire 626,SciFi,2015,4.2,314669
5621,Neon Mirage 5621,Horror,2000,5.8,445271
4039,Golden Empire 4039,Animation,2013,6.6,458084
558,Fallen Shadow 558,Drama,1989,6.6,275416
1181,Quiet Frontier 1181,Romance,1989,4.0,0
1576,Rising Empire 1576,Romance,1974,5.7,1028211
2718,Rising Storm 2718,Drama,1972,7.8,435970
6151,Endless Journey 6151,Documentary,2022,5.9,554871
1557,Forgotten Chronicles 1557,Comedy,2006,7.7,0
5951,Distant Signal 5951,Documentary,2007,7.5,1037485
7983,Quiet Requiem 7983,Fantasy,1976,5.7,0
4284,Lost Frontier 4284,Fantasy,2019,7.8,516472
3245,Wild Harbor 3245,Horror,2007,5.0,704172
5213,Frozen Descent 5213,Action,1978,6.1,99273
8548,Fallen Reflection 8548,Action,2020,6.2,596585
5091,Crimson Echo 5091,Animation,1987,6.8,231307
9926,Frozen Shadow 9926,Documentary,1980,6.5,417044
3693,Distant Shadow 3693,Romance,1985,4.4,686514
1520,Silent Horizon 1520,Comedy,1981,6.7,734315
6112,Last Signal 6112,Action,1973,5.9,46914
6051,Secret Verdict 6051,Romance,1995,5.6,121044
4046,Dark Chronicles 4046,Comedy,1975,6.2,655466
7689,Last Chronicles 7689,Animation,2025,7.8,611342
39,Silent Storm 39,Documentary,1986,7.4,883602
2399,Frozen Verdict 2399,Documentary,1985,8.5,349895
2082,Secret Echo 2082,Fantasy,1992,8.3,761705
4380,Eternal Legacy 4380,Documentary,1972,7.3,615857
3440,Forgotten Kingdom 3440,Thriller,2003,5.6,955596
2987,Frozen Passage 2987,SciFi,2014,7.7,39500
4129,Neon Chronicles 4129,Fantasy,2002,6.3,775089
9761,Silent Requiem 9761,Action,1977,6.9,861050
8446,Distant Kingdom 8446,Thriller,1991,7.0,669688
7383,Forgotten Reflection 7383,Thriller,1989,4.6,547730
7313,Wild Empire 7313,Documentary,1982,6.2,754071
9719,Distant Horizon 9719,Fantasy,2004,5.8,1197197
4441,Lost Storm 4441,Action,1991,7.9,881241
1898,Silent Verdict 1898,Comedy,1998,6.2,494798
7932,Golden Mirage 7932,Drama,1996,9.1,497217
6187,Frozen Kingdom 6187,Action,2007,6.6,91579
9466,Forgotten Signal 9466,Fantasy,1994,7.2,578172
6099,Broken Echo 6099,Fantasy,1971,6.9,346109
2326,Crimson Odyssey 2326,Action,1994,9.5,591901
7956,Eternal Requiem 7956,Fantasy,1974,7.6,1049608
4963,Lost Empire 4963,Romance,2005,5.9,354387
9489,Broken Mirage 9489,Fantasy,1977,7.2,733335
1138,Endless Horizon 1138,Thriller,1983,6.2,709784
9753,Endless Chronicles 9753,SciFi,2024,6.6,428077
5584,Hidden Mirage 5584,Animation,2013,5.4,611319
4418,Eternal Storm 4418,Romance,2000,8.7,816432
7847,Secret Storm 7847,Action,1983,5.4,12972
2698,Crimson Verdict 2698,Horror,1993,5.6,395486
6390,Eternal Odyssey 6390,Horror,2010,7.9,144961
9115,Golden Passage 9115,Documentary,1971,8.0,163147
2053,Frozen Mirage 2053,Drama,2020,6.9,587828
7134,Lost Legacy 7134,Documentary,2005,6.0,122922
7944,Quiet Storm 7944,Documentary,1976,6.8,294124
5658,Fallen Mirage 5658,Romance,2007,6.3,257197
8459,Rising Descent 8459,Horror,2020,7.5,923106
664,Quiet Legacy 664,Drama,1997,6.2,763338
7193,Lost Echo 7193,Animation,1995,6.0,300051
1822,Silent Signal 1822,Animation,1989,6.8,506252
1131,Forgotten Mirage 1131,Thriller,2006,7.3,744224
73,Crimson Shadow 73,Fantasy,2024,7.0,731602
9511,Endless Storm 9511,Comedy,2004,5.3,209017
7156,Neon Mirage 7156,Drama,2023,8.4,67519
7848,Secret Signal 7848,SciFi,1978,4.2,334887
75,Crimson Mirage 75,Drama,1972,5.9,462732
8808,Eternal Echo 8808,Comedy,2021,6.6,231038
7738,Secret Verdict 7738,Documentary,2025,7.9,426693
3842,Burning Shadow 3842,Fantasy,1970,7.7,344765
2066,Rising Journey 2066,Fantasy,2023,5.9,576662
4811,Burning Paradox 4811,Romance,1996,7.3,334249
2968,Last Frontier 2968,Animation,2009,6.2,152093
9876,Frozen Horizon 9876,Thriller,1986,7.8,371823
2753,Hidden Chronicles 2753,Drama,2001,6.8,727656
851,Crimson Requiem 851,Drama,1978,7.4,498452
7272,Distant Signal 7272,Thriller,1984,6.3,533276
9350,Quiet Chronicles 9350,Documentary,2019,8.0,450136
611,Quiet Descent 611,Romance,1999,6.9,497701
2120,Wild Legacy 2120,Romance,2026,6.3,312233
6209,Crimson Chronicles 6209,Fantasy,1988,7.5,552606
8996,Last Passage 8996,Animation,1989,7.4,265326
9974,Last Passage 9974,Horror,2000,6.8,232876
6524,Burning Passage 6524,SciFi,2002,8.2,362092
7603,Endless Echo 7603,Comedy,1980,7.7,351572
6165,Broken Odyssey 6165,Animation,2014,7.6,343824
8905,Quiet Journey 8905,Action,1985,5.3,150490
1564,Quiet Shadow 1564,Action,1992,7.4,574159
7615,Rising Journey 7615,SciFi,2005,5.8,58816
1453,Frozen Shadow 1453,Comedy,1976,8.0,730926
8770,Golden Legacy 8770,Fantasy,2003,6.9,521421
183,Rising Frontier 183,Comedy,1996,7.8,678982
4844,Silent Verdict 4844,SciFi,2004,7.1,507313
3752,Hidden Verdict 3752,SciFi,2017,9.1,946974
2189,Wild Kingdom 2189,Drama,1999,6.6,288211
2665,Quiet Descent 2665,Drama,2013,7.3,893060
2829,Hidden Horizon 2829,Animation,2024,6.3,91834
5944,Crimson Frontier 5944,Documentary,1987,5.5,288463
8335,Burning Reflection 8335,SciFi,1990,5.9,804365
506,Crimson Odyssey 506,Action,1972,8.5,837291
7571,Hidden Legacy 7571,Action,2012,6.7,1108461
9766,Fallen Descent 9766,Horror,2023,8.0,715755
70,Golden Requiem 70,SciFi,1995,8.4,1042801
7831,Hidden Passage 7831,Documentary,1974,5.4,126637
6340,Endless Storm 6340,Action,1993,8.4,0
5922,Hidden Harbor 5922,Documentary,1971,8.3,678781
172,Crimson Reflection 172,Documentary,1985,7.1,702176
5122,Frozen Frontier 5122,Drama,1989,8.2,239118
6776,Distant Storm 6776,Horror,2002,9.2,543295
7585,Fallen Empire 7585,Horror,1978,6.5,666542
4446,Forgotten Verdict 4446,Documentary,1993,5.7,920356
9886,Silent Paradox 9886,Animation,1997,6.7,290895
97,Rising Odyssey 97,Documentary,1986,8.9,511167
1939,Dark Legacy 1939,Comedy,1987,7.2,425548
7567,Frozen Storm 7567,SciFi,2022,8.1,1046347
4352,Secret Horizon 4352,Documentary,1987,5.9,786896
9462,Fallen Signal 9462,Fantasy,1970,6.8,387943
9093,Secret Journey 9093,SciFi,1995,7.3,147837
8704,Wild Horizon 8704,Drama,1993,6.0,160656
1460,Silent Descent 1460,Drama,1974,7.4,637516
2243,Crimson Storm 2243,Romance,2021,6.4,348220
7541,Dark Odyssey 7541,Action,2013,6.7,664025
2831,Golden Signal 2831,Romance,1977,9.1,579259
5329,Dark Storm 5329,Horror,1974,7.5,629670
5316,Golden Passage 5316,SciFi,2011,7.8,464252
3737,Wild Empire 3737,Animation,1971,7.6,485919
2516,Forgotten Frontier 2516,SciFi,2011,4.4,940794
6087,Endless Storm 6087,Comedy,2018,8.2,879009
7442,Endless Frontier 7442,Comedy,1973,5.9,64619
4146,Silent Descent 4146,Fantasy,1970,7.3,551424
3536,Neon Mirage 3536,SciFi,1992,5.8,370435
9040,Frozen Empire 9040,Fantasy,1991,5.6,975941
3242,Eternal Chronicles 3242,Thriller,1972,6.2,633180
9002,Dark Empire 9002,Documentary,1971,4.9,44201
4168,Forgotten Reflection 4168,Fantasy,1974,5.4,433152
5113,Endless Verdict 5113,SciFi,1997,6.2,680912
9676,Neon Storm 9676,Fantasy,2008,7.9,769906
205,Broken Kingdom 205,Drama,1975,7.7,377648
6729,Golden Harbor 6729,SciFi,2009,7.0,208237
6578,Frozen Passage 6578,Horror,2024,7.9,697826
3366,Wild Shadow 3366,Fantasy,1988,6.3,773962
147,Eternal Passage 147,Thriller,1986,6.9,249737
3480,Neon Descent 3480,Thriller,1979,7.2,372158
4054,Frozen Empire 4054,Thriller,1972,5.9,261068
9857,Dark Passage 9857,Documentary,1986,6.7,857726
3617,Eternal Paradox 3617,Horror,1998,5.2,1255949
1891,Wild Mirage 1891,Romance,1972,8.6,564984
4076,Distant Legacy 4076,Animation,2000,6.7,444119
9481,Hidden Horizon 9481,Romance,1998,9.0,270264
787,Rising Shadow 787,Action,2012,5.8,429885
749,Broken Kingdom 749,Animation,2022,5.4,569777
7057,Burning Paradox 7057,SciFi,1977,6.6,126973
3353,Rising Requiem 3353,Romance,1995,5.8,0
2072,Neon Horizon 2072,Animation,2000,7.3,1060034
7652,Dark Storm 7652,Documentary,2000,8.2,370009
7023,Fallen Verdict 7023,Animation,1983,7.8,49380
4836,Golden Passage 4836,Animation,1999,8.5,1161565
5631,Burning Mirage 5631,Animation,2010,6.9,696401
9361,Rising Harbor 9361,Fantasy,1971,8.6,787499
6174,Endless Horizon 6174,Animation,1971,6.8,284256
3724,Frozen Horizon 3724,Horror,1988,7.6,227515
2465,Hidden Horizon 2465,SciFi,1972,5.9,1009321
5056,Quiet Kingdom 5056,Horror,1990,6.7,296727
4662,Distant Empire 4662,Action,1976,4.4,684904
591,Lost Paradox 591,Action,2026,7.3,0
6178,Lost Horizon 6178,SciFi,1999,9.0,1160632
8517,Forgotten Frontier 8517,Comedy,2016,6.8,567524
652,Fallen Mirage 652,Documentary,1995,8.0,370468
9530,Rising Echo 9530,Thriller,1972,6.4,293754
340,Broken Chronicles 340,Drama,2021,9.7,0
5258,Lost Echo 5258,Animation,1985,8.5,771414
2445,Quiet Storm 2445,Comedy,1989,6.5,1119000
2842,Distant Verdict 2842,Thriller,2013,5.7,368731
8277,Quiet Storm 8277,Animation,2007,8.3,0
3918,Crimson Storm 3918,Animation,1981,7.2,851148
3443,Quiet Empire 3443,Horror,2026,5.9,349775
2136,Silent Storm 2136,Comedy,2017,5.9,1059298
8873,Last Empire 8873,Romance,1989,8.3,413953
8551,Quiet Descent 8551,Thriller,1994,7.2,56546
8725,Lost Frontier 8725,Documentary,1983,8.1,508808
6528,Hidden Chronicles 6528,Animation,2024,6.8,987757
8372,Forgotten Mirage 8372,Romance,1976,7.6,823027
8760,Distant Empire 8760,SciFi,1999,6.6,86692
7467,Forgotten Descent 7467,Fantasy,1990,7.8,599481
8057,Golden Reflection 8057,Comedy,1991,5.8,598696
976,Broken Passage 976,Animation,2009,6.7,428930
6727,Distant Signal 6727,Documentary,1976,7.0,291898
3523,Quiet Chronicles 3523,Action,2015,6.8,196674
1934,Lost Mirage 1934,Action,1979,7.8,517747
5035,Neon Chronicles 5035,Action,1986,6.5,415172
8109,Dark Echo 8109,Fantasy,1995,8.0,210517
9738,Neon Harbor 9738,Horror,2000,6.0,416803
3465,Lost Descent 3465,Action,1975,5.1,681701
1941,Distant Kingdom 1941,Romance,1982,10.0,931391
1309,Silent Requiem 1309,Horror,2014,10.0,867334
2365,Hidden Echo 2365,Thriller,1990,3.2,461112
1707,Silent Descent 1707,Thriller,1973,8.9,793481
1736,Last Paradox 1736,Documentary,2015,3.5,1345324
5882,Wild Horizon 5882,Thriller,1970,7.5,49895
7966,Frozen Requiem 7966,Fantasy,2022,6.1,177650
6012,Dark Echo 6012,Drama,1971,4.0,365994
5034,Hidden Chronicles 5034,Horror,1976,7.5,249593
6295,Burning Echo 6295,Animation,2024,8.8,435962
3789,Dark Paradox 3789,Romance,1977,5.2,268864
8214,Dark Empire 8214,Documentary,2006,7.2,439196
7916,Frozen Mirage 7916,Comedy,1997,6.9,375632
9053,Forgotten Echo 9053,Romance,1987,7.6,360325
2347,Burning Paradox 2347,SciFi,1988,7.8,316678
7468,Secret Chronicles 7468,SciFi,1978,8.2,865755
8992,Golden Descent 8992,Documentary,1984,7.5,460619
2596,Silent Passage 2596,Romance,2006,7.7,406187
3059,Frozen Chronicles 3059,Thriller,1999,6.6,795004
8537,Last Odyssey 8537,Fantasy,2007,7.8,540139
5367,Golden Requiem 5367,Thriller,2013,8.0,512394
8037,Frozen Frontier 8037,Thriller,1987,4.0,23395
7032,Hidden Harbor 7032,Drama,2002,6.9,779762
6712,Broken Horizon 6712,Drama,2000,4.9,319387
5917,Endless Harbor 5917,Thriller,1992,5.2,655408
3459,Endless Journey 3459,Documentary,2007,8.8,230483
2381,Last Horizon 2381,Documentary,1993,5.1,17597
7399,Secret Requiem 7399,Fantasy,1971,10.0,241759
2859,Wild Journey 2859,SciFi,2019,6.5,951778
5362,Distant Signal 5362,Animation,1988,5.3,765929
9944,Quiet Mirage 9944,Thriller,2003,7.7,406691
2128,Hidden Paradox 2128,Comedy,2017,6.7,228921
5704,Burning Horizon 5704,SciFi,2011,6.2,558485
8782,Rising Descent 8782,Action,2000,4.9,123769
8988,Crimson Journey 8988,Documentary,2010,5.2,1141421
3301,Quiet Signal 3301,Drama,1976,7.2,666127
4522,Silent Mirage 4522,Action,1972,6.1,255262
3916,Forgotten Signal 3916,Comedy,1992,7.1,1024904
4791,Burning Shadow 4791,Comedy,2003,6.7,0
682,Broken Frontier 682,Fantasy,1983,6.5,299226
1947,Dark Storm 1947,Documentary,2001,4.6,707127
8149,Endless Harbor 8149,Drama,2016,6.9,437469
5762,Burning Mirage 5762,Animation,2007,4.2,251004
2727,Quiet Journey 2727,Drama,2012,7.2,412920
1272,Rising Verdict 1272,Romance,2001,7.3,1007284
4667,Distant Mirage 4667,Drama,2012,3.4,971361
3625,Last Frontier 3625,SciFi,1974,6.4,639768
8292,Frozen Horizon 8292,Comedy,2014,5.2,0
5398,Silent Descent 5398,Drama,2020,5.9,176284
3094,Neon Empire 3094,Action,2002,5.7,608917
4406,Golden Journey 4406,Horror,1994,6.8,911655
1885,Forgotten Shadow 1885,Drama,2008,7.9,594681
4424,Dark Passage 4424,Action,2013,6.6,1312726
6810,Neon Shadow 6810,Comedy,2023,7.0,0
8791,Last Chronicles 8791,Animation,2005,6.7,768914
3822,Frozen Signal 3822,Drama,1996,4.9,182148
2357,Rising Kingdom 2357,SciFi,2014,7.6,471442
80,Hidden Requiem 80,Documentary,2004,7.4,241571
3259,Eternal Signal 3259,Animation,2013,4.6,1149332
7,Forgotten Descent 7,Drama,1976,5.3,289951
8412,Burning Passage 8412,Animation,1985,5.7,941223
4556,Eternal Odyssey 4556,Drama,2006,8.0,289192
6431,Crimson Empire 6431,Thriller,2011,8.7,337723
2085,Neon Horizon 2085,Horror,2020,6.2,893342
1061,Quiet Harbor 1061,SciFi,1999,5.5,888611
4552,Silent Empire 4552,Horror,2012,8.0,593838
6422,Dark Echo 6422,Action,1990,6.5,406473
5048,Golden Verdict 5048,Documentary,1994,7.0,352341
6773,Burning Echo 6773,Documentary,1983,6.1,193681
656,Forgotten Reflection 656,Animation,2023,7.9,937329
283,Secret Signal 283,Horror,2017,7.6,433840
7029,Neon Kingdom 7029,Romance,1973,6.4,1079821
4426,Silent Descent 4426,Fantasy,2014,5.2,562378
7270,Lost Reflection 7270,SciFi,1994,7.1,763608
2592,Eternal Storm 2592,Documentary,2015,4.4,960796
5973,Wild Echo 5973,Drama,2011,6.4,871094
4921,Distant Passage 4921,Drama,1977,5.4,785615
9155,Endless Frontier 9155,Horror,2019,7.7,542850
9679,Silent Verdict 9679,Animation,1994,7.3,520173
6538,Hidden Kingdom 6538,Romance,2009,6.1,607831
352,Lost Paradox 352,Documentary,2007,5.9,404276
5677,Frozen Echo 5677,Comedy,1985,6.6,232246
5820,Frozen Paradox 5820,Comedy,1980,4.9,473110
8731,Burning Mirage 8731,Horror,1972,6.7,331151
6840,Frozen Signal 6840,Drama,2021,7.3,681386
6419,Hidden Legacy 6419,Documentary,2009,7.9,679489
5485,Lost Storm 5485,Action,2015,8.9,798748
2901,Distant Verdict 2901,Fantasy,2000,5.1,542928
1177,Wild Descent 1177,SciFi,1995,6.1,245698
8043,Rising Reflection 8043,Thriller,2003,7.2,556829
1613,Broken Reflection 1613,Documentary,1975,7.1,799593
648,Quiet Frontier 648,Fantasy,1979,5.4,903012
6398,Rising Descent 6398,Romance,1975,6.0,462922
5504,Quiet Paradox 5504,Action,1996,7.2,711494
6560,Distant Kingdom 6560,Horror,2012,6.8,404543
8698,Forgotten Descent 8698,Romance,2000,7.9,231535
6803,Quiet Kingdom 6803,Action,1971,7.2,499030
2324,Quiet Odyssey 2324,Drama,1984,7.8,963520
3971,Broken Empire 3971,Drama,2005,6.0,0
7380,Distant Horizon 7380,SciFi,2011,6.8,388911
7225,Forgotten Reflection 7225,Thriller,1978,9.1,781032
7952,Silent Harbor 7952,Comedy,2015,7.1,642930
7990,Crimson Chronicles 7990,Comedy,2026,6.6,119898
7348,Endless Odyssey 7348,Thriller,1995,10.0,482796
1007,Fallen Signal 1007,Drama,1991,7.7,311511
1970,Frozen Storm 1970,Horror,2008,6.1,330778
2345,Distant Horizon 2345,SciFi,2011,6.1,1090265
2689,Forgotten Verdict 2689,Animation,1976,5.1,226613
4862,Silent Reflection 4862,Horror,1978,4.1,151017
5849,Hidden Kingdom 5849,SciFi,1975,7.2,379138
1199,Distant Passage 1199,Documentary,2020,9.0,664825
2606,Burning Shadow 2606,Documentary,1973,4.5,922893
5388,Last Odyssey 5388,SciFi,2021,5.9,0
1090,Neon Mirage 1090,Animation,2006,6.5,1002174
4802,Forgotten Descent 4802,Drama,1985,8.1,672891
6267,Wild Kingdom 6267,Comedy,1982,8.0,156652
9868,Neon Echo 9868,Horror,2003,8.0,588542
1367,Frozen Empire 1367,Drama,1989,5.7,751004
7017,Hidden Passage 7017,SciFi,1976,8.2,275198
1917,Wild Mirage 1917,Action,1993,6.3,188847
3316,Rising Harbor 3316,Comedy,1986,8.9,708775
2822,Rising Frontier 2822,Documentary,2020,6.0,0
1220,Golden Passage 1220,Drama,2024,4.9,313972
2867,Wild Horizon 2867,Fantasy,2011,6.5,690132
9441,Secret Reflection 9441,Comedy,2014,7.4,224530
6597,Lost Chronicles 6597,Horror,2023,6.5,59441
6293,Lost Empire 6293,SciFi,1980,7.0,577387
740,Burning Verdict 740,Thriller,2006,6.5,0
8601,Crimson Shadow 8601,Fantasy,2004,5.8,991705
3654,Eternal Chronicles 3654,Thriller,2026,9.5,261610
7707,Endless Odyssey 7707,Romance,1993,5.0,396772
6848,Broken Mirage 6848,Fantasy,1975,7.0,530857
8809,Frozen Horizon 8809,Action,1982,6.1,102654
8374,Dark Harbor 8374,Horror,1993,9.2,607930
8881,Endless Mirage 8881,Action,1979,7.7,0
566,Fallen Signal 566,Drama,1970,7.4,844531
5229,Secret Chronicles 5229,Thriller,1999,5.8,285174
6407,Fallen Kingdom 6407,SciFi,2014,5.8,0
5094,Broken Paradox 5094,Romance,1974,7.2,124488
9334,Silent Verdict 9334,Action,1980,4.9,0
5451,Distant Chronicles 5451,Comedy,1977,6.0,173015
1278,Lost Paradox 1278,Drama,1981,6.0,626611
1117,Neon Harbor 1117,Horror,1983,7.6,796560
6286,Crimson Paradox 6286,Thriller,2000,4.8,1102870
5538,Endless Reflection 5538,Documentary,2026,6.0,414362
4114,Hidden Frontier 4114,Thriller,2025,7.4,788476
9742,Endless Empire 9742,Drama,1987,6.9,605991
9896,Quiet Journey 9896,Action,1995,7.2,406827
9478,Eternal Requiem 9478,Horror,1970,9.0,0
7579,Quiet Requiem 7579,Fantasy,1994,6.3,324370
8924,Secret Echo 8924,Drama,2001,7.8,193323
9675,Rising Horizon 9675,Animation,1973,6.4,135576
5077,Eternal Echo 5077,Animation,2026,7.2,303221
6533,Dark Empire 6533,Action,1982,4.9,529865
8202,Dark Horizon 8202,Comedy,2004,6.9,441891
3769,Eternal Echo 3769,Horror,2026,6.4,111343
5920,Crimson Paradox 5920,Romance,2022,5.4,950540
5333,Crimson Descent 5333,Thriller,1977,6.0,391581
7002,Secret Mirage 7002,SciFi,2014,6.2,589535
2348,Quiet Verdict 2348,Fantasy,2013,5.4,406647
5315,Frozen Paradox 5315,Fantasy,1985,5.8,910458
6765,Forgotten Descent 6765,Comedy,1974,6.7,727900
7760,Forgotten Paradox 7760,Drama,1971,7.6,450606
1484,Wild Echo 1484,Action,2011,5.3,568991
6527,Last Horizon 6527,Fantasy,1993,10.0,258036
8485,Forgotten Horizon 8485,Thriller,2015,7.3,529759
2634,Burning Chronicles 2634,Thriller,1973,6.2,0
7635,Rising Harbor 7635,Comedy,1980,7.0,308763
8675,Eternal Harbor 8675,Horror,2020,6.7,486529
1674,Golden Storm 1674,Drama,1992,6.8,0
8738,Hidden Reflection 8738,Horror,2024,6.5,255340
3530,Rising Paradox 3530,Comedy,1972,5.6,1177282
2781,Golden Legacy 2781,Documentary,2005,7.5,907620
8757,Lost Signal 8757,Romance,2004,9.0,935410
6755,Lost Echo 6755,SciFi,2010,5.2,225519
9881,Eternal Odyssey 9881,Fantasy,2010,7.2,876257
9141,Distant Horizon 9141,Comedy,1972,4.2,219383
346,Frozen Paradox 346,Animation,1986,7.9,259156
1242,Crimson Verdict 1242,Comedy,1984,4.7,493610
1113,Golden Verdict 1113,Animation,1999,5.2,880286
8875,Golden Kingdom 8875,Documentary,1984,7.3,428955
4210,Lost Passage 4210,Fantasy,2008,7.7,731766
7555,Frozen Odyssey 7555,Thriller,1972,8.7,723309
7613,Secret Signal 7613,Comedy,1981,9.7,0
9830,Quiet Requiem 9830,Comedy,1994,5.9,516425
6443,Endless Passage 6443,SciFi,2019,7.4,650696
6864,Burning Harbor 6864,Animation,1986,5.7,414548
2884,Wild Chronicles 2884,Fantasy,1972,6.1,239750
3043,Wild Kingdom 3043,SciFi,2005,8.5,876652
6582,Crimson Passage 6582,Comedy,2025,6.3,428871
6327,Rising Kingdom 6327,Comedy,2012,7.9,745940
4598,Wild Horizon 4598,Horror,2018,5.7,970482
5863,Wild Shadow 5863,SciFi,1988,5.6,246125
4567,Golden Reflection 4567,Animation,2020,5.0,559401
8379,Burning Descent 8379,SciFi,1987,6.5,683864
8276,Golden Requiem 8276,Documentary,2011,6.4,638341
903,Secret Journey 903,Comedy,1990,7.6,816934
3415,Distant Chronicles 3415,Comedy,2003,8.0,185753
6593,Lost Harbor 6593,SciFi,2025,6.2,796921
9328,Eternal Horizon 9328,Animation,2019,7.5,414019
4643,Eternal Paradox 4643,SciFi,2019,7.8,666961
8876,Forgotten Passage 8876,Romance,1999,6.5,72883
2349,Dark Mirage 2349,SciFi,1985,6.4,317912
7742,Last Kingdom 7742,SciFi,1983,9.9,451134
8164,Broken Harbor 8164,Drama,1995,8.2,308080
8115,Neon Echo 8115,Horror,1987,7.3,508608
2806,Neon Frontier 2806,SciFi,1979,4.9,194916
1438,Distant Echo 1438,Action,1972,6.7,456881
3436,Broken Verdict 3436,Action,2017,6.7,314826
5202,Dark Harbor 5202,Fantasy,1995,7.3,243054
3356,Distant Harbor 3356,Horror,1975,6.3,27474
1151,Secret Requiem 1151,Comedy,1977,5.8,463857
5942,Dark Mirage 5942,Documentary,2021,8.0,740983
2271,Crimson Chronicles 2271,Documentary,2002,4.6,676482
6210,Lost Reflection 6210,Thriller,2015,6.1,612660
2452,Quiet Mirage 2452,Documentary,1994,6.2,1237846
3792,Rising Echo 3792,Animation,1980,5.2,378298
5508,Distant Mirage 5508,Romance,2014,5.2,756200
2292,Frozen Passage 2292,Action,1977,6.8,474524
8976,Dark Requiem 8976,Thriller,2006,7.7,84765
4962,Dark Frontier 4962,Drama,1983,8.0,901445
2962,Fallen Frontier 2962,Romance,1981,7.2,627241
6906,Burning Kingdom 6906,Drama,2024,6.4,451267
2576,Eternal Kingdom 2576,Fantasy,2012,9.3,305671
1784,Lost Horizon 1784,Drama,2013,6.7,671655
3307,Golden Reflection 3307,Thriller,2017,7.4,155172
6404,Broken Chronicles 6404,Fantasy,1989,6.9,728147
3400,Quiet Kingdom 3400,SciFi,1972,6.5,560878
3104,Dark Paradox 3104,Horror,2013,6.4,830747
1528,Fallen Frontier 1528,Action,2015,8.2,990360
5038,Golden Echo 5038,Animation,1996,5.1,521560
8187,Forgotten Storm 8187,SciFi,1986,7.3,780021
7163,Silent Reflection 7163,Comedy,2017,7.9,757162
5470,Burning Odyssey 5470,Romance,1978,6.3,734666
995,Rising Legacy 995,Romance,2010,8.2,23458
5940,Distant Frontier 5940,SciFi,2007,6.7,580394
5665,Endless Harbor 5665,Thriller,1979,5.8,341529
9759,Distant Reflection 9759,Animation,2015,8.7,1036014
2428,Secret Verdict 2428,Romance,2001,6.6,169173
9229,Golden Chronicles 9229,Horror,2014,6.7,355562
7267,Hidden Legacy 7267,Fantasy,1990,3.4,323349
2984,Crimson Kingdom 2984,Drama,1981,7.0,1019675
6625,Distant Shadow 6625,SciFi,1984,6.5,1128514
9420,Last Legacy 9420,Animation,1975,6.6,27912
4532,Rising Harbor 4532,Documentary,1983,6.2,878289
6609,Endless Verdict 6609,Documentary,2018,8.9,695776
2157,Crimson Harbor 2157,Comedy,1990,7.0,366489
4661,Quiet Reflection 4661,Action,1991,5.5,543414
4721,Neon Storm 4721,Horror,2019,6.1,291522
9135,Silent Storm 9135,SciFi,2008,6.7,329357
4329,Quiet Descent 4329,Fantasy,1994,7.5,883136
1150,Forgotten Horizon 1150,Romance,2015,7.3,771857
2362,Dark Signal 2362,Documentary,2011,8.0,66168
8354,Neon Passage 8354,Drama,2017,6.3,640368
7993,Rising Storm 7993,Action,1978,6.9,373195
4786,Broken Mirage 4786,Animation,2019,6.2,733552
1651,Eternal Chronicles 1651,Action,1979,5.8,222462
9623,Burning Harbor 9623,Action,1977,6.4,723101
966,Golden Legacy 966,SciFi,1984,7.0,815410
9856,Burning Frontier 9856,Documentary,2001,7.5,594430
3969,Fallen Odyssey 3969,Romance,1972,7.2,476422
3175,Crimson Signal 3175,Drama,1983,6.1,689192
2628,Silent Shadow 2628,Documentary,1984,7.6,949480
4165,Lost Paradox 4165,Horror,2022,5.8,658044
5923,Eternal Legacy 5923,Drama,2016,5.6,1161723
1448,Silent Shadow 1448,Drama,2018,6.9,684552
3178,Eternal Reflection 3178,Documentary,2020,6.9,774681
3890,Burning Empire 3890,Horror,1976,8.9,451544
7656,Lost Odyssey 7656,Action,1979,7.3,929517
1824,Silent Signal 1824,Documentary,2021,8.7,807232
2908,Golden Requiem 2908,Action,1990,8.7,389416
7553,Forgotten Empire 7553,Action,1974,4.8,389260
1389,Endless Verdict 1389,Romance,2006,8.5,484025
7684,Forgotten Chronicles 7684,Horror,2010,4.8,485014
9521,Secret Passage 9521,Documentary,1978,8.6,671578
9210,Neon Empire 9210,Horror,2010,7.2,1091388
4279,Fallen Chronicles 4279,Thriller,2010,6.5,246038
8822,Lost Odyssey 8822,Thriller,2021,7.2,468513
8712,Broken Frontier 8712,Horror,1970,6.7,354629
5932,Fallen Horizon 5932,Horror,1972,6.8,283157
3957,Neon Empire 3957,Documentary,2007,5.1,248614
1605,Broken Odyssey 1605,Thriller,2010,7.7,774033
7118,Crimson Kingdom 7118,Romance,2004,7.7,612601
3896,Silent Harbor 3896,Thriller,2007,6.6,0
1967,Broken Verdict 1967,Romance,1970,8.3,250302
8626,Wild Chronicles 8626,Thriller,1974,9.3,736595
1323,Fallen Kingdom 1323,Drama,1991,5.7,640944
3754,Crimson Chronicles 3754,Horror,1972,7.8,812791
2031,Neon Legacy 2031,Romance,2014,6.5,519446
1907,Broken Paradox 1907,Documentary,2003,5.5,473450
2328,Crimson Empire 2328,Fantasy,1987,6.9,993488
1911,Distant Harbor 1911,Animation,2018,6.0,470465
1410,Eternal Descent 1410,Animation,2011,5.2,603593
993,Quiet Signal 993,Horror,2013,8.1,395108
1778,Last Descent 1778,Action,2012,6.4,153018
9958,Dark Echo 9958,Documentary,1979,7.5,609839
455,Last Odyssey 455,Horror,2013,6.6,291911
8572,Rising Empire 8572,Thriller,1971,7.4,0
4563,Neon Signal 4563,Animation,2016,8.0,679017
2049,Wild Horizon 2049,Fantasy,1997,5.9,291142
5033,Distant Descent 5033,Romance,1988,7.4,100446
8271,Frozen Frontier 8271,Horror,2007,5.6,639102
8469,Wild Harbor 8469,Romance,1983,4.6,986214
5119,Frozen Journey 5119,SciFi,1977,7.3,401206
9560,Dark Mirage 9560,Action,2014,6.9,577221
4795,Lost Paradox 4795,Fantasy,1997,5.9,707464
8669,Wild Mirage 8669,Animation,2008,7.1,326671
7588,Endless Empire 7588,Fantasy,1983,7.5,697817
3872,Distant Shadow 3872,Documentary,2020,8.1,274861
5154,Dark Requiem 5154,Animation,1984,6.3,1542628
5929,Lost Horizon 5929,Animation,1989,7.5,438043
928,Eternal Reflection 928,Thriller,1993,4.1,317480
9102,Wild Requiem 9102,SciFi,1977,6.7,720915
5722,Golden Paradox 5722,Animation,2004,6.9,784328
1310,Hidden Frontier 1310,Fantasy,2023,8.2,2993
3496,Golden Frontier 3496,Animation,1980,9.9,787047
4465,Golden Shadow 4465,Thriller,2006,7.7,761340
3378,Golden Chronicles 3378,Drama,2012,7.0,605518
7959,Forgotten Passage 7959,Thriller,1970,4.9,886444
7129,Burning Storm 7129,Thriller,1994,7.0,493701
3838,Eternal Verdict 3838,Documentary,2018,7.0,633449
9848,Eternal Passage 9848,Horror,2023,7.4,436105
3246,Lost Legacy 3246,Documentary,2016,7.6,495807
5526,Crimson Shadow 5526,SciFi,1988,3.8,424365
4822,Endless Journey 4822,Romance,2009,6.8,896160
5650,Golden Passage 5650,Thriller,2010,5.9,552543
1709,Dark Empire 1709,Thriller,1985,8.9,762006
8356,Burning Paradox 8356,Comedy,1980,9.0,44836
5741,Quiet Storm 5741,Romance,2007,7.8,352116
6467,Fallen Reflection 6467,Romance,1970,5.9,489377
2056,Endless Storm 2056,Documentary,1989,8.1,561692
3723,Forgotten Reflection 3723,Action,2013,5.8,343737
1006,Crimson Paradox 1006,Romance,1976,4.9,330747
8398,Rising Mirage 8398,Drama,2017,7.5,74564
9661,Broken Horizon 9661,Romance,1995,6.0,999521
8366,Forgotten Horizon 8366,Thriller,1971,5.9,1010386
8272,Frozen Chronicles 8272,Animation,1991,7.0,511452
9410,Fallen Legacy 9410,SciFi,2023,7.3,718258
1779,Eternal Kingdom 1779,Fantasy,1992,6.9,619734
3635,Eternal Legacy 3635,SciFi,1977,6.9,310005
3716,Frozen Kingdom 3716,Documentary,2016,4.4,559662
9496,Rising Legacy 9496,Drama,2005,6.8,469832
9060,Rising Odyssey 9060,Thriller,2007,5.9,411901
4368,Burning Legacy 4368,SciFi,2015,8.6,0
8266,Frozen Legacy 8266,Animation,1973,7.4,0
3217,Fallen Chronicles 3217,Romance,1994,6.7,387894
1658,Golden Chronicles 1658,SciFi,2015,7.7,694643
4096,Last Harbor 4096,Horror,2010,6.5,468980
4967,Burning Mirage 4967,Fantasy,1995,5.4,1209650
7927,Burning Legacy 7927,SciFi,2023,8.7,764218
637,Lost Verdict 637,Animation,1972,7.7,387449
1463,Eternal Signal 1463,Drama,1996,6.7,765944
6971,Frozen Signal 6971,Drama,1994,8.3,0
8938,Secret Echo 8938,Documentary,2019,7.3,561924
5777,Silent Empire 5777,Animation,1993,4.9,248186
3513,Crimson Journey 3513,Horror,1999,5.5,576393
6025,Forgotten Kingdom 6025,Fantasy,1980,6.4,392594
7444,Silent Harbor 7444,Drama,1990,5.8,915322
7398,Secret Requiem 7398,Action,2019,8.6,571394
3456,Silent Requiem 3456,Fantasy,2005,8.1,336156
9022,Rising Signal 9022,Fantasy,2020,4.7,429498
3555,Crimson Mirage 3555,Action,1980,7.6,0
8319,Quiet Mirage 8319,Romance,2015,6.6,281538
498,Quiet Frontier 498,Comedy,2017,6.1,0
6131,Distant Storm 6131,Fantasy,1973,6.0,361986
4170,Lost Horizon 4170,Romance,2019,7.0,470624
7787,Dark Paradox 7787,Action,2003,6.7,477212
8722,Fallen Reflection 8722,Comedy,2026,8.8,1065551
3187,Dark Kingdom 3187,Animation,1988,4.8,170345
1956,Hidden Frontier 1956,SciFi,1974,7.0,704197
8910,Eternal Empire 8910,Action,2009,7.5,416961
1023,Broken Requiem 1023,Fantasy,2004,6.4,353905
5121,Broken Shadow 5121,Thriller,2005,6.7,262394
6580,Lost Requiem 6580,Documentary,2010,5.7,542500
1994,Dark Frontier 1994,Horror,2020,6.5,811473
3976,Broken Reflection 3976,Drama,1975,6.4,301518
3360,Burning Odyssey 3360,Comedy,2005,6.5,12835
7290,Hidden Harbor 7290,Drama,2001,8.0,262435
6749,Fallen Descent 6749,Romance,1977,5.8,648757
979,Rising Echo 979,Drama,2001,7.3,762864
784,Neon Echo 784,Romance,1976,3.8,453678
6572,Fallen Kingdom 6572,Horror,1988,5.5,358450
2650,Last Odyssey 2650,Horror,1975,7.4,612376
9604,Golden Mirage 9604,Animation,1986,6.6,792032
9707,Distant Empire 9707,Thriller,1974,6.6,519874
8523,Distant Paradox 8523,Romance,1984,6.6,461819
7730,Quiet Mirage 7730,Animation,2002,4.5,1286961
1413,Rising Storm 1413,Animation,1991,8.7,443214
5597,Frozen Storm 5597,Horror,1982,7.5,618923
4255,Eternal Verdict 4255,Romance,2001,7.4,352582
5401,Neon Signal 5401,Comedy,1991,6.4,228410
3717,Golden Shadow 3717,Romance,2018,8.2,752202
628,Endless Shadow 628,Thriller,1978,4.9,746979
8775,Golden Empire 8775,SciFi,2012,6.3,172109
7372,Golden Chronicles 7372,Documentary,2020,7.1,181420
4333,Dark Odyssey 4333,Animation,2004,7.1,862315
2776,Burning Signal 2776,SciFi,1999,7.0,557265
2647,Distant Mirage 2647,Horror,2018,7.1,182789
6048,Hidden Odyssey 6048,Action,1998,7.0,221866
1864,Forgotten Echo 1864,Documentary,2007,8.5,647582
9718,Quiet Verdict 9718,Animation,1973,7.8,400258
7540,Lost Horizon 7540,Thriller,1996,5.7,561567
5494,Quiet Frontier 5494,Drama,2015,6.8,596832
9555,Silent Storm 9555,Fantasy,2013,6.3,715176
7194,Secret Empire 7194,Fantasy,1982,7.5,597447
8263,Lost Descent 8263,Comedy,1977,7.9,900938
7814,Lost Legacy 7814,Documentary,2008,9.1,849475
2425,Quiet Shadow 2425,SciFi,1986,6.9,435545
2850,Neon Kingdom 2850,Romance,2014,6.7,243353
6960,Lost Odyssey 6960,Documentary,2009,9.1,583492
9916,Secret Odyssey 9916,Drama,1999,3.8,425393
9437,Rising Reflection 9437,Romance,2007,6.2,1161543
4222,Secret Frontier 4222,Drama,2004,6.7,836181
7960,Crimson Shadow 7960,Documentary,1983,6.7,814800
4519,Neon Horizon 4519,SciFi,2023,7.6,276150
9610,Eternal Mirage 9610,Action,1998,8.5,630916
9953,Lost Journey 9953,Horror,2001,8.5,1346014
9387,Neon Mirage 9387,Fantasy,1984,6.2,533877
5697,Distant Horizon 5697,Horror,1974,8.8,221829
3902,Burning Chronicles 3902,SciFi,1983,5.5,571545
9966,Last Horizon 9966,Documentary,1987,6.5,0
326,Silent Journey 326,Comedy,1983,7.2,384772
2944,Lost Horizon 2944,Action,2012,5.2,235091
6956,Fallen Odyssey 6956,Fantasy,1990,7.6,486861
7529,Crimson Empire 7529,Thriller,1998,5.5,600958
5613,Quiet Empire 5613,Action,2005,8.6,625469
7714,Quiet Chronicles 7714,Drama,2008,6.5,225421
6058,Forgotten Signal 6058,Horror,1990,8.0,786782
7548,Fallen Kingdom 7548,Action,1987,6.0,1003561
1582,Broken Requiem 1582,Drama,2024,7.1,439376
9911,Secret Frontier 9911,Horror,2010,10.0,675723
845,Secret Frontier 845,Thriller,2009,7.5,390791
5140,Dark Storm 5140,Horror,1976,7.1,607605
1232,Distant Journey 1232,SciFi,2019,5.9,10538
6636,Fallen Storm 6636,Action,1991,7.1,359348
8028,Dark Chronicles 8028,Comedy,2008,5.6,719298
6360,Distant Echo 6360,Horror,2009,8.7,578632
1334,Neon Legacy 1334,Comedy,2014,5.7,334348
8199,Distant Mirage 8199,Comedy,1995,7.4,201776
2008,Burning Signal 2008,Thriller,1996,5.5,676082
6744,Secret Reflection 6744,Drama,1977,5.6,287622
5307,Crimson Kingdom 5307,Romance,1981,7.4,279698
4378,Last Storm 4378,Drama,2026,8.7,487405
840,Distant Kingdom 840,Romance,2012,7.4,390962
5167,Hidden Storm 5167,SciFi,2003,6.2,615893
6021,Burning Chronicles 6021,SciFi,2006,7.1,130760
3472,Quiet Passage 3472,Comedy,2016,4.1,318064
4730,Distant Signal 4730,Comedy,1986,7.1,386909
253,Broken Descent 253,Fantasy,1983,6.3,0
9875,Frozen Reflection 9875,Action,1981,6.8,556769
3600,Lost Legacy 3600,Thriller,2017,7.7,307439
4281,Distant Shadow 4281,Romance,1996,5.9,177423
6842,Silent Paradox 6842,SciFi,2014,6.0,568913
9954,Golden Requiem 9954,Comedy,1981,5.6,704400
1892,Broken Legacy 1892,SciFi,1978,5.0,416519
7949,Burning Descent 7949,Action,2002,7.3,836093
3975,Lost Horizon 3975,Thriller,2005,6.0,619591
516,Neon Mirage 516,Comedy,2021,7.5,52863
8138,Crimson Requiem 8138,Romance,1980,7.1,871254
3604,Wild Frontier 3604,Documentary,2007,8.1,464442
879,Last Storm 879,Drama,1986,8.2,727950
1406,Crimson Signal 1406,SciFi,2004,9.7,615924
1523,Secret Kingdom 1523,Comedy,1976,7.1,930075
6510,Golden Mirage 6510,Fantasy,1973,6.3,277901
8933,Lost Odyssey 8933,Comedy,1974,7.4,51770
5,Broken Paradox 5,Fantasy,1995,7.6,565011
6385,Lost Descent 6385,SciFi,2012,7.1,925258
3189,Fallen Chronicles 3189,Drama,1989,8.1,398876
5696,Fallen Harbor 5696,Action,1983,8.0,261716
1231,Silent Journey 1231,Thriller,2019,6.8,531669
5394,Frozen Passage 5394,Animation,1997,5.7,116806
7080,Golden Shadow 7080,SciFi,1975,4.4,652919
3293,Broken Echo 3293,SciFi,1973,6.8,220730
5188,Forgotten Legacy 5188,Animation,2016,6.2,738106
9443,Dark Chronicles 9443,Romance,2007,5.2,199365
4106,Rising Passage 4106,Fantasy,1978,5.7,309254
4350,Distant Paradox 4350,Animation,1984,8.8,223004
2148,Neon Signal 2148,Drama,2007,9.4,400741
5680,Distant Chronicles 5680,Animation,1991,7.2,253953
1481,Fallen Verdict 1481,Documentary,1984,5.6,642469
5717,Distant Requiem 5717,Thriller,2001,8.4,354860
1665,Burning Reflection 1665,Romance,1999,7.7,592297
57,Secret Passage 57,Animation,1971,7.0,0
4852,Silent Shadow 4852,Drama,1988,8.1,450231
4322,Eternal Descent 4322,Drama,1977,5.5,405774
1116,Quiet Harbor 1116,Documentary,2002,6.0,782090
6938,Eternal Storm 6938,Romance,1983,5.2,214356
5827,Fallen Empire 5827,Drama,1986,7.3,555309
7636,Broken Requiem 7636,Thriller,1988,6.8,527064
3244,Fallen Signal 3244,Romance,2026,6.5,428260
8392,Golden Echo 8392,Action,1983,6.9,749431
7148,Fallen Verdict 7148,Animation,1979,7.6,224263
5592,Secret Harbor 5592,Fantasy,1997,5.2,0
3298,Burning Signal 3298,Animation,2013,5.4,544086
2283,Crimson Odyssey 2283,Action,1987,6.0,870340
3993,Wild Horizon 3993,Animation,1972,7.4,440874
1675,Distant Descent 1675,Fantasy,1973,5.9,300729
6400,Quiet Passage 6400,Horror,1986,6.8,265252
4261,Quiet Paradox 4261,Animation,1983,7.0,0
5458,Endless Requiem 5458,Romance,1988,6.5,647872
3931,Burning Kingdom 3931,Action,2011,6.8,588658
466,Quiet Legacy 466,SciFi,2008,8.1,264535
6928,Silent Frontier 6928,Comedy,1971,7.2,911994
28,Hidden Signal 28,Fantasy,1973,8.0,732750
886,Hidden Passage 886,Thriller,2018,6.7,814401
7060,Lost Descent 7060,Animation,2003,7.7,718053
3223,Frozen Verdict 3223,Documentary,1993,4.6,0
4175,Crimson Harbor 4175,Fantasy,2025,7.0,0
2397,Frozen Signal 2397,Drama,1975,7.2,851410
9999,Silent Reflection 9999,Fantasy,2004,6.0,436023
4115,Quiet Echo 4115,Animation,1998,7.5,609409
5501,Dark Horizon 5501,Comedy,2001,4.8,0
177,Lost Mirage 177,Fantasy,1982,7.8,377025
588,Forgotten Frontier 588,Thriller,2006,7.1,169425
9837,Endless Odyssey 9837,Romance,2001,8.0,765720
8403,Last Horizon 8403,Thriller,1997,8.2,0
9384,Burning Empire 9384,Horror,1970,6.0,682286
9299,Frozen Journey 9299,Fantasy,1986,7.6,487192
2700,Broken Mirage 2700,Thriller,1988,7.3,452532
6270,Neon Horizon 6270,Documentary,1995,6.2,0
3572,Burning Chronicles 3572,Drama,2013,7.4,434086
7658,Hidden Chronicles 7658,Romance,2021,8.1,0
967,Hidden Journey 967,Drama,2005,3.7,246096
942,Rising Storm 942,Thriller,2003,7.2,303823
7132,Wild Paradox 7132,Romance,2005,6.6,138994
3058,Frozen Kingdom 3058,Comedy,2014,6.8,297652
8813,Rising Kingdom 8813,Romance,1996,8.3,319006
8838,Rising Echo 8838,SciFi,2006,7.6,887697
4732,Burning Mirage 4732,Fantasy,1983,6.2,31230
4186,Eternal Verdict 4186,Thriller,2009,8.1,1075642
2708,Crimson Chronicles 2708,Drama,1999,6.1,404620
3799,Frozen Requiem 3799,Romance,2001,7.7,278113
1737,Broken Mirage 1737,Drama,1975,8.2,671781
8746,Forgotten Mirage 8746,Drama,1978,9.5,593198
769,Golden Legacy 769,Action,1977,7.2,887941
7176,Golden Odyssey 7176,Thriller,1983,5.8,923359
1666,Quiet Legacy 1666,Action,1989,7.4,0
2307,Last Legacy 2307,Drama,1971,5.3,430270
1281,Rising Signal 1281,SciFi,2012,9.7,265919
9826,Quiet Kingdom 9826,Thriller,1981,5.4,630909
9751,Secret Odyssey 9751,Animation,2005,7.7,360959
2966,Burning Descent 2966,Documentary,2016,6.8,704662
774,Hidden Journey 774,Fantasy,2026,7.4,642777
4104,Eternal Frontier 4104,Thriller,1978,8.2,1128666
2036,Crimson Reflection 2036,SciFi,1987,8.6,168534
3112,Forgotten Descent 3112,Romance,2002,6.0,611423
1722,Lost Journey 1722,Horror,1998,8.3,1164215
7629,Rising Shadow 7629,Thriller,2015,9.7,348778
7844,Hidden Kingdom 7844,Horror,2021,8.0,368059
2630,Forgotten Signal 2630,Documentary,1970,5.9,604191
7643,Neon Reflection 7643,Fantasy,1988,8.0,197265
7337,Crimson Passage 7337,Romance,1989,7.6,76205
9476,Dark Passage 9476,Horror,2017,5.9,108347
8342,Burning Storm 8342,Horror,2009,6.8,0
6224,Golden Reflection 6224,Action,2021,7.2,326896
8158,Forgotten Echo 8158,SciFi,2025,6.1,486784
1768,Eternal Shadow 1768,SciFi,2013,7.1,386352
923,Endless Kingdom 923,Thriller,2025,5.6,571802
8595,Golden Frontier 8595,Romance,2008,6.7,0
1018,Rising Empire 1018,Action,2006,7.0,680302
3351,Crimson Kingdom 3351,Comedy,2013,7.3,1046337
1858,Distant Requiem 1858,Horror,1983,9.1,832163
5317,Silent Reflection 5317,Horror,2011,8.8,329560
4952,Burning Empire 4952,Drama,2007,5.8,511552
7797,Crimson Shadow 7797,Fantasy,2014,6.7,641361
7602,Rising Passage 7602,Action,1999,5.5,106451
7992,Broken Shadow 7992,Thriller,1986,7.2,396877
8225,Silent Echo 8225,Comedy,1990,7.1,372526
9977,Eternal Harbor 9977,Animation,1998,9.5,836753
1813,Last Requiem 1813,Drama,2000,4.9,101944
3963,Crimson Paradox 3963,SciFi,2009,3.8,89921
8143,Quiet Storm 8143,SciFi,2012,3.2,196364
1734,Dark Journey 1734,SciFi,2006,5.4,440492
5981,Neon Passage 5981,Horror,2023,6.4,411392
4431,Quiet Paradox 4431,Comedy,2022,5.3,269839
9845,Last Signal 9845,Horror,1976,6.9,654464
9910,Eternal Kingdom 9910,Horror,1983,6.6,579476
2927,Neon Empire 2927,Comedy,2004,7.4,804483
5457,Hidden Paradox 5457,Horror,1985,5.6,715297
2487,Distant Reflection 2487,Drama,2017,4.7,204843
116,Crimson Journey 116,Action,2023,5.9,137586
3541,Hidden Journey 3541,Romance,1971,7.5,352836
2711,Wild Verdict 2711,Animation,2003,7.5,456362
790,Burning Journey 790,Fantasy,1975,5.7,420079
2904,Burning Chronicles 2904,Fantasy,1993,4.9,447604
8195,Broken Requiem 8195,Romance,1981,6.0,149350
8768,Dark Frontier 8768,Documentary,2024,5.5,803135
2163,Neon Empire 2163,Animation,2009,7.4,272884
5540,Frozen Kingdom 5540,Documentary,1995,4.8,520452
8131,Fallen Passage 8131,Animation,2021,8.7,598110
9453,Endless Paradox 9453,Comedy,2018,8.0,164601
9736,Secret Reflection 9736,Documentary,2024,9.4,213049
2732,Quiet Reflection 2732,Horror,1982,8.5,734013
6007,Crimson Journey 6007,Documentary,2000,6.6,709564
8498,Broken Shadow 8498,SciFi,2007,7.6,154404
6543,Broken Passage 6543,Drama,1975,6.3,553097
1171,Neon Mirage 1171,Thriller,1997,7.7,419279
9352,Golden Verdict 9352,Romance,1973,8.1,0
187,Wild Reflection 187,Horror,2016,4.4,902480
2804,Last Odyssey 2804,Thriller,1972,7.5,761719
8794,Wild Shadow 8794,Horror,2018,7.0,106260
2623,Neon Mirage 2623,Romance,1982,8.2,482085
2378,Quiet Horizon 2378,Thriller,1979,7.9,927467
3467,Crimson Journey 3467,Documentary,1970,5.4,378503
3781,Quiet Verdict 3781,SciFi,2013,6.0,966156
2092,Frozen Descent 2092,Comedy,1980,7.6,572654
8142,Last Verdict 8142,Documentary,2003,7.8,134231
38,Eternal Reflection 38,Animation,2001,6.6,557330
7812,Distant Shadow 7812,Comedy,1979,6.2,646676
7185,Fallen Paradox 7185,Thriller,2007,4.7,0
3222,Distant Horizon 3222,Horror,2005,7.7,880707
7095,Eternal Mirage 7095,Thriller,2003,6.6,589102
3406,Hidden Legacy 3406,Drama,2021,7.3,89176
420,Quiet Harbor 420,Comedy,2003,7.3,1249919
662,Lost Legacy 662,Thriller,1995,7.9,456816
9399,Hidden Legacy 9399,Thriller,1997,9.3,600184
3278,Dark Descent 3278,Horror,2012,6.7,528722
3236,Frozen Chronicles 3236,SciFi,2017,7.1,781835
3146,Eternal Paradox 3146,Documentary,1995,6.0,170810
1660,Lost Passage 1660,Horror,2021,9.5,120266
4774,Rising Legacy 4774,Drama,1989,6.9,478786
7033,Rising Descent 7033,Action,2006,6.7,0
4961,Frozen Paradox 4961,Animation,1982,5.5,676306
5867,Secret Shadow 5867,Drama,2011,6.7,0
3234,Distant Echo 3234,Animation,1980,6.8,927120
5755,Golden Echo 5755,Drama,1995,6.6,396523
5693,Hidden Kingdom 5693,Action,2001,4.8,393633
4854,Forgotten Mirage 4854,Action,2012,7.3,277233
5653,Distant Storm 5653,Romance,1995,8.7,415935
4345,Dark Signal 4345,Action,2022,5.7,253141
6715,Endless Storm 6715,Horror,1971,7.7,715911
8487,Eternal Legacy 8487,Fantasy,2006,7.2,682904
9925,Distant Legacy 9925,Romance,2000,6.7,0
60,Eternal Echo 60,SciFi,2005,7.4,374038
9204,Rising Chronicles 9204,Fantasy,1993,5.4,347896
4958,Neon Shadow 4958,Romance,1983,4.6,929409
3601,Eternal Journey 3601,Documentary,1993,8.4,233198
8489,Secret Empire 8489,Drama,1982,7.7,1127057
6395,Crimson Signal 6395,Animation,1971,4.4,356224
5095,Eternal Journey 5095,SciFi,1984,4.4,457646
2327,Rising Mirage 2327,Drama,2020,7.1,1292595
700,Frozen Signal 700,Horror,1995,7.6,430823
212,Eternal Signal 212,Romance,1972,7.2,789386
4108,Dark Passage 4108,Action,1970,7.0,128873
4820,Silent Passage 4820,Horror,2012,6.4,363930
9319,Lost Storm 9319,Fantasy,1977,6.3,819687
8696,Distant Kingdom 8696,Horror,1970,5.4,457440
6817,Hidden Journey 6817,SciFi,1985,7.8,598014
2509,Golden Echo 2509,Animation,1990,6.6,226012
607,Golden Verdict 607,Horror,2026,6.2,589345
6296,Last Mirage 6296,Thriller,1981,7.5,940174
5004,Quiet Signal 5004,Thriller,2025,9.7,627507
5939,Neon Empire 5939,Action,2003,5.2,790674
1988,Lost Passage 1988,Comedy,1982,6.2,60269
2320,Hidden Mirage 2320,Drama,1982,8.0,687155
2077,Frozen Legacy 2077,Fantasy,1996,5.9,869421
5553,Burning Harbor 5553,Animation,1985,6.2,377442
6770,Broken Signal 6770,SciFi,1971,7.0,822354
7972,Forgotten Descent 7972,Comedy,1997,8.1,584652
9402,Golden Harbor 9402,Horror,2015,6.6,655408
9981,Neon Storm 9981,Comedy,2013,8.2,543308
3736,Dark Signal 3736,Comedy,2002,6.8,89191
2880,Lost Reflection 2880,Documentary,2016,7.1,506189
8245,Rising Mirage 8245,Romance,1996,8.1,414796
5705,Distant Verdict 5705,Animation,2023,5.7,556550
1901,Forgotten Frontier 1901,Animation,1997,6.6,381724
555,Endless Echo 555,Romance,1985,8.3,0
8635,Last Legacy 8635,Animation,1997,7.3,652282
1893,Hidden Signal 1893,Drama,2025,6.2,301047
6668,Silent Storm 6668,Drama,1996,6.1,274630
6468,Quiet Requiem 6468,Animation,2017,6.9,724097
8800,Hidden Harbor 8800,Documentary,2022,5.0,0
7988,Frozen Kingdom 7988,Documentary,1986,4.9,144534
7627,Distant Odyssey 7627,SciFi,2011,4.8,453323
5894,Golden Echo 5894,SciFi,2016,6.7,558454
8729,Dark Echo 8729,Comedy,2018,4.4,641205
62,Eternal Requiem 62,Comedy,1983,5.8,40640
1160,Frozen Harbor 1160,Drama,2021,6.6,508918
7377,Golden Horizon 7377,Drama,1990,6.3,765736
9794,Eternal Requiem 9794,SciFi,2024,9.3,542658
9915,Wild Shadow 9915,SciFi,1997,5.8,362510
6746,Endless Harbor 6746,Drama,2014,5.5,713331
2686,Quiet Verdict 2686,Comedy,2012,7.5,0
7283,Crimson Mirage 7283,Drama,1970,6.4,576762
245,Broken Shadow 245,Action,1974,8.1,101435
4525,Broken Legacy 4525,Thriller,1977,6.0,678085
2029,Neon Passage 2029,Horror,1973,8.1,898452
4468,Secret Legacy 4468,Drama,2025,7.4,859333
3180,Rising Harbor 3180,Fantasy,2000,5.9,499766
3330,Eternal Empire 3330,Romance,1979,5.1,521711
2469,Rising Harbor 2469,Horror,2003,6.8,382443
5812,Neon Empire 5812,Fantasy,1977,6.7,367164
763,Wild Requiem 763,Action,2021,6.3,0
9723,Golden Harbor 9723,Documentary,1982,6.2,613884
2319,Dark Empire 2319,Drama,2003,7.1,759580
2681,Dark Chronicles 2681,Drama,1979,7.3,565129
188,Burning Empire 188,Horror,1977,7.3,223148
3539,Neon Frontier 3539,SciFi,2000,5.7,115496
5481,Lost Journey 5481,Horror,1988,6.6,459542
3404,Fallen Mirage 3404,Thriller,1982,5.3,427233
1118,Frozen Empire 1118,Animation,2018,8.3,1053503
1593,Fallen Storm 1593,Comedy,2021,8.1,655305
2183,Last Echo 2183,Romance,2020,6.4,116351
414,Wild Passage 414,Animation,1989,5.8,280308
5251,Forgotten Horizon 5251,Thriller,1971,7.1,586108
480,Burning Paradox 480,Romance,1970,8.4,829419
951,Fallen Frontier 951,Documentary,1987,6.0,535581
8764,Neon Horizon 8764,SciFi,2008,7.1,154080
6279,Golden Journey 6279,Thriller,1978,3.8,473423
666,Secret Echo 666,Comedy,1988,6.6,503597
874,Rising Storm 874,Action,1974,7.5,0
6774,Wild Requiem 6774,Horror,1999,5.5,142392
1692,Secret Reflection 1692,Fantasy,2008,4.8,524432
1440,Wild Horizon 1440,Fantasy,2014,5.3,619911
9180,Broken Odyssey 9180,Animation,2017,7.1,508807
9727,Dark Requiem 9727,Fantasy,1982,5.3,507159
5169,Lost Storm 5169,Romance,1972,5.7,80550
1823,Broken Chronicles 1823,Documentary,1988,7.9,527960
9667,Rising Chronicles 9667,Horror,1976,7.2,487403
5798,Wild Passage 5798,Action,2014,6.7,809153
5214,Neon Legacy 5214,Romance,1998,6.8,0
2977,Distant Echo 2977,Action,2013,7.4,726223
9345,Golden Journey 9345,Drama,2026,5.5,701204
3482,Last Descent 3482,Thriller,1987,5.8,724918
9459,Hidden Kingdom 9459,Action,2011,5.9,581144
3295,Golden Signal 3295,Comedy,2005,8.6,14148
2007,Golden Paradox 2007,Animation,1972,6.6,175510
1125,Burning Passage 1125,Horror,2023,5.4,0
6795,Eternal Journey 6795,Horror,2003,6.3,274665
4959,Endless Shadow 4959,Fantasy,1989,7.0,168725
3116,Secret Journey 3116,Romance,2004,6.2,676486
9894,Hidden Harbor 9894,Thriller,1990,7.5,281104
6180,Burning Harbor 6180,Fantasy,1982,3.6,534093
1521,Hidden Journey 1521,Romance,1985,5.3,343338
8677,Last Verdict 8677,Romance,1984,6.7,442530
4742,Distant Reflection 4742,SciFi,1984,6.3,485350
4018,Secret Journey 4018,Comedy,1970,8.5,142915
7109,Dark Requiem 7109,Horror,2022,6.3,862745
9276,Neon Kingdom 9276,Animation,1972,6.1,860174
7504,Burning Legacy 7504,Drama,1970,7.0,1029872
2573,Endless Chronicles 2573,Documentary,1978,7.0,744830
118,Wild Requiem 118,Action,2021,6.9,197561
9380,Distant Odyssey 9380,Animation,2024,9.2,554500
3512,Rising Signal 3512,Comedy,1973,5.4,6896
7342,Endless Shadow 7342,Thriller,1994,7.1,741677
1130,Quiet Kingdom 1130,Fantasy,1976,6.0,450415
8560,Crimson Verdict 8560,Drama,2019,4.7,393532
711,Wild Journey 711,Animation,2017,7.7,225648
3668,Distant Reflection 3668,Fantasy,2020,7.4,326644
1361,Rising Empire 1361,Action,1985,5.8,766143
1544,Last Storm 1544,Documentary,2021,5.3,735823
4715,Golden Harbor 4715,Fantasy,1993,5.4,569888
8542,Last Passage 8542,Documentary,1971,7.1,209354
5915,Hidden Storm 5915,Comedy,2004,7.0,530789
1011,Wild Frontier 1011,Thriller,2004,8.5,384646
122,Forgotten Chronicles 122,SciFi,2017,6.7,64715
4989,Fallen Empire 4989,Drama,1978,5.6,423467
6347,Secret Kingdom 6347,Drama,1990,5.8,725073
8676,Silent Requiem 8676,Comedy,2013,8.5,1004791
1578,Distant Shadow 1578,Fantasy,1981,6.0,730725
6092,Endless Reflection 6092,Documentary,2026,4.3,885594
838,Secret Horizon 838,Documentary,2013,6.7,128305
8090,Secret Odyssey 8090,SciFi,1987,7.3,501749
4306,Neon Kingdom 4306,Drama,1996,4.6,819925
5792,Lost Mirage 5792,Action,2004,6.8,487968
7593,Quiet Frontier 7593,Thriller,1983,8.0,728169
7706,Silent Storm 7706,Drama,2008,7.3,0
6486,Crimson Shadow 6486,Fantasy,2002,7.1,440020
1887,Frozen Descent 1887,Comedy,2016,4.3,711144
8500,Quiet Empire 8500,Thriller,2015,7.0,438856
5109,Eternal Kingdom 5109,Fantasy,2014,6.7,729668
8670,Dark Shadow 8670,Documentary,1988,5.2,897563
7829,Broken Legacy 7829,Romance,2004,6.2,178551
9645,Golden Descent 9645,Action,2012,8.4,495570
1072,Frozen Mirage 1072,SciFi,1971,6.2,620797
7969,Hidden Shadow 7969,Documentary,2015,5.2,0
909,Eternal Horizon 909,SciFi,2002,3.2,676122
3075,Endless Horizon 3075,Horror,2015,7.2,774120
2998,Golden Shadow 2998,Comedy,1973,5.4,193282
3486,Secret Shadow 3486,Drama,1993,8.2,649793
4030,Dark Chronicles 4030,Documentary,2013,7.6,929865
5426,Golden Passage 5426,Documentary,1988,7.6,1081540
3131,Silent Mirage 3131,Action,1995,6.5,730231
321,Forgotten Empire 321,Horror,1972,6.3,789403
950,Hidden Echo 950,SciFi,1981,4.8,784095
3950,Endless Odyssey 3950,Horror,1979,6.1,948078
8159,Silent Legacy 8159,Fantasy,1989,8.4,462829
8762,Wild Echo 8762,Drama,2024,7.4,351922
9119,Dark Harbor 9119,Documentary,1999,8.1,371000
7359,Crimson Descent 7359,SciFi,2024,5.3,610985
7362,Lost Shadow 7362,SciFi,2016,9.7,706620
4059,Rising Journey 4059,Action,2008,5.3,664198
4804,Wild Empire 4804,Thriller,1992,6.8,314239
3169,Golden Descent 3169,Drama,1995,8.0,917132
4889,Wild Requiem 4889,Documentary,1972,6.6,294496
4161,Neon Mirage 4161,Fantasy,1987,7.5,541708
6344,Eternal Requiem 6344,SciFi,2007,7.3,568928
647,Forgotten Reflection 647,Drama,1973,7.3,920589
2739,Frozen Descent 2739,Romance,1970,7.8,538489
5930,Neon Echo 5930,Fantasy,2007,4.7,33288
5180,Silent Empire 5180,SciFi,1984,6.8,123272
3318,Distant Odyssey 3318,Animation,1978,6.9,934067
9570,Neon Requiem 9570,Drama,1997,6.0,543776
324,Neon Paradox 324,Drama,2000,7.0,124461
2942,Last Requiem 2942,Animation,2014,6.9,0
1243,Dark Echo 1243,Horror,1982,8.2,479801
7902,Broken Harbor 7902,Action,1991,8.6,816724
3213,Crimson Shadow 3213,Horror,2017,7.9,733342
9770,Eternal Horizon 9770,Horror,1970,7.4,140043
8411,Forgotten Storm 8411,Thriller,2000,8.1,584774
269,Hidden Empire 269,Comedy,1982,4.2,1072934
3740,Wild Journey 3740,Romance,1973,7.2,115136
31,Wild Frontier 31,Comedy,1977,9.0,0
9052,Dark Empire 9052,Documentary,1971,8.8,210085
9359,Lost Mirage 9359,Animation,1990,6.0,891586
4285,Crimson Journey 4285,Fantasy,2021,4.0,222990
8381,Lost Reflection 8381,Animation,1972,5.9,488485
6969,Dark Odyssey 6969,Romance,2013,6.4,537835
7320,Frozen Chronicles 7320,Thriller,2018,7.8,801787
5486,Forgotten Kingdom 5486,SciFi,1998,7.8,710706
7040,Quiet Legacy 7040,Comedy,1986,7.7,97350
529,Neon Kingdom 529,Horror,1985,7.1,525612
8332,Hidden Reflection 8332,Documentary,1983,6.3,262397
5656,Wild Paradox 5656,Action,1972,6.9,633648
3113,Distant Shadow 3113,Fantasy,2011,6.6,146572
8443,Rising Signal 8443,Documentary,1990,6.2,650457
179,Silent Journey 179,Fantasy,2015,6.2,356164
8297,Last Passage 8297,Documentary,2010,5.8,588411
7699,Wild Reflection 7699,Animation,1994,7.8,444248
3300,Forgotten Passage 3300,Action,2005,8.3,567884
5492,Broken Verdict 5492,Horror,2007,7.6,397119
7964,Distant Legacy 7964,Documentary,1982,7.0,891298
7197,Frozen Paradox 7197,Action,1999,4.9,465689
7935,Endless Odyssey 7935,Fantasy,1999,7.0,528210
4934,Neon Kingdom 4934,Action,1979,5.0,696211
1490,Lost Harbor 1490,Thriller,1995,6.5,638738
634,Silent Journey 634,Fantasy,2006,5.5,577916
2886,Lost Empire 2886,Action,1998,5.9,0
3532,Burning Paradox 3532,Comedy,1973,5.1,391252
6565,Distant Shadow 6565,Documentary,1979,5.6,914831
6222,Distant Echo 6222,SciFi,2000,4.6,877574
3665,Last Mirage 3665,SciFi,2012,5.6,620523
1078,Last Echo 1078,Documentary,1977,6.9,822294
8230,Fallen Passage 8230,Drama,2008,5.5,656817
4511,Crimson Kingdom 4511,Documentary,2011,5.4,561109
1774,Lost Echo 1774,Action,1990,9.5,217880
4157,Burning Passage 4157,Drama,1974,8.7,206137
6929,Lost Requiem 6929,Fantasy,1998,6.8,242924
2805,Quiet Descent 2805,Fantasy,1974,5.1,356455
8018,Eternal Reflection 8018,Horror,1987,8.3,651068
8806,Last Frontier 8806,Fantasy,2010,6.4,659810
4712,Secret Echo 4712,Action,2017,4.5,1227917
6574,Rising Reflection 6574,Drama,2005,5.3,221541
8776,Frozen Paradox 8776,Comedy,1970,6.9,839125
7823,Forgotten Signal 7823,Drama,1983,7.7,611589
9322,Golden Paradox 9322,Drama,1980,5.4,953227
2616,Secret Mirage 2616,Comedy,2014,8.0,559035
4971,Lost Kingdom 4971,Comedy,2026,5.2,165173
8779,Last Storm 8779,Animation,2019,7.0,883213
8435,Last Storm 8435,Action,2012,6.1,19335
5306,Lost Mirage 5306,Horror,1974,8.3,955293
9734,Last Odyssey 9734,Drama,2022,8.1,475285
6441,Hidden Paradox 6441,Fantasy,1981,5.5,621471
12,Quiet Chronicles 12,Fantasy,1974,7.7,710934
8429,Crimson Horizon 8429,Action,1987,9.2,1079468
3825,Neon Requiem 3825,Animation,2014,9.9,806368
1337,Secret Signal 1337,Comedy,1990,7.0,457771
2817,Frozen Horizon 2817,Horror,1992,8.2,351967
4307,Last Echo 4307,SciFi,1971,6.7,656979
7262,Burning Harbor 7262,Fantasy,2019,5.5,522521
9335,Last Paradox 9335,Animation,1991,6.1,349213
2479,Eternal Descent 2479,SciFi,1979,9.0,155792
4589,Last Empire 4589,Horror,2024,6.6,678475
3934,Burning Verdict 3934,Drama,1973,8.1,1244099
5748,Broken Storm 5748,Drama,1993,7.2,209657
3183,Neon Harbor 3183,Comedy,2002,6.6,420086
1206,Endless Harbor 1206,Comedy,2007,6.0,680618
5629,Hidden Odyssey 5629,Action,2014,8.0,346979
9681,Broken Storm 9681,Animation,1970,8.2,591523
8783,Fallen Frontier 8783,Drama,2025,6.1,268789
701,Distant Mirage 701,Horror,2020,6.5,738752
8112,Endless Signal 8112,Documentary,2017,6.2,109882
632,Fallen Harbor 632,Comedy,2012,7.5,1069468
2080,Distant Chronicles 2080,SciFi,1989,8.2,644420
6061,Dark Horizon 6061,Horror,2005,6.9,1074421
2003,Distant Legacy 2003,Romance,1996,5.8,913896
8383,Rising Shadow 8383,Action,1983,7.3,724178
9473,Eternal Reflection 9473,Comedy,1989,5.7,626868
9918,Silent Horizon 9918,Drama,1989,8.8,462165
8621,Fallen Passage 8621,SciFi,2018,7.7,466018
7219,Quiet Journey 7219,Documentary,2009,6.2,476656
5502,Rising Passage 5502,Action,2013,6.9,159690
665,Broken Harbor 665,Comedy,2012,10.0,36673
3684,Forgotten Mirage 3684,Romance,2018,8.3,348169
641,Endless Kingdom 641,Animation,2014,6.8,0
5639,Burning Chronicles 5639,Thriller,1983,7.7,881691
6085,Burning Journey 6085,Thriller,1978,5.7,588202
8637,Secret Mirage 8637,SciFi,2015,6.5,582283
8695,Fallen Requiem 8695,SciFi,2003,6.1,965719
2449,Burning Shadow 2449,Fantasy,2025,4.8,435142
9073,Neon Horizon 9073,Fantasy,1986,7.2,206405
7310,Broken Reflection 7310,Romance,1994,5.8,428853
5789,Crimson Journey 5789,Action,2001,5.3,332206
8191,Fallen Echo 8191,Thriller,1990,5.7,698234
5111,Burning Descent 5111,Drama,1993,7.0,1000211
2377,Golden Frontier 2377,Documentary,2006,8.1,525375
541,Secret Frontier 541,Action,2021,7.0,399140
5830,Neon Reflection 5830,Fantasy,2001,5.4,696508
6307,Wild Signal 6307,Animation,1990,6.4,553633
4064,Hidden Legacy 4064,Documentary,1983,7.3,531359
2370,Eternal Harbor 2370,Romance,1996,6.0,527127
8382,Secret Empire 8382,Romance,1988,6.6,0
736,Distant Verdict 736,Horror,2001,7.2,238567
8047,Dark Frontier 8047,Fantasy,1986,6.7,424939
1598,Quiet Empire 1598,Horror,1971,7.3,346187
4837,Eternal Verdict 4837,Horror,2002,8.1,513476
577,Crimson Legacy 577,SciFi,1970,6.3,450864
7164,Silent Odyssey 7164,SciFi,2009,6.3,627683
2420,Eternal Descent 2420,Thriller,2008,5.4,14324
1404,Last Passage 1404,Animation,2016,6.5,694581
9062,Fallen Descent 9062,Animation,1994,8.2,825817
8264,Wild Descent 8264,Drama,2014,7.6,794113
1473,Secret Empire 1473,Drama,1978,7.2,370887
2613,Eternal Verdict 2613,Fantasy,2014,8.2,813796
3977,Burning Verdict 3977,Fantasy,1994,8.2,1054317
8914,Wild Odyssey 8914,Fantasy,2021,9.6,445141
5740,Last Descent 5740,Fantasy,1980,6.6,1005662
4369,Fallen Reflection 4369,Documentary,2006,6.8,585068
5434,Forgotten Empire 5434,Fantasy,2019,8.0,869243
1058,Hidden Passage 1058,Romance,2003,4.9,569337
4001,Crimson Storm 4001,SciFi,1981,4.8,648683
4440,Hidden Signal 4440,Horror,2005,9.3,601480
5428,Eternal Mirage 5428,Animation,1975,7.4,521008
8968,Endless Verdict 8968,Thriller,1981,6.9,635846
6019,Quiet Verdict 6019,Horror,2025,6.2,587571
5097,Neon Frontier 5097,Comedy,2003,7.4,322176
859,Crimson Paradox 859,Horror,1981,8.7,0
7107,Distant Verdict 7107,Documentary,2009,6.2,612154
386,Crimson Odyssey 386,Drama,2006,7.4,249966
2868,Burning Mirage 2868,Fantasy,2015,5.7,258651
4973,Quiet Requiem 4973,Romance,2016,7.7,39959
4491,Neon Mirage 4491,Drama,1978,7.2,1224661
949,Dark Reflection 949,Documentary,1975,7.8,812609
4061,Crimson Descent 4061,Thriller,1999,6.2,442859
8417,Forgotten Chronicles 8417,Drama,2011,6.1,766008
5295,Endless Empire 5295,Comedy,1988,5.9,747654
7783,Forgotten Descent 7783,Romance,2015,7.1,172773
3742,Golden Legacy 3742,SciFi,1975,7.2,734100
9602,Silent Shadow 9602,Documentary,1976,7.6,167266
4309,Crimson Verdict 4309,Action,2005,8.5,1166021
6839,Eternal Odyssey 6839,Fantasy,2013,7.4,174376
4138,Lost Echo 4138,SciFi,1986,6.7,179944
5801,Quiet Chronicles 5801,Romance,2000,6.9,634979
3778,Quiet Journey 3778,Horror,1971,7.7,757683
3266,Eternal Echo 3266,Horror,1978,8.9,287063
7962,Crimson Frontier 7962,Animation,2019,7.3,909541
3980,Rising Paradox 3980,Drama,2011,7.2,295688
4405,Distant Empire 4405,Documentary,1990,7.5,0
3793,Rising Journey 3793,Drama,2014,6.2,320579
8070,Golden Requiem 8070,Comedy,2005,8.2,0
3553,Forgotten Legacy 3553,Thriller,2001,6.8,350141
2214,Last Shadow 2214,Drama,2026,6.0,522749
6491,Endless Shadow 6491,Thriller,2017,8.1,542004
5525,Distant Storm 5525,Action,2009,8.6,230313
5672,Hidden Passage 5672,Drama,2011,7.9,190898
8522,Golden Signal 8522,Romance,1988,7.2,425236
8578,Crimson Kingdom 8578,Documentary,1979,5.2,536908
2012,Hidden Paradox 2012,Thriller,2018,6.9,272753
9381,Wild Empire 9381,Horror,2007,7.0,493739
1815,Last Mirage 1815,SciFi,1971,7.6,658555
3735,Burning Paradox 3735,Horror,1989,3.9,517139
6309,Lost Verdict 6309,SciFi,2007,7.5,1075509
8162,Hidden Verdict 8162,Thriller,1974,6.3,728956
8958,Fallen Requiem 8958,SciFi,1994,5.3,456594
7948,Silent Harbor 7948,Comedy,1983,7.5,778492
4078,Neon Reflection 4078,Drama,1992,6.1,701206
2761,Crimson Horizon 2761,SciFi,1984,7.4,500646
5826,Neon Descent 5826,SciFi,2012,8.4,564153
704,Wild Verdict 704,Documentary,2009,7.9,555151
2035,Rising Requiem 2035,Horror,2017,6.3,551471
7051,Quiet Journey 7051,Thriller,1991,6.7,573132
4299,Wild Journey 4299,Drama,1979,7.1,1002844
1742,Crimson Verdict 1742,Action,1994,8.6,674711
2467,Lost Frontier 2467,Action,1980,7.1,312643
4696,Eternal Frontier 4696,Romance,1981,7.2,594710
1799,Silent Storm 1799,Horror,2010,6.3,443283
3308,Frozen Empire 3308,Comedy,1978,6.7,629672
6460,Wild Horizon 6460,Romance,2026,6.1,591737
4335,Silent Chronicles 4335,SciFi,1986,8.1,286565
640,Fallen Passage 640,Action,2022,6.0,71024
3932,Endless Signal 3932,Romance,2020,7.0,572515
8623,Burning Passage 8623,Fantasy,2013,6.4,257526
5512,Eternal Chronicles 5512,SciFi,2000,5.5,446068
9708,Eternal Descent 9708,Comedy,2003,6.2,514795
1679,Last Journey 1679,Documentary,2026,6.6,907696
827,Wild Odyssey 827,SciFi,1971,5.4,559441
8,Wild Journey 8,Animation,2015,7.2,540424
2599,Rising Paradox 2599,Documentary,1973,6.0,408445
6988,Eternal Shadow 6988,Thriller,2008,7.7,518638
7097,Forgotten Journey 7097,Romance,1996,3.3,920817
2550,Fallen Chronicles 2550,Comedy,2013,8.7,692858
5548,Secret Passage 5548,Romance,1994,7.2,579844
6990,Silent Empire 6990,Horror,1996,7.7,481159
5381,Neon Reflection 5381,Fantasy,1970,7.5,321744
7275,Lost Verdict 7275,Thriller,1988,7.7,1083499
9363,Broken Horizon 9363,Romance,2016,6.9,304794
4480,Hidden Chronicles 4480,Horror,1978,7.7,826605
526,Quiet Legacy 526,Animation,2005,4.5,473965
95,Eternal Shadow 95,Action,1972,7.6,710602
4553,Fallen Paradox 4553,Fantasy,1997,7.5,0
6865,Frozen Kingdom 6865,Horror,1993,6.6,335981
6231,Burning Frontier 6231,Animation,2021,7.3,959357
826,Endless Storm 826,Action,1973,7.7,671081
2483,Last Descent 2483,Horror,1989,5.4,475915
6427,Silent Empire 6427,Drama,1999,4.8,775936
2893,Fallen Descent 2893,Romance,2010,6.0,119119
4851,Burning Harbor 4851,Thriller,1988,7.3,381594
1740,Secret Descent 1740,Horror,1973,6.3,448837
1079,Burning Harbor 1079,Action,1984,9.4,1085740
3634,Wild Reflection 3634,Horror,2010,5.0,364670
6570,Eternal Empire 6570,Animation,2002,7.1,500237
7305,Broken Empire 7305,Animation,2007,7.5,228828
1070,Distant Kingdom 1070,Drama,1973,6.1,586563
1293,Crimson Harbor 1293,Comedy,2001,7.7,796023
7908,Neon Chronicles 7908,Drama,2009,5.8,760512
5993,Endless Signal 5993,SciFi,1982,4.6,413689
2293,Silent Odyssey 2293,Documentary,1989,8.8,598447
7190,Dark Storm 7190,Comedy,1993,6.9,478478
5351,Rising Storm 5351,Action,2012,6.5,224003
3195,Crimson Signal 3195,Action,2009,8.2,432785
733,Eternal Shadow 733,Animation,1976,6.8,48445
9593,Last Echo 9593,Action,2022,7.0,194521
6822,Quiet Harbor 6822,Comedy,2017,8.8,1219467
2101,Eternal Kingdom 2101,Action,1980,5.0,579859
4127,Golden Kingdom 4127,SciFi,2015,4.8,228369
4812,Wild Mirage 4812,Fantasy,1992,6.6,270995
4109,Burning Kingdom 4109,Romance,1996,5.4,69711
2575,Forgotten Mirage 2575,Animation,1980,5.8,330920
770,Frozen Horizon 770,Action,2022,7.8,38828
1879,Endless Legacy 1879,Fantasy,2016,6.2,450734
3393,Wild Chronicles 3393,SciFi,1973,7.3,142657
6057,Fallen Echo 6057,Animation,2023,8.2,414869
1173,Rising Horizon 1173,Comedy,1986,7.3,358917
509,Dark Legacy 509,Documentary,2010,7.3,475483
178,Dark Passage 178,Fantasy,1986,7.1,61927
5284,Neon Storm 5284,Animation,2016,9.2,358788
1189,Last Odyssey 1189,Documentary,1988,6.9,601344
4856,Hidden Paradox 4856,Action,1972,6.3,491961
3036,Eternal Requiem 3036,Documentary,1994,5.8,424448
4464,Rising Requiem 4464,Action,2011,7.1,689915
8391,Burning Passage 8391,Drama,1975,5.7,320887
4624,Burning Kingdom 4624,Action,1987,7.5,0
2860,Golden Legacy 2860,Drama,1985,6.5,401180
4708,Secret Reflection 4708,Action,1980,6.5,172637
6110,Fallen Shadow 6110,Animation,1979,6.0,229261
2608,Forgotten Verdict 2608,Thriller,2010,4.5,467554
530,Neon Reflection 530,Documentary,1989,7.3,611262
7000,Dark Legacy 7000,Documentary,2007,6.7,62244
8680,Crimson Kingdom 8680,Animation,2022,6.4,789188
3924,Broken Mirage 3924,Thriller,2003,7.5,265394
4019,Rising Signal 4019,Comedy,1980,7.5,644369
6280,Eternal Passage 6280,Drama,2016,8.1,421289
2231,Quiet Reflection 2231,SciFi,2000,5.6,748291
1165,Neon Kingdom 1165,Comedy,1976,5.4,671128
1211,Crimson Horizon 1211,Documentary,1985,6.0,771177
383,Lost Paradox 383,SciFi,1982,8.6,529024
2329,Wild Frontier 2329,Documentary,2022,7.3,817196
5151,Secret Kingdom 5151,Documentary,1997,6.3,832051
5417,Dark Legacy 5417,Action,1980,5.2,0
4906,Distant Reflection 4906,Animation,1976,7.9,681814
7308,Lost Harbor 7308,Horror,2001,8.0,384303
347,Endless Echo 347,Fantasy,1982,7.1,681916
7257,Silent Legacy 7257,Animation,2018,9.5,457855
8615,Dark Signal 8615,Fantasy,2007,7.0,179819
929,Hidden Paradox 929,Action,1999,5.7,327457
6410,Lost Storm 6410,Horror,1990,6.2,267747
5776,Broken Frontier 5776,Romance,2001,7.1,364165
2612,Dark Kingdom 2612,Documentary,2006,6.7,398666
5190,Endless Legacy 5190,Animation,2012,6.1,908802
4897,Secret Shadow 4897,Comedy,2007,6.8,0
1195,Distant Storm 1195,SciFi,2012,6.6,814480
8486,Secret Descent 8486,Fantasy,1978,6.9,727562
8750,Forgotten Storm 8750,Thriller,1973,7.4,136720
5605,Wild Harbor 5605,Action,1974,7.3,895366
7311,Distant Echo 7311,Documentary,1985,6.1,75722
