order_id,customer_id,order_timestamp,amount
2940,8900,2025-12-16T23:47:49,550.24
6066,2961,2024-08-08T07:36:14,1920.94
3291,3275,2025-11-20T16:58:14,56.23
1794,5308,2024-06-20T08:08:27,163.02
9592,6975,2024-07-10T18:48:20,1903.95
9627,5755,2025-06-08T09:26:28,980.28
3469,4050,2025-11-22T10:27:40,807.13
8562,5120,2025-11-04T08:48:46,1790.95
2392,9686,2025-06-01T04:26:35,1684.61
9431,1952,2024-01-02T14:25:56,1294.02
3062,9327,2025-10-23T09:09:34,1936.93
5433,8392,2025-03-05T05:41:27,437.03
2809,5382,2025-08-21T03:36:33,1793.15
5892,3442,2024-01-03T14:50:13,1917.45
3165,4541,2025-02-17T10:46:08,886.91
2609,6954,2024-11-12T03:09:27,1344.99
3146,2986,2024-11-15T10:46:49,1990.66
6864,3318,2025-03-24T22:17:17,257.03
9198,5447,2024-09-08T15:27:15,428.94
6935,2365,2024-03-18T11:05:58,1993.58
7320,9735,2024-06-18T17:37:30,1286.88
5416,7602,2024-10-04T16:32:57,26.08
9128,7641,2024-02-05T05:08:55,1263.57
1292,3201,2024-06-26T01:26:03,604.46
5621,5020,2024-02-09T21:09:48,1895.71
6338,7913,2024-09-20T17:24:48,1929.25
5981,5786,2025-08-07T12:09:48,525.3
8825,2267,2025-10-16T02:08:03,519.09
176,3881,2024-06-18T23:29:40,1609.2
5577,5180,2025-02-11T23:26:30,908.94
1596,8989,2025-08-14T10:52:26,467.34
7871,3360,2024-01-12T23:00:58,687.93
6079,8393,2024-07-05T12:34:42,553.66
9734,9810,2025-03-03T10:16:42,1935.07
2394,6021,2024-04-12T11:48:19,347.62
3689,9151,2025-03-16T07:47:52,199.33
3621,9724,2025-01-17T14:45:20,1074.74
2447,5009,2025-01-17T01:25:44,61.74
4381,2687,2024-04-28T09:20:54,1462.66
1928,1735,2024-12-08T02:50:00,1848.81
2269,9856,2024-02-18T22:16:03,1288.6
1051,2559,2024-03-11T20:04:33,7.17
3256,7929,2024-05-26T15:55:13,335.82
4278,5786,2025-11-10T15:54:38,1337.61
1990,8197,2025-12-21T02:27:22,1734.92
3615,3979,2024-04-09T01:26:19,1536.23
4521,8377,2025-09-15T06:09:46,1006.61
8956,5596,2025-03-04T21:33:11,1620.79
5956,3071,2025-09-12T13:22:30,484.76
7887,2489,2025-10-15T16:26:34,345.61
5826,1667,2024-11-09T12:34:38,627.22
6040,1615,2024-09-21T00:44:09,582.94
5542,2567,2024-04-06T18:01:40,496.15
1432,6542,2025-06-04T06:48:13,1040.6
2865,8443,2024-10-07T14:30:53,200.49
2455,3219,2024-12-24T02:28:56,717.98
1435,7305,2025-05-30T12:27:47,301.57
5034,6248,2024-08-07T11:19:45,275.27
164,4501,2024-12-09T10:27:21,1024.79
8772,4061,2025-10-29T13:36:42,520.28
4357,9594,2025-09-15T19:52:07,976.95
3290,7583,2025-11-07T04:04:11,1451.81
7630,6335,2024-08-12T03:24:13,747.87
6748,2102,2024-02-17T04:59:16,1215.45
9465,2173,2024-04-30T15:13:56,1738.66
464,1502,2025-07-29T12:39:51,188.06
9263,6392,2025-11-26T09:57:00,608.22
4512,9476,2025-06-13T23:44:07,1669.29
6121,5842,2025-02-09T14:44:42,294.64
8678,4222,2025-11-26T11:27:57,164.46
2378,2075,2024-10-12T22:44:09,380.77
9214,1066,2025-08-24T23:20:12,1886.25
7506,4263,2025-02-02T23:49:28,226.23
9841,6735,2025-06-09T18:16:33,700.38
9512,8161,2024-08-21T22:03:44,1738.01
865,8916,2025-06-01T21:12:32,1320.27
9645,2244,2025-03-26T01:49:54,1521.68
4522,8758,2025-08-29T14:57:39,1425.49
7983,7131,2025-07-09T14:43:12,28.0
7633,1100,2024-08-30T18:09:52,980.75
7018,8568,2024-07-17T17:06:03,1966.69
6555,8946,2024-02-08T03:22:05,962.38
4444,3174,2025-07-27T07:22:35,624.42
3154,3236,2024-03-30T01:50:26,657.59
1776,8288,2025-03-02T01:37:30,274.55
8857,8271,2025-06-17T08:59:18,1248.95
3310,4987,2024-07-06T02:43:53,427.22
2398,3634,2025-04-25T12:06:11,1425.07
39,3621,2024-04-28T17:10:07,1585.2
6258,2501,2024-12-08T20:23:45,717.09
4851,8984,2025-09-18T19:21:21,1545.16
6826,4189,2025-08-13T11:19:08,862.64
3828,8992,2024-06-08T20:58:58,869.78
1295,2462,2025-04-14T21:37:42,379.93
5431,6527,2025-08-04T19:20:43,486.55
9671,9494,2025-08-27T19:39:02,288.26
3117,9005,2025-06-19T04:20:54,58.54
7301,9667,2024-05-05T10:48:06,326.4
9927,2237,2024-02-04T16:24:06,1777.89
3355,5981,2025-07-05T03:40:13,917.78
6679,7165,2025-12-15T23:31:16,1997.29
1431,4669,2025-03-23T21:30:59,1955.9
640,3126,2025-03-04T11:26:39,1225.84
1520,1144,2025-03-12T00:02:12,233.87
8332,5127,2025-08-13T16:21:24,1762.22
3033,1691,2024-12-18T20:48:17,994.38
7886,9798,2025-12-23T11:04:55,1164.98
1666,4633,2024-07-23T08:23:25,744.82
8158,8835,2024-04-21T16:56:24,1891.46
5393,4372,2025-09-07T09:07:43,1650.25
8057,1834,2025-04-24T02:42:45,1444.91
1342,3785,2025-10-18T15:45:25,1682.07
6523,5157,2025-04-08T01:13:59,994.87
8315,6886,2025-09-02T04:50:04,1471.81
1803,1362,2025-02-19T12:34:39,375.95
3825,4163,2024-11-06T15:27:43,503.94
663,7825,2025-08-18T17:09:07,1238.13
987,3999,2024-03-31T20:05:08,749.75
9504,1888,2024-04-21T01:36:40,1733.4
8292,6437,2025-10-30T00:40:39,712.48
8718,2978,2025-05-04T19:38:26,1438.14
8705,4277,2025-06-18T19:40:50,1535.95
6416,9502,2025-03-09T15:41:40,489.84
3211,5068,2025-12-13T18:45:39,1603.9
9221,5879,2024-06-01T14:16:01,1567.08
8655,9243,2024-01-17T01:13:26,1816.23
4545,3404,2024-01-30T17:43:42,1220.66
5125,4128,2025-07-07T11:38:16,1138.93
5179,8505,2025-08-05T12:58:08,1320.52
9087,6032,2024-12-03T07:35:04,284.52
9031,3413,2025-06-30T06:28:38,1326.78
1200,4811,2024-02-13T15:02:49,1205.32
2124,8842,2024-09-29T23:19:54,925.18
3173,6523,2024-01-12T07:25:02,1641.95
6591,2376,2024-03-12T01:45:09,1868.63
8762,6896,2025-04-13T17:29:45,867.81
5980,9257,2024-03-30T10:41:32,1292.99
3549,3427,2024-01-31T08:42:10,1884.38
3831,7275,2025-04-16T16:48:41,861.48
9436,9423,2024-02-19T16:51:58,1481.22
1139,3187,2025-01-27T13:51:23,1276.25
8878,3521,2024-03-23T17:30:57,354.37
5865,3390,2024-06-05T13:08:40,417.53
9030,3624,2025-07-02T16:35:41,1204.83
2805,6533,2024-02-19T10:48:45,864.09
5257,3099,2024-10-16T23:50:09,742.29
4517,1189,2024-12-19T04:04:28,974.85
9397,7526,2025-11-09T03:52:01,1202.7
3863,2306,2024-11-06T22:57:34,1115.12
8376,5789,2025-04-14T10:55:44,364.22
2130,4908,2024-11-17T03:06:56,1243.65
7760,8984,2024-07-04T22:54:11,1138.36
3598,4678,2024-03-26T13:04:38,207.96
9745,5766,2025-12-27T06:55:43,253.97
2972,4174,2025-03-04T14:01:17,1321.38
5560,7637,2024-10-01T09:20:45,551.91
3348,7427,2025-03-01T14:23:46,678.13
1555,3316,2024-01-09T15:51:17,250.85
2615,6134,2024-04-04T23:24:19,661.93
4271,4509,2025-10-27T18:33:38,11.38
7387,4450,2024-10-14T12:56:13,116.82
5709,4852,2025-12-23T17:43:23,1589.54
7487,8871,2025-02-11T07:50:56,492.88
592,8498,2024-02-19T00:16:45,78.78
7802,1575,2025-08-17T17:03:36,410.17
2245,2740,2025-05-14T16:41:33,1825.66
4554,4993,2025-09-08T12:04:40,1390.04
235,3885,2024-12-04T06:04:07,1468.92
1505,9418,2024-05-14T23:46:33,243.11
5805,1532,2025-09-21T18:57:13,1573.36
8372,8698,2024-12-26T08:07:59,1318.69
4313,5939,2024-08-07T21:10:29,53.37
6663,3958,2025-06-11T19:13:39,121.88
1106,3734,2025-10-29T11:37:38,738.54
7516,4849,2025-02-15T05:51:09,1101.92
1999,1643,2024-11-03T06:43:37,1117.61
8132,1747,2024-10-19T08:14:30,1526.04
9585,3618,2024-06-03T17:28:23,830.58
4039,3955,2025-01-01T10:06:01,1154.2
3316,3016,2025-06-04T20:54:49,1332.63
8179,6640,2024-09-20T07:26:07,513.11
8992,7779,2025-04-22T01:12:32,1725.19
9483,1675,2024-04-18T07:44:32,193.02
9987,9364,2024-10-27T23:30:29,1805.28
6142,2930,2024-11-12T11:49:54,1963.29
6339,6199,2025-09-10T17:44:45,1576.28
9352,6454,2024-02-29T23:08:11,1743.82
3568,8526,2024-05-20T23:39:27,374.13
9706,1061,2025-10-19T17:34:26,1744.27
5667,2744,2024-07-19T02:48:00,1649.02
6623,9637,2024-04-27T13:09:27,893.12
637,3275,2024-06-05T02:32:44,477.29
660,1674,2025-03-13T18:36:06,1651.35
3553,6692,2024-01-02T02:05:49,1267.2
5006,9669,2024-01-02T08:13:44,30.09
2770,9824,2025-05-01T06:35:18,385.87
7749,9698,2024-09-23T14:39:46,994.9
1509,3536,2024-12-28T05:02:46,84.68
1667,1618,2025-04-18T01:07:15,1450.37
9478,9771,2025-01-06T20:30:18,1428.64
7495,2230,2024-05-19T01:39:12,390.65
4984,5991,2025-06-08T00:42:57,664.41
7135,6019,2025-12-28T16:05:04,1018.55
1866,7814,2025-07-31T11:25:26,1644.94
1628,6614,2025-06-16T12:20:44,1845.09
1576,3200,2024-10-06T05:18:17,1360.76
4777,6166,2024-09-11T08:18:58,1857.29
4069,2161,2025-11-09T20:06:37,1140.46
4758,8675,2024-03-09T03:24:37,1222.01
979,9019,2024-07-22T18:37:18,1057.79
565,1627,2024-04-16T21:02:32,577.32
4519,5963,2024-02-12T08:09:50,852.84
3772,7484,2025-09-29T05:41:58,20.17
2948,6215,2025-01-27T02:31:53,1768.44
6853,3370,2025-10-10T09:31:58,564.26
1613,6410,2024-11-18T00:57:33,1441.91
6342,2944,2025-12-08T04:42:11,1935.43
2164,1257,2024-02-25T17:26:32,292.27
7450,4030,2024-07-27T04:01:16,907.44
8884,9397,2024-01-14T04:41:23,1552.19
8222,3084,2024-06-23T15:48:44,926.72
8742,7150,2024-02-13T23:22:08,1937.42
3993,9391,2025-03-26T17:59:38,749.36
9709,9986,2024-09-27T23:03:49,1894.02
7016,3317,2025-11-18T04:49:44,917.86
4767,6281,2024-06-23T22:35:25,857.16
7885,2809,2025-06-02T09:30:51,642.74
5837,8705,2024-01-14T02:01:21,440.74
7794,2833,2024-09-29T07:45:03,1712.08
205,8657,2025-10-14T20:09:40,1839.49
4047,4876,2024-06-28T20:07:01,215.34
2442,5979,2024-08-22T13:33:20,990.73
5570,8840,2024-07-20T20:07:28,320.41
1817,4263,2024-01-27T00:40:37,924.37
1069,5537,2024-07-11T11:04:22,1291.02
5317,7349,2024-09-07T20:13:44,1513.15
5844,7364,2025-04-21T07:57:24,388.98
9246,9740,2024-07-31T12:52:10,1590.16
2259,2485,2025-05-17T14:20:28,733.88
294,5982,2024-12-30T01:09:48,1400.97
7462,8590,2024-07-08T19:16:13,1338.41
1416,2522,2024-07-27T09:38:58,748.38
930,4290,2025-04-13T12:40:22,960.62
9819,1078,2025-06-16T12:58:40,487.17
4020,9956,2025-07-30T01:37:56,404.7
7455,3322,2024-03-06T00:33:35,1619.99
3656,2264,2025-09-30T20:36:13,1634.03
7841,1196,2025-01-03T20:36:45,302.87
5948,1328,2025-09-12T01:25:47,396.56
9763,2045,2024-01-11T05:55:51,1289.27
3058,5006,2025-05-09T02:33:50,1842.42
6855,5362,2024-12-04T10:49:41,358.17
463,7566,2024-04-21T06:24:04,143.82
2497,9800,2024-05-13T10:05:21,13.64
2900,2450,2025-05-16T16:45:24,1732.58
216,1659,2025-08-29T19:14:22,1509.7
3073,7486,2024-07-01T01:14:43,441.09
1020,9428,2025-10-28T10:35:35,1971.05
6457,4414,2024-09-18T23:58:24,1074.62
7573,9340,2024-02-28T11:05:47,391.11
1311,6640,2024-09-28T15:59:49,331.21
905,5839,2025-04-25T11:50:09,1597.12
8585,7564,2024-07-21T17:44:33,254.58
7427,2792,2025-11-28T00:44:46,990.51
3572,7458,2024-05-18T01:12:24,1376.3
5583,7934,2024-12-31T06:03:53,1790.37
2643,7895,2024-09-30T07:04:39,1206.22
4799,2383,2025-06-28T15:34:30,1302.61
4145,9501,2025-03-20T18:05:06,523.9
1880,6163,2025-12-01T23:32:21,1102.41
4121,8966,2025-04-28T00:31:48,563.17
2006,2854,2025-01-23T20:56:15,363.64
2323,7759,2024-07-03T04:12:23,1740.42
7330,1610,2024-04-07T14:29:23,492.65
8256,5666,2025-09-20T00:12:16,1391.81
2651,7722,2025-06-16T15:22:10,1586.32
7775,4354,2024-09-08T03:18:16,672.85
2991,6092,2024-09-12T17:11:31,130.37
1097,3248,2025-07-03T20:13:25,1404.49
7175,6332,2024-10-12T10:27:58,1299.91
1502,4218,2025-02-28T13:38:40,1553.41
2725,7535,2025-08-21T18:11:52,182.93
6643,2070,2025-01-11T02:52:48,1545.94
8053,7798,2024-12-28T10:42:09,95.95
1309,8308,2025-01-14T15:38:42,359.28
7356,9264,2024-11-18T20:56:02,1484.2
8760,1097,2024-07-08T19:12:45,1612.39
3223,4299,2024-12-14T04:22:50,547.36
9371,1010,2024-05-24T21:57:46,1669.06
9715,7917,2024-04-18T16:29:58,1214.78
4308,7125,2024-05-05T08:47:30,666.35
7565,8785,2025-05-02T07:36:47,289.73
9228,5924,2025-08-04T00:41:06,27.64
4942,6288,2024-05-10T21:52:22,36.78
9787,5598,2024-02-20T22:33:52,764.73
2537,9157,2025-05-29T06:18:44,983.05
6723,6664,2024-11-30T01:20:29,1394.39
473,9394,2025-08-09T09:09:36,232.07
1832,6544,2025-06-16T18:56:05,1862.04
3034,1060,2025-12-15T13:10:40,1279.34
9507,4791,2024-05-19T06:49:30,1480.69
9401,9175,2025-10-09T20:40:58,1128.38
1013,6744,2025-07-26T22:06:09,1722.79
2400,3514,2025-10-13T22:16:35,326.7
3892,9644,2025-08-14T13:18:00,1030.28
2668,5361,2025-09-23T19:06:23,579.48
8141,7295,2024-10-07T21:42:55,1611.99
5991,5024,2025-11-19T00:22:26,758.9
2409,6246,2025-12-21T15:39:21,316.33
2265,8970,2024-10-06T01:06:45,174.3
1014,8015,2025-04-19T00:06:16,336.13
4185,1534,2024-10-21T06:05:01,1315.83
3207,1648,2025-05-14T21:36:43,1044.14
7661,8527,2025-03-19T13:37:46,402.88
3498,5052,2025-06-28T10:45:45,1334.33
4289,9314,2024-07-27T02:27:46,434.14
9548,7869,2024-10-14T18:05:31,563.46
6536,2908,2025-09-09T13:48:05,105.9
4228,8430,2024-10-14T06:56:57,761.85
1108,2889,2025-06-07T14:30:56,460.67
5071,6363,2025-02-21T01:16:53,338.9
5731,4932,2024-04-19T00:08:44,1028.0
6923,5881,2024-10-24T04:38:54,814.75
8759,2453,2025-09-14T09:06:25,1086.41
4052,1482,2024-10-17T17:52:11,1847.48
588,9945,2024-09-30T15:19:48,680.4
9285,2305,2025-09-04T12:54:19,79.83
3477,2780,2024-07-28T07:30:09,1978.79
5830,1065,2025-04-01T22:47:10,218.12
8379,6573,2025-10-28T16:45:59,204.67
7224,7635,2024-10-01T18:10:19,119.03
4484,3317,2024-08-28T05:16:35,1603.97
438,8048,2025-01-27T16:09:18,202.86
2745,8007,2025-02-10T07:08:33,594.49
359,3950,2025-03-15T13:39:49,344.12
1118,1862,2025-06-06T23:42:03,362.79
9450,7893,2024-11-28T08:47:12,1424.44
8475,9691,2025-04-16T16:06:46,329.0
8504,9844,2024-11-21T09:45:49,9.35
5055,5758,2024-03-31T08:34:02,14.45
4190,2986,2025-02-22T15:04:48,1695.95
1548,2417,2024-08-22T01:35:03,566.63
219,2874,2025-01-02T19:49:04,1130.12
9594,7355,2024-05-03T16:07:11,803.36
1130,1157,2025-06-22T15:02:46,1902.23
8935,4437,2025-02-05T01:31:52,201.82
3147,2723,2024-02-29T10:41:25,1011.27
2056,6728,2024-09-16T06:20:19,1123.03
6481,1881,2025-01-09T06:22:50,847.81
1985,8763,2025-01-16T17:12:35,279.34
4458,5406,2025-07-31T04:58:49,186.06
4376,4156,2024-01-11T23:23:33,552.79
6824,1687,2024-12-30T14:52:47,1047.97
5239,8116,2024-01-11T20:02:59,1583.79
2418,4197,2025-05-13T02:56:03,1168.95
6989,3575,2025-10-19T12:06:53,671.68
8777,1355,2024-05-21T15:27:12,1152.59
7626,6435,2024-01-07T03:32:06,475.64
766,1187,2025-03-20T23:12:28,526.8
2411,5842,2024-09-14T07:31:07,950.45
2846,7627,2025-11-20T11:27:33,1551.92
8847,3109,2025-12-07T00:51:56,414.03
5954,3215,2025-05-19T14:27:07,110.4
4588,5569,2025-04-10T10:48:08,642.21
7222,3527,2025-06-04T16:17:05,1436.12
8259,5035,2024-08-16T18:41:02,791.26
13,2584,2024-10-22T02:21:29,721.16
5059,5033,2024-04-20T00:54:33,1245.42
7663,9000,2024-06-28T17:00:44,1023.54
1754,6527,2025-12-22T05:44:14,846.52
4863,6798,2024-06-03T07:36:35,1053.52
3827,6105,2024-03-20T22:05:39,335.48
1085,9300,2024-11-05T02:47:31,576.54
9883,2047,2024-05-23T13:01:17,224.85
8452,8254,2024-11-07T19:59:38,64.33
7329,3161,2025-01-02T02:13:52,1718.99
938,4434,2024-12-24T13:15:42,879.72
3337,1562,2024-04-23T07:13:36,1199.77
7417,2953,2024-02-06T14:52:13,1064.18
386,8894,2024-07-18T14:16:10,1934.93
9248,5346,2025-02-27T16:46:09,181.78
2998,8184,2025-08-25T13:01:05,1529.38
6145,6877,2025-08-15T17:18:47,1091.28
3604,7967,2025-06-11T17:33:17,304.69
7231,4871,2025-10-04T20:56:45,17.59
9163,5641,2024-11-15T19:01:30,669.85
6776,8363,2025-10-14T05:59:38,1363.64
6159,1016,2024-06-22T18:43:00,17.99
1125,8600,2024-07-07T10:05:36,739.71
2207,4454,2024-05-09T22:23:09,1157.63
2524,5472,2024-08-04T07:57:28,1513.82
4175,7815,2025-06-12T23:03:47,147.43
5750,1634,2024-08-21T05:40:17,1634.39
4475,5918,2024-11-07T14:02:09,85.06
1371,5076,2024-01-04T04:52:25,456.4
6931,6460,2025-02-24T02:01:42,1805.12
9716,7687,2025-01-03T10:54:46,1468.23
8413,7784,2024-07-18T03:46:36,1698.91
6887,2411,2025-05-25T06:11:53,633.39
522,7347,2024-08-07T17:31:06,820.49
5428,2422,2025-08-12T13:42:27,952.37
3095,1194,2025-09-30T08:36:19,946.65
7295,8231,2024-12-26T17:06:02,162.76
7094,7175,2024-08-22T19:17:47,338.71
4242,5250,2025-12-13T19:02:19,1977.67
1608,1108,2025-01-09T11:11:00,1006.16
9743,1403,2025-02-17T08:56:50,637.59
14,5333,2024-09-24T03:47:57,1615.22
7991,2754,2024-01-20T12:53:23,1245.97
82,1241,2025-02-23T21:17:22,1938.15
4671,3993,2025-07-28T08:04:55,1380.95
2648,6006,2024-06-04T09:40:27,630.87
1955,6681,2024-01-15T06:28:59,1370.2
6283,4213,2024-11-02T01:56:29,285.01
999,1505,2024-03-05T05:05:31,1592.78
8450,7923,2025-03-11T18:26:23,1531.16
7834,5891,2025-01-20T06:16:34,1587.93
5651,1009,2024-06-12T14:09:59,1982.1
1539,2154,2025-03-09T11:26:37,1152.05
165,3780,2025-09-08T12:18:00,1319.41
3931,2261,2025-11-15T11:49:51,345.6
9013,2865,2024-12-10T20:11:34,651.98
4340,5095,2025-01-15T10:44:50,172.36
545,8355,2025-08-31T19:05:51,471.84
3037,6431,2025-08-19T19:03:08,1615.51
6207,5098,2024-06-08T03:25:56,1664.84
3975,8752,2024-01-25T23:04:16,1866.2
2249,3438,2025-01-21T13:49:34,1307.47
5738,6447,2024-04-24T19:18:02,1362.31
9384,1335,2024-06-19T20:12:08,1026.5
6086,7479,2025-12-27T16:42:18,860.2
3651,6014,2025-01-24T19:34:49,1420.16
4179,1510,2024-08-16T09:43:56,324.82
7952,1262,2025-07-14T00:44:41,1621.18
5040,5705,2025-09-02T18:48:43,1542.83
1500,8259,2024-06-06T17:49:12,1660.82
5469,9594,2024-03-28T13:51:37,1333.49
1971,3589,2025-03-14T17:27:38,638.4
4160,6145,2025-04-19T01:20:53,1906.82
6933,6070,2025-05-03T12:22:01,1462.59
1510,6285,2025-12-22T06:53:06,1195.78
1606,4651,2024-10-19T07:16:36,1035.16
8417,9479,2025-09-26T04:13:25,1494.36
4613,8268,2025-06-15T00:33:10,1979.48
937,1440,2025-03-03T06:35:29,1906.24
4834,6384,2024-08-21T21:03:45,1422.37
4033,9602,2025-12-02T00:45:40,784.3
9396,6423,2025-07-13T08:29:59,687.31
361,9153,2024-07-06T01:23:33,1826.09
4904,9320,2025-05-12T07:24:45,661.02
3979,8140,2024-05-14T14:34:58,1359.45
6056,9272,2024-03-06T03:21:44,995.85
6685,6966,2025-11-03T00:05:38,982.61
1363,3762,2025-08-14T05:40:16,1154.68
3988,8643,2024-11-28T04:19:52,843.91
3181,2979,2024-11-28T08:16:00,468.65
3889,4541,2024-01-11T04:43:32,938.96
5320,7798,2025-06-04T03:01:58,1102.31
1716,9374,2025-08-16T14:52:56,564.13
5809,3243,2024-08-21T04:13:44,1393.33
8360,4739,2024-09-09T20:57:38,928.74
330,9318,2025-09-03T20:07:00,538.01
9542,9851,2025-06-20T23:28:16,1212.48
585,4950,2024-09-24T19:35:03,1467.22
5082,7076,2025-04-22T22:24:41,879.03
4821,2841,2024-02-21T12:24:04,1937.62
480,1126,2024-04-03T04:40:13,997.28
3384,3033,2025-09-05T15:55:45,1508.25
823,7821,2024-09-04T13:38:27,819.48
1994,7232,2025-10-02T06:35:50,1441.8
8461,4343,2025-08-20T15:51:21,1546.37
696,6990,2024-09-20T09:00:29,1511.16
4877,6105,2024-07-14T05:06:59,421.47
8320,1294,2024-05-13T12:28:06,1480.61
1101,5403,2024-04-08T14:09:28,1467.21
6944,3902,2024-03-05T14:10:27,1996.43
9309,9271,2024-10-09T18:36:04,596.01
7186,7194,2024-06-02T21:08:33,1246.76
2336,4763,2025-03-05T08:06:42,177.52
5237,3284,2024-01-20T00:20:12,1577.59
3060,3434,2024-08-16T11:57:49,658.72
8345,2226,2024-06-28T21:19:27,104.55
4452,3793,2025-05-05T03:11:05,78.28
4791,7801,2024-09-03T03:03:48,386.01
8849,6403,2024-02-14T21:37:47,1316.24
5790,8920,2024-05-27T16:32:06,1548.06
3081,9151,2025-09-16T21:03:00,637.46
7239,8758,2025-10-05T06:14:37,1315.42
4710,4747,2024-07-28T05:39:59,1866.02
9062,1469,2025-08-21T13:58:01,1624.76
9250,4547,2025-01-18T09:48:52,80.21
1410,5760,2025-10-23T23:04:01,723.63
1387,1790,2024-01-16T08:00:47,1381.05
5590,1143,2024-07-09T19:11:00,654.33
8391,5807,2025-11-09T23:16:16,1546.56
7719,4565,2024-05-21T12:55:26,1278.2
4531,7050,2024-02-08T21:26:16,508.39
8075,2976,2025-01-15T21:54:18,1073.27
8917,2578,2024-06-25T14:15:15,1129.23
752,9901,2025-05-13T02:55:47,1051.02
9918,1905,2025-11-14T21:40:04,344.35
6599,4757,2024-10-02T10:59:31,1428.2
2975,4734,2025-12-26T02:52:59,1762.6
7250,9964,2024-12-16T04:37:34,995.82
6165,6486,2025-09-24T11:54:30,1648.0
4183,9326,2025-08-29T12:32:30,1568.02
6408,2908,2025-07-17T03:32:04,365.02
983,3826,2025-04-24T12:28:28,1628.41
635,3852,2025-07-06T21:05:00,1588.42
2796,3654,2025-09-13T04:30:53,1245.58
7226,1807,2025-05-24T14:23:55,1800.94
6375,3704,2025-02-17T14:45:50,1535.04
6333,8369,2025-08-08T20:59:04,1080.14
6704,1454,2024-10-30T00:48:08,211.79
6169,2198,2025-05-04T05:28:44,1716.38
8173,6363,2025-12-03T18:47:48,1194.38
9339,5034,2025-12-28T00:32:15,697.32
5268,1317,2025-11-22T17:11:12,630.35
7243,3855,2025-09-12T19:41:58,1873.88
8792,7444,2025-07-10T14:47:01,1578.26
9114,1132,2024-04-14T02:11:05,582.58
1761,8377,2025-02-08T14:56:42,830.91
3844,4811,2024-09-06T18:20:09,1125.47
7911,4265,2024-05-09T07:46:46,1488.24
8262,9820,2025-03-14T07:53:08,1999.64
3185,2081,2024-06-19T22:53:25,1317.63
1821,1691,2025-07-19T15:19:23,1490.73
2180,9574,2024-03-01T18:23:55,1780.38
1779,8126,2025-05-08T21:07:27,1049.3
8204,2170,2024-01-20T15:07:41,903.9
5211,5313,2024-06-02T13:46:38,292.07
3387,6149,2024-12-13T09:01:30,250.48
3490,9192,2024-09-24T06:52:19,32.23
7501,2833,2025-03-17T10:50:54,184.64
7405,8220,2025-12-15T23:19:48,312.4
4091,4690,2025-01-29T06:25:45,1302.42
9093,6486,2025-05-07T05:07:48,715.25
2325,8936,2025-03-30T10:54:36,113.41
1481,3913,2025-05-19T22:29:18,1010.27
1858,2753,2024-06-05T23:01:34,973.31
6450,3960,2025-12-10T08:52:17,88.49
2627,4926,2025-09-04T16:20:53,509.7
494,6456,2024-06-21T02:24:09,1559.34
3805,2267,2024-03-13T01:29:28,991.02
7447,3976,2025-04-29T14:36:02,797.54
2474,6940,2024-08-30T00:09:01,282.33
3352,4196,2025-12-17T23:09:22,1403.71
6136,4737,2025-07-16T15:49:06,1042.39
6429,5949,2024-08-04T00:43:20,476.39
1153,1660,2024-08-24T06:58:41,433.97
6637,3369,2025-01-19T22:30:13,528.05
7654,6034,2024-12-18T17:11:13,542.14
7051,4463,2024-08-04T12:29:02,1463.63
2971,9197,2024-08-03T10:07:59,990.55
7192,6771,2025-04-22T23:19:58,1655.36
9591,3456,2024-12-07T13:11:30,1093.14
101,4910,2024-09-01T00:48:42,534.9
7314,5670,2024-12-16T05:12:22,456.7
2926,5412,2024-03-30T09:16:20,125.96
517,6626,2025-11-29T08:56:20,1964.86
8183,3964,2025-10-18T09:23:59,956.33
8039,4055,2025-07-18T01:29:12,498.03
9099,6480,2024-05-18T22:56:57,689.83
9356,3111,2024-08-11T13:40:16,1103.45
6557,6280,2024-05-15T07:14:16,876.6
3529,5137,2024-11-20T20:02:49,1783.72
5188,5285,2025-07-12T13:18:52,1107.0
7634,3247,2024-03-04T13:31:38,578.5
9455,6261,2025-09-29T23:23:18,956.2
7468,6564,2025-06-03T11:46:04,198.71
3916,1584,2025-11-26T05:05:56,1152.58
1192,7363,2024-06-19T10:07:42,712.84
7362,3506,2024-02-08T22:21:40,1772.81
9049,1048,2024-12-09T06:36:34,676.66
4221,2208,2024-02-05T03:17:30,1478.8
9749,3278,2025-10-01T05:10:34,1182.51
5848,3042,2025-10-26T23:36:21,1415.27
278,8025,2024-08-18T23:03:50,614.23
152,9821,2025-12-19T21:58:17,1375.28
8840,3676,2025-06-26T22:31:27,279.25
7095,3121,2024-05-27T09:37:13,1693.79
7146,3579,2024-07-11T11:33:26,1882.21
1113,1579,2025-10-28T00:40:57,1107.97
7098,5189,2024-04-24T01:37:57,436.8
7269,4407,2024-07-03T06:18:51,1881.71
1196,6761,2024-01-22T21:48:30,1895.38
9148,4371,2024-07-13T01:31:07,1698.37
5444,2258,2024-04-30T05:36:36,402.25
7740,8771,2025-03-21T10:54:45,618.21
6073,4700,2024-08-14T23:48:48,466.54
8761,4041,2024-03-18T21:00:41,332.07
5110,8454,2025-05-09T12:54:10,960.86
8959,6142,2024-08-31T20:38:32,409.04
8419,8418,2024-04-25T20:24:29,953.38
6535,1408,2025-05-01T21:06:02,1511.42
7183,7520,2024-06-18T00:40:08,1060.53
2326,3374,2024-12-04T13:06:49,436.25
18,2139,2025-07-01T06:10:15,96.42
9346,1670,2025-03-08T06:22:09,1199.6
8612,5695,2024-12-14T09:39:06,1102.15
3701,7568,2024-08-10T15:04:42,821.02
769,9233,2024-11-10T21:30:48,1846.6
1630,3166,2024-10-26T09:31:49,221.6
7061,2691,2024-04-08T19:01:58,491.18
3843,8624,2024-06-15T01:00:24,1137.1
6299,9265,2025-10-30T07:57:15,216.89
3708,5762,2024-03-22T18:53:49,754.76
2212,7390,2025-06-14T21:32:56,951.81
1631,9564,2024-06-06T04:03:01,1719.89
8728,1499,2024-11-24T14:21:27,898.05
5917,5539,2025-06-19T03:49:45,1084.44
8944,6568,2025-09-30T05:38:28,1128.44
73,8062,2024-03-16T06:55:16,711.82
9223,5554,2025-05-14T00:01:45,1677.47
7745,3015,2025-07-11T01:10:58,90.22
7809,5113,2025-10-06T05:08:18,193.11
4503,1026,2025-10-01T10:16:16,1223.08
593,1717,2024-06-05T13:55:42,1583.26
2028,8794,2025-04-02T09:11:21,910.21
1156,9412,2024-11-03T18:31:55,102.66
6859,5364,2024-10-11T14:57:42,1832.91
5901,8723,2024-10-04T04:44:15,1519.06
6997,6041,2024-06-20T21:44:52,665.4
9167,3838,2024-01-04T20:46:09,531.1
1867,1955,2025-09-08T21:53:06,1648.17
8,9928,2025-06-28T17:38:42,841.94
7528,9284,2024-03-05T16:51:28,675.76
5098,3783,2024-01-14T13:30:42,1449.54
7366,5949,2024-01-30T03:47:38,419.64
6331,8014,2025-03-08T22:48:42,835.09
2443,8593,2025-07-28T15:54:57,452.92
717,2020,2025-07-25T13:00:03,1413.02
8463,1099,2025-07-26T20:41:59,1070.12
7524,4388,2024-05-17T17:18:19,1764.62
8649,7260,2025-12-01T01:21:57,568.56
9069,7807,2024-10-20T06:06:54,830.66
468,2391,2025-03-16T20:42:38,1767.27
4051,2194,2025-10-19T17:31:50,885.85
4941,6922,2024-12-06T00:36:26,1510.77
5478,2114,2025-08-13T17:05:00,957.99
3557,6318,2024-08-17T01:14:51,1970.6
4592,9107,2024-11-09T18:28:17,1514.87
3730,8396,2024-08-19T17:24:03,1743.22
6370,2517,2025-04-29T17:28:05,122.67
1703,4580,2024-10-01T14:25:28,1789.16
4646,3106,2025-09-17T09:59:26,297.32
8226,6702,2024-06-21T14:16:11,1306.17
5300,1565,2025-10-11T09:32:10,1289.02
3451,1119,2025-12-08T12:09:11,1429.75
6692,7246,2024-11-10T03:14:38,1567.64
6125,9199,2025-08-22T20:42:22,1775.24
89,4566,2024-08-18T11:02:05,1937.58
6459,5939,2025-11-12T02:05:18,1554.41
207,1444,2024-11-02T01:04:11,172.48
6397,2234,2025-05-25T11:58:26,1282.51
180,9702,2024-12-26T21:34:39,1975.85
4709,7830,2025-01-02T23:48:35,1560.61
4243,2738,2025-08-08T05:40:35,1849.41
714,6139,2024-12-08T13:33:17,840.47
2819,2626,2025-01-22T02:40:53,312.82
5815,6369,2024-08-09T11:40:42,373.63
4801,5500,2024-01-13T07:27:57,1460.61
8166,9574,2025-02-05T13:48:39,1987.33
2371,4693,2025-08-13T23:56:28,644.33
4779,7951,2024-05-06T19:55:33,1982.05
6891,3230,2025-03-18T08:28:15,403.22
1148,8365,2024-05-07T16:10:18,934.78
1762,1378,2024-05-22T19:53:13,254.45
1796,5454,2025-09-13T08:19:04,572.93
3673,2595,2024-04-10T14:22:11,665.98
4952,1668,2024-12-09T17:28:11,495.58
291,5352,2025-12-06T14:01:00,1654.13
738,8739,2024-09-13T13:07:09,205.59
6161,7378,2024-10-30T10:40:19,129.9
7781,8972,2024-04-20T20:18:20,842.3
8490,1759,2025-08-24T17:39:13,233.3
1629,2127,2025-04-08T08:11:16,463.48
113,2753,2025-11-22T01:26:49,1486.12
8061,2973,2025-05-03T07:33:44,158.7
206,9751,2025-04-28T07:42:37,58.8
5270,6269,2024-04-25T05:32:46,167.21
4535,6318,2024-12-13T00:23:57,598.88
5336,4368,2025-11-10T00:54:32,404.28
8151,6444,2024-05-14T04:26:54,522.82
9017,8378,2024-12-06T03:14:41,1237.73
6964,2941,2025-11-27T22:11:01,10.99
3851,9169,2025-01-18T15:36:07,98.35
3374,8856,2025-03-31T19:41:09,551.08
4149,2401,2024-08-01T03:03:10,1997.62
4825,5208,2024-12-30T15:52:17,260.76
5824,9946,2025-11-06T23:34:32,597.93
1621,1305,2024-11-10T22:15:12,1757.63
9535,9486,2025-07-13T06:32:41,587.89
5953,8853,2024-03-28T21:32:47,792.24
5129,2780,2024-12-31T05:46:05,1087.94
5238,3447,2024-10-23T06:52:49,801.84
7044,3754,2024-04-17T06:24:35,1446.15
970,8570,2024-11-27T04:06:04,467.55
5665,7630,2025-07-16T13:29:52,107.32
3012,4153,2024-09-11T21:58:24,220.47
7213,8122,2025-10-15T20:33:35,1846.47
5321,4278,2024-02-01T04:04:40,1181.39
9821,6489,2024-04-16T23:02:58,1120.39
6893,6143,2024-11-30T03:17:05,1362.57
7660,5919,2025-03-26T22:48:48,1406.14
8942,3450,2025-01-23T20:50:36,593.33
6605,6800,2024-10-20T03:00:02,218.48
6345,1645,2024-01-05T20:38:57,90.54
7214,5294,2025-08-14T21:32:41,1070.59
7065,5152,2024-11-12T05:58:30,794.77
9178,2086,2025-03-13T01:52:16,538.68
7331,5944,2024-02-03T07:54:50,559.88
3972,5434,2025-07-07T22:57:27,289.58
6473,2592,2025-08-26T00:27:18,461.58
2153,5819,2025-10-24T03:50:54,129.51
3860,1266,2025-05-15T19:29:22,143.56
1736,3450,2025-07-27T15:25:15,948.61
6336,6526,2025-01-31T06:58:23,1966.39
6128,4654,2025-10-13T19:34:04,592.39
2598,4868,2025-04-11T23:46:54,814.7
7765,9324,2025-10-13T03:24:06,1822.47
8573,1273,2024-04-01T19:34:16,412.23
3195,8899,2025-06-01T14:02:53,139.69
5406,4085,2025-11-26T08:22:40,1433.82
6431,6254,2025-10-26T05:48:55,223.41
2507,5723,2024-10-07T14:11:47,1116.48
7965,3612,2024-03-08T17:20:16,1241.41
3447,7946,2024-01-09T07:21:47,1355.68
358,5000,2024-04-23T01:37:03,1064.68
3678,8587,2024-04-27T16:52:10,162.11
8344,1644,2024-08-09T09:32:12,42.43
1467,8091,2025-03-05T16:53:10,1678.44
6686,6569,2024-12-10T03:54:33,1077.35
5870,1976,2024-02-17T16:39:52,1497.91
1616,1367,2024-11-15T03:42:59,491.12
3360,2670,2025-10-26T23:37:49,1358.24
3409,5413,2025-05-04T00:00:06,1990.74
1557,5992,2024-03-07T02:52:46,424.06
6007,9660,2024-07-15T08:48:55,252.91
1328,5631,2025-04-06T04:43:20,600.46
1943,1136,2025-05-23T13:34:16,137.86
8003,7556,2025-12-24T19:32:43,1905.64
6569,5251,2025-05-27T23:29:46,194.68
5693,6409,2024-08-28T14:28:57,204.44
9800,8716,2025-02-11T09:51:11,14.13
4173,2268,2025-01-31T22:23:33,477.77
6238,2718,2025-12-28T20:02:29,1375.06
6996,3448,2025-05-28T19:05:40,441.58
4772,3500,2025-07-09T06:47:06,381.75
5566,7241,2024-10-06T05:56:57,45.89
8508,1254,2024-04-12T20:42:21,1117.15
2472,2251,2025-12-12T12:03:30,237.55
4856,8494,2024-06-25T09:55:04,1661.01
6655,5079,2025-12-11T19:24:36,1399.27
5106,7325,2025-05-15T19:45:34,568.52
7470,1662,2025-02-22T02:49:17,92.0
4756,2840,2025-08-29T07:13:08,1065.87
4980,1451,2025-07-19T06:26:20,1428.66
9639,7007,2025-07-08T02:44:17,308.92
9960,4048,2024-03-30T05:35:13,909.77
3910,7267,2025-05-18T19:11:08,1465.34
4083,1973,2025-11-20T18:02:32,282.88
8162,6867,2024-04-17T11:16:34,1209.47
6834,8951,2025-06-13T19:47:28,1564.27
5658,9977,2024-07-19T11:01:21,1778.89
9798,3527,2024-07-05T16:13:01,63.45
5515,5775,2025-07-16T19:23:12,1279.0
2158,7271,2025-07-06T20:25:21,815.04
7641,9104,2024-12-25T20:48:25,318.32
4298,9782,2024-05-09T08:26:24,416.37
9485,7354,2024-01-24T13:27:50,1608.64
1609,8207,2024-04-17T22:33:25,335.38
9266,2005,2024-11-26T11:16:54,1392.24
6906,4312,2025-01-03T06:30:56,1610.52
4669,8317,2024-02-13T11:26:45,1135.57
9892,8926,2025-03-30T13:57:29,969.87
8684,3167,2024-11-13T00:54:57,1746.2
4115,4609,2025-10-29T00:26:58,889.87
1654,7511,2025-06-12T15:24:35,1511.17
2187,7897,2024-09-14T11:52:07,709.06
3466,8999,2025-10-20T22:25:24,119.71
2529,9147,2025-01-15T01:59:04,465.49
6421,1616,2024-05-14T13:55:06,1767.33
8349,8596,2024-08-19T08:51:36,191.82
7460,6205,2024-04-27T18:40:36,635.03
7665,4567,2025-02-15T13:08:28,845.46
687,2761,2024-01-07T08:26:16,864.7
6251,5108,2025-04-09T15:40:58,1017.19
1749,5663,2025-08-29T02:00:57,713.44
586,2698,2025-05-02T23:33:31,1544.15
6952,5253,2024-09-26T13:00:21,883.11
3620,9144,2025-03-02T16:25:33,1079.8
1403,2809,2025-12-05T09:28:09,1671.29
5311,4395,2024-03-10T11:54:39,899.75
9694,4778,2025-05-14T23:23:07,675.17
8657,8077,2025-10-14T18:46:50,977.33
5707,6020,2025-01-30T06:08:02,590.84
2694,8046,2025-12-20T10:18:35,569.44
8587,1556,2025-09-26T03:48:46,1299.82
103,2188,2025-12-22T14:09:24,23.58
6780,5139,2024-10-23T04:39:54,354.18
3837,2878,2024-01-24T06:07:16,363.91
5046,9810,2024-09-30T05:23:10,109.61
7804,2065,2025-11-30T22:34:35,1016.98
9533,3482,2024-04-17T10:26:23,59.0
8094,2086,2024-10-03T21:46:40,876.68
9368,9077,2025-12-11T16:12:47,1569.57
1495,7371,2025-03-11T22:50:29,479.0
5708,7571,2025-07-02T02:24:28,838.85
1744,5256,2024-09-16T22:27:00,725.12
7364,8178,2025-01-13T11:50:50,1779.09
4850,4052,2024-09-18T22:52:52,514.29
4733,2212,2025-08-05T09:46:25,652.47
6488,2753,2025-02-16T11:26:14,688.07
6576,9251,2025-02-21T11:45:36,1253.79
8137,8578,2024-11-24T10:31:23,939.78
8224,2425,2025-10-30T21:32:23,324.33
9717,1471,2024-10-03T11:54:56,1516.15
831,2295,2025-05-17T07:28:15,1844.84
3151,8567,2025-05-11T05:20:13,765.41
9220,5677,2024-04-05T03:18:22,799.47
377,5106,2024-05-27T16:19:01,1357.14
2907,9713,2024-04-03T10:14:27,363.59
897,2284,2025-06-19T09:40:47,1004.08
1418,8479,2024-11-06T21:12:17,547.31
230,1672,2025-03-15T13:44:50,697.67
8793,4497,2024-07-09T23:04:02,1348.5
8042,7944,2025-02-14T00:37:51,13.36
9982,7500,2025-04-11T18:48:31,1980.75
1154,6370,2025-10-27T07:40:59,300.91
8981,1115,2025-01-14T09:26:55,1831.24
3732,4015,2024-07-20T12:26:48,1661.95
9433,3395,2024-10-19T15:44:30,372.49
7806,6884,2025-05-21T08:17:19,1923.79
7489,7352,2025-07-26T05:59:45,1277.42
491,2734,2025-10-17T22:19:46,490.42
767,4871,2024-10-06T06:32:12,128.94
3224,8883,2025-08-29T20:16:52,164.63
3806,4407,2024-10-07T16:56:03,784.65
6111,1295,2025-06-23T00:29:08,1213.34
753,3198,2025-11-21T17:00:25,1702.86
4154,6259,2025-03-17T12:30:34,1672.82
2283,2047,2024-05-12T13:52:50,1636.51
4513,2353,2024-12-27T02:47:14,695.84
9205,9951,2025-08-07T03:14:31,1575.72
5635,5668,2024-09-10T15:14:01,739.1
8867,5551,2024-11-11T14:57:03,664.44
1614,8844,2025-01-09T00:07:15,960.65
5229,8871,2025-07-30T11:28:25,744.03
4685,8041,2024-01-08T11:00:11,1722.97
3113,4085,2024-10-27T03:38:56,952.18
821,9120,2024-11-27T19:35:45,98.53
3313,6349,2025-12-22T13:12:24,1805.78
9036,4715,2025-09-30T04:34:57,457.15
1158,1509,2024-05-15T01:07:46,1904.43
7490,7542,2024-08-06T20:33:15,1499.12
1534,8130,2025-10-05T16:59:41,1294.89
7378,4232,2024-06-19T11:01:23,511.01
9573,8385,2025-01-13T07:25:26,1100.09
679,6123,2025-12-26T06:23:24,383.72
9127,9991,2024-03-01T06:52:17,914.93
795,7887,2025-07-20T10:56:29,752.05
8927,9426,2025-06-24T20:33:27,1612.93
8990,6180,2024-07-07T10:35:08,93.26
6966,4514,2025-11-13T04:27:14,859.67
8197,1128,2025-03-25T09:36:11,418.62
7416,3129,2024-03-18T11:05:45,173.65
7194,3768,2024-04-25T05:36:17,305.8
5099,7068,2024-09-06T20:06:26,81.67
9072,3849,2024-08-03T20:08:56,1623.56
1772,3150,2024-04-08T04:29:06,1055.85
8954,9882,2024-07-30T20:06:22,1257.24
1346,6499,2025-11-29T17:35:40,1310.6
6745,9829,2025-03-07T03:36:21,762.12
3631,4679,2025-10-04T23:43:01,116.45
8108,2080,2025-01-25T23:51:18,444.68
5775,5424,2024-02-21T05:59:55,1930.46
5672,7869,2024-11-06T13:45:26,1135.31
1701,6603,2025-09-29T17:56:29,156.68
4317,5423,2025-07-29T04:24:00,1724.66
7800,7287,2025-08-11T09:55:21,1679.09
8945,9990,2024-11-17T19:28:28,1189.47
2838,9516,2024-02-14T21:39:11,1945.46
8390,1176,2024-12-14T11:10:02,335.19
9511,3146,2024-02-26T15:52:19,1153.18
3323,5244,2024-06-22T15:17:22,235.8
4805,8697,2024-04-18T21:53:49,1525.76
2495,1229,2025-08-15T19:54:00,1060.03
7000,7910,2025-05-14T13:12:15,1678.67
9998,1817,2024-07-24T05:27:46,757.36
7866,5207,2024-12-19T05:51:57,616.25
6463,7468,2025-06-14T12:49:13,1252.57
1798,4080,2024-11-16T17:05:10,1707.7
6046,3001,2025-11-17T05:15:55,792.47
4050,5103,2024-02-18T02:23:46,233.38
1849,1306,2024-05-24T02:36:35,1241.37
9015,9746,2025-08-26T01:58:19,1205.47
5549,8276,2024-11-13T07:38:13,887.84
5749,4651,2025-10-10T09:50:25,901.3
10000,9900,2024-03-04T15:46:14,906.07
1086,9209,2025-07-07T12:22:07,1535.38
9810,3865,2024-01-25T18:18:23,1066.36
574,9189,2025-10-11T20:59:22,1195.49
9647,5661,2024-10-08T01:17:38,959.09
4968,3109,2025-03-25T16:34:05,197.76
3613,8003,2024-03-28T21:31:49,1919.37
6135,4537,2024-05-15T02:00:12,622.46
7442,1340,2024-12-26T21:14:11,1609.86
4803,5079,2025-10-20T04:57:25,358.83
6344,3230,2024-01-20T17:24:39,1865.49
2705,3425,2024-03-28T08:58:55,251.69
1233,6600,2024-02-27T15:11:44,344.36
6013,4075,2025-07-11T19:52:17,1059.0
1988,4646,2024-11-16T19:41:55,1486.02
2095,1755,2025-11-21T15:37:34,210.69
8234,1009,2025-07-15T09:42:24,1013.8
3833,2052,2025-05-06T10:21:15,901.56
4780,4559,2024-06-29T23:02:25,1545.83
6963,1199,2025-08-23T07:10:47,410.51
4110,5001,2025-05-23T21:58:48,1996.19
9415,5948,2024-01-21T12:55:46,178.59
3769,7243,2025-03-04T10:20:38,233.43
125,8041,2024-04-25T00:40:05,259.25
2445,8742,2024-08-21T03:33:47,252.73
8080,1244,2025-02-28T21:22:34,1349.1
9040,8091,2025-03-28T21:21:38,1595.21
2287,7586,2025-10-11T06:13:47,651.85
7249,4465,2024-10-19T00:41:12,1183.91
1647,1116,2025-09-05T03:54:06,1158.08
6778,2467,2025-09-21T07:40:00,1724.39
8428,9342,2024-11-25T22:57:13,495.07
7689,6594,2025-12-04T17:43:12,110.05
9532,2848,2024-01-04T08:59:00,139.39
1217,1530,2025-08-21T17:19:11,368.25
8289,3251,2024-09-01T23:34:34,544.61
825,8758,2025-02-21T19:42:34,485.73
579,9576,2024-03-07T11:57:35,1949.44
5737,9209,2025-01-10T00:00:49,407.42
868,5501,2025-07-14T22:38:53,1073.8
1705,4115,2025-06-14T14:02:35,1000.5
2530,1486,2024-04-14T13:16:55,203.71
598,1783,2025-10-31T15:25:37,1732.27
967,2791,2024-09-23T11:26:11,1355.89
6316,4513,2025-11-19T06:04:49,1635.99
9426,1738,2024-04-27T11:00:54,838.88
642,8842,2025-07-10T20:36:39,1053.76
2515,3937,2024-10-12T09:36:14,30.51
8547,3853,2025-01-11T09:38:00,274.1
9766,6646,2025-05-14T12:46:27,302.72
6195,3676,2024-03-02T01:06:33,5.93
2823,8760,2025-09-20T11:33:36,685.93
3399,1732,2025-05-29T16:04:33,478.02
3456,2230,2024-05-15T18:46:22,737.27
4639,1585,2025-04-06T16:56:36,1523.84
1140,2226,2024-11-02T07:14:27,1185.83
8268,3193,2025-11-10T07:05:15,1903.0
2850,5651,2025-02-24T01:03:37,431.4
8961,9923,2025-11-13T08:56:34,1083.87
8667,1770,2025-03-11T15:30:32,689.11
4417,9938,2025-01-02T17:43:05,1615.82
4004,4359,2024-02-11T04:22:09,1034.95
256,5438,2024-12-18T10:25:29,616.71
2641,2644,2025-11-12T00:00:49,1649.68
8740,5018,2024-06-11T11:33:44,1183.51
1828,4982,2024-11-03T10:24:05,22.82
2984,1712,2025-02-05T18:22:03,1768.19
9696,3944,2025-11-15T02:57:03,1251.86
4648,1458,2024-06-26T00:42:00,1702.58
984,5873,2025-07-02T08:34:36,1837.77
1022,7743,2025-08-05T14:46:05,1837.94
6759,7962,2024-02-22T00:14:27,693.95
1466,9689,2024-01-04T08:51:33,1473.75
5356,2967,2024-01-28T04:18:43,607.59
8833,3142,2024-03-19T18:46:43,206.18
3998,9487,2025-08-15T15:16:02,923.14
6410,3856,2025-03-19T13:01:01,883.08
3454,8350,2024-02-02T21:34:21,1929.47
5587,9748,2024-05-18T19:46:47,252.65
8254,1547,2025-06-14T11:07:04,455.94
7831,5190,2024-10-29T17:55:29,1731.77
319,1224,2024-08-29T08:48:08,1106.74
7056,1213,2025-07-24T17:24:41,259.52
4177,6902,2024-09-10T15:09:24,673.3
7721,8117,2025-08-07T02:01:32,1698.6
5273,4165,2024-10-29T14:13:54,1583.61
310,7622,2025-08-23T01:20:13,1730.5
4523,9765,2025-10-17T16:26:22,1943.68
7544,1102,2024-05-09T18:00:11,1271.43
6209,3322,2025-12-21T13:16:56,1810.56
9724,6857,2025-12-04T18:02:04,54.03
5759,1838,2025-05-30T05:04:22,995.79
5653,2082,2025-01-09T21:31:11,442.09
2952,6381,2024-12-23T03:16:51,36.67
5508,7742,2025-02-06T02:06:03,560.65
2440,7254,2025-10-08T10:53:35,582.48
2582,9846,2024-12-02T06:02:10,630.14
3026,1894,2025-01-28T21:10:32,847.01
804,4762,2024-10-21T14:13:32,498.79
4290,7701,2025-10-22T23:34:21,126.3
2003,5823,2024-11-24T03:15:57,1228.2
9524,8286,2024-05-29T23:02:45,1291.99
2084,9290,2024-12-10T16:32:55,54.74
1059,5902,2024-10-12T11:50:47,278.57
841,6269,2024-07-04T21:27:08,1552.15
4684,8982,2024-06-15T23:46:39,603.42
2357,2158,2024-01-02T01:25:12,772.83
780,9281,2025-03-01T08:55:18,408.3
171,2193,2025-04-19T18:58:21,913.56
2091,7350,2024-12-22T19:14:52,1428.79
6440,7808,2025-03-23T19:39:20,1984.4
785,1911,2024-12-12T00:23:57,909.6
9746,2791,2024-12-08T09:25:11,1784.42
7978,3879,2025-08-02T03:41:32,405.01
9106,4824,2024-07-06T08:18:00,136.88
2134,6606,2024-12-04T03:34:52,1091.33
264,9751,2025-07-03T22:25:16,257.53
6647,1046,2025-07-20T14:36:01,1733.27
7308,5288,2024-09-13T15:14:37,1749.94
4787,2521,2024-04-06T19:37:54,1938.64
6590,5907,2024-03-07T02:54:05,1193.38
8724,9110,2025-01-18T04:12:56,109.4
2650,3131,2025-02-05T01:45:28,1694.69
8318,8163,2024-09-06T01:08:39,1422.65
5293,8427,2025-07-02T14:19:31,573.1
8974,2876,2024-05-20T03:01:29,1871.63
8564,9648,2024-06-04T10:55:06,1493.34
7286,6071,2025-12-18T04:37:35,1770.2
6028,6569,2024-10-13T15:32:46,1089.22
1474,5819,2024-09-23T07:21:04,908.43
9711,8088,2025-04-21T00:46:46,996.9
4240,8973,2024-07-31T16:54:21,880.64
6650,2713,2025-02-05T13:02:56,1575.62
4789,4434,2025-08-10T16:09:53,245.11
1570,6379,2024-12-16T00:38:59,1234.6
9286,9180,2025-05-09T21:22:37,606.82
17,6925,2024-08-15T17:14:21,1156.82
4338,2370,2025-09-20T21:32:37,195.3
560,1436,2025-12-23T17:15:14,832.72
7220,5784,2024-03-23T10:25:02,511.24
3589,9906,2024-07-26T17:45:11,250.54
1868,9667,2024-07-25T11:09:45,86.1
928,8212,2024-09-12T23:06:10,672.8
9439,6638,2024-08-09T20:59:20,1455.28
6085,6529,2025-08-27T07:18:53,479.11
5093,2136,2024-12-08T04:05:01,1687.63
4119,2710,2025-01-26T00:54:09,112.73
8465,7639,2024-05-13T07:08:52,1176.69
7268,9924,2025-01-04T01:31:06,843.61
4450,6818,2025-01-15T12:07:50,1159.5
7617,6618,2024-08-01T00:33:12,1909.61
1879,8258,2025-02-18T16:37:34,1867.37
9321,9387,2025-09-03T15:11:35,892.93
9143,1447,2024-04-29T03:37:50,810.41
4010,9516,2024-04-04T00:14:42,198.24
9517,9073,2024-09-24T21:11:43,1447.46
6018,1339,2024-05-03T04:23:07,489.22
6104,1081,2025-11-27T05:22:14,1588.65
8406,7726,2025-05-17T23:05:01,1475.39
4133,4677,2024-02-04T11:57:57,415.43
1234,3636,2024-10-18T15:02:32,1465.31
9190,6555,2025-05-07T06:42:31,1497.14
3584,6544,2025-09-27T13:23:07,1706.18
6304,5287,2024-08-11T03:44:55,452.29
1187,9674,2025-01-01T08:50:03,718.08
8153,3416,2024-11-08T21:13:58,1787.54
332,9022,2025-10-12T11:40:57,1731.19
90,9883,2025-03-25T20:42:11,126.61
3272,5249,2024-05-29T00:59:33,1965.98
1462,7790,2024-03-24T16:53:56,97.77
7587,5749,2024-11-06T20:32:38,1107.99
222,2876,2025-04-16T15:54:49,1556.69
191,3267,2024-03-03T14:04:35,305.91
6533,7602,2024-07-25T14:40:51,832.53
404,3531,2025-07-30T12:53:50,1771.4
5804,6582,2025-03-04T10:39:16,243.91
8266,8279,2024-02-14T16:28:41,1561.25
3990,1432,2025-03-10T02:49:15,1915.2
4261,6157,2024-02-27T13:06:35,1785.08
51,9689,2025-08-27T18:38:58,1837.39
6347,4802,2024-06-27T07:33:29,150.13
3351,5637,2025-02-13T23:44:00,568.32
9180,5035,2024-10-14T04:18:10,1745.31
5778,8884,2024-04-04T20:03:45,1337.66
9525,3556,2025-11-15T03:52:43,1388.36
1797,9715,2025-07-31T01:09:39,1618.57
141,2137,2024-08-04T09:32:14,1933.94
8135,5795,2024-08-17T15:03:02,873.09
9498,5718,2025-09-15T01:31:28,1417.77
5609,5889,2024-10-12T10:43:12,235.49
2878,3569,2024-01-26T07:50:44,1888.42
6626,4513,2024-02-27T08:43:14,1997.43
5722,5131,2025-10-15T07:38:18,782.17
936,3947,2025-02-27T19:15:48,1365.02
1339,4643,2025-07-08T02:10:02,1374.2
9319,9343,2024-10-20T15:47:33,1298.32
9644,3083,2024-05-21T14:17:56,1676.39
966,2885,2024-02-04T16:57:08,50.06
9366,1225,2024-11-08T15:05:47,641.28
9066,2909,2024-05-25T09:00:03,1117.87
9034,2453,2024-04-16T04:22:07,666.2
8909,9986,2025-03-29T23:27:33,95.09
1270,3422,2025-09-30T21:42:17,1669.05
6514,1882,2024-07-10T11:08:56,926.58
5959,2369,2025-03-04T23:11:42,681.53
7882,6883,2024-09-24T22:16:01,1170.77
4435,6745,2025-03-11T09:35:03,239.84
5355,1366,2024-11-20T06:31:20,598.45
7598,8324,2025-12-19T19:43:09,1577.66
8487,3325,2025-03-27T05:06:37,1803.0
2178,9624,2025-07-22T00:17:34,1967.24
2117,8625,2024-08-29T02:07:13,943.74
730,3399,2025-09-16T23:07:34,584.45
5182,5959,2024-01-15T22:08:26,764.44
2465,6761,2025-03-26T12:51:11,1647.51
5744,8478,2025-08-10T00:38:26,93.8
8555,9981,2025-07-26T15:05:34,499.66
991,3838,2025-02-21T09:28:32,1112.05
4038,8925,2024-02-22T23:31:42,756.16
8321,7519,2024-07-25T16:56:19,967.1
4893,6593,2025-11-14T16:37:05,1751.09
7995,4848,2024-07-20T12:55:37,702.7
252,4986,2024-11-10T02:35:00,615.88
3031,6499,2025-03-15T16:48:40,1234.13
3075,7129,2025-12-27T14:57:48,512.79
9470,1353,2024-05-29T13:40:27,84.88
4162,5524,2025-09-03T01:48:59,522.78
6372,5009,2025-02-07T13:52:14,833.66
2775,8364,2025-10-29T19:46:02,1172.53
9335,2511,2024-07-30T23:35:20,82.83
8999,6574,2024-09-12T18:01:48,1266.09
7188,3883,2024-10-30T12:23:43,1813.44
4129,7294,2025-04-01T21:35:28,604.32
4555,7131,2024-02-07T22:16:47,1148.81
4935,4728,2025-10-11T12:33:44,636.49
4209,8439,2025-11-11T17:23:10,35.95
5662,5018,2025-09-18T04:27:05,456.27
5070,9004,2025-09-06T12:51:05,137.67
9969,8516,2024-06-10T03:34:52,201.4
566,8740,2025-10-06T11:52:37,1393.66
5178,6529,2024-12-02T06:46:00,85.71
5342,6077,2024-01-19T11:53:51,29.66
754,5470,2024-12-29T12:32:22,389.66
1942,5444,2025-09-04T23:32:23,110.91
1836,6189,2024-06-29T17:22:10,1963.44
6096,4581,2024-05-16T07:42:32,511.78
739,3252,2025-08-21T16:07:14,15.34
814,4836,2024-08-12T16:15:41,1632.49
8820,5378,2024-12-13T19:54:27,633.55
6280,6613,2025-08-02T19:15:41,1705.7
9867,6498,2024-08-29T09:04:23,69.81
5689,8720,2024-01-02T14:54:33,359.26
4256,2908,2025-07-22T06:38:29,1937.04
9951,9734,2025-06-05T09:47:13,1676.71
4500,1440,2025-06-04T07:24:22,447.28
9519,9515,2025-11-02T02:28:49,586.16
3514,4473,2024-09-06T19:47:48,574.21
6755,6006,2024-06-27T06:31:58,28.57
7180,4192,2024-12-25T17:05:01,244.23
6937,1312,2024-03-14T14:21:21,288.94
8887,1325,2024-12-17T13:44:00,1916.87
5083,8242,2024-04-20T21:12:54,1196.02
1470,3103,2024-05-14T21:04:32,211.59
9244,7869,2025-12-13T18:05:03,1667.3
453,6119,2025-04-11T08:27:19,706.53
1185,4588,2025-04-08T19:03:20,63.46
7432,5739,2025-10-27T18:31:39,303.56
6438,9378,2024-08-03T07:05:15,389.74
4508,3947,2025-05-23T00:16:52,854.29
5768,5212,2024-08-15T01:10:36,834.07
9820,1468,2025-12-19T18:15:40,131.55
7278,5461,2024-10-20T16:57:52,1986.41
3609,2251,2025-07-06T11:43:03,1578.77
9866,9094,2024-12-04T12:23:47,1882.34
5115,1343,2024-10-12T21:28:22,866.31
2297,3939,2024-01-06T14:39:54,1852.64
3137,5873,2025-10-16T11:56:17,785.23
5197,6589,2024-01-11T10:40:27,1740.97
3091,3258,2025-04-14T04:00:38,1996.82
2795,6902,2025-10-09T01:45:02,1592.97
3570,3955,2025-01-15T23:55:31,1296.89
2560,2391,2024-08-30T09:57:24,1821.23
5777,9758,2025-01-23T17:18:28,933.27
2501,8203,2024-05-23T18:59:40,1348.68
6606,8540,2025-12-24T03:17:14,1164.16
5326,9785,2024-04-28T06:15:17,19.66
2802,5273,2024-10-05T16:16:11,717.3
1910,4617,2025-06-25T23:21:01,310.63
2852,3621,2025-08-11T00:21:58,51.73
4494,8593,2025-10-07T17:25:52,1413.92
4665,7528,2024-01-26T12:11:30,1254.67
9552,4525,2025-12-23T18:18:27,751.53
5232,1699,2024-05-12T11:20:14,1383.27
989,3258,2025-04-08T06:10:59,1151.74
9735,8598,2024-01-01T12:35:49,586.41
8405,5992,2024-02-08T18:24:27,980.01
304,2494,2025-01-16T22:25:59,942.67
5664,9336,2024-09-11T21:13:36,604.64
9274,1265,2024-08-28T08:19:30,1992.74
7272,6387,2024-10-23T21:18:24,620.99
7853,4542,2024-12-24T09:01:25,1232.6
9056,1959,2025-11-21T18:51:25,1411.94
582,8702,2024-10-30T06:35:06,91.85
6170,1890,2024-09-06T15:11:44,909.01
4112,2258,2024-04-05T01:15:38,157.37
6728,3021,2024-04-09T08:32:24,1345.14
5650,5180,2025-03-17T07:46:12,1980.9
1769,2381,2024-04-30T14:31:26,1311.39
2594,6220,2024-11-14T15:48:20,1721.07
1018,6302,2024-05-10T18:46:53,1958.11
8814,3619,2024-11-29T18:11:13,32.52
7671,2119,2025-03-08T11:48:35,708.49
615,3621,2025-09-14T05:30:40,1905.81
8021,3819,2024-07-18T10:41:13,39.3
5494,7054,2024-02-01T00:41:41,558.39
3036,4916,2024-06-14T13:11:23,964.09
4361,7088,2025-04-22T18:18:14,1129.8
9261,2998,2024-04-22T03:25:41,1909.77
1040,1793,2025-08-15T01:26:41,96.66
8095,2939,2025-06-20T00:16:33,495.59
5031,6251,2024-03-11T15:29:44,1824.17
3862,6196,2024-08-01T08:17:09,1508.62
3696,3935,2024-02-25T06:01:56,1422.76
6249,4765,2025-06-21T07:57:40,1326.32
5840,1086,2024-11-12T20:00:09,1364.42
5194,7117,2024-05-17T13:31:04,134.59
722,5331,2025-06-08T23:06:12,1222.1
8358,9613,2024-06-18T15:03:33,1427.89
5791,2096,2025-08-03T18:46:42,1952.39
4569,6674,2024-09-05T06:34:25,1646.14
1938,8913,2025-03-02T06:22:28,1247.97
6774,8884,2024-09-01T06:44:37,1159.66
6122,6999,2025-08-31T14:04:19,1160.66
2090,4361,2024-04-13T02:01:37,1450.52
9481,2172,2025-03-18T19:53:40,1765.36
1840,1646,2024-07-13T17:18:59,973.18
5847,5413,2024-08-11T10:25:20,501.82
3577,1193,2025-09-19T14:04:34,1208.57
3123,7407,2024-11-15T03:00:30,318.29
3090,5496,2025-08-01T19:44:46,385.33
279,1986,2025-04-27T08:47:18,1221.21
3803,3010,2025-12-21T04:14:33,218.62
4954,4587,2024-06-23T08:23:52,494.48
2521,6548,2024-06-03T15:14:21,404.53
7509,3754,2024-01-17T06:17:22,1413.93
9536,5397,2025-12-14T02:44:01,257.37
2620,1916,2024-07-16T12:36:21,983.27
6248,1555,2025-09-12T02:58:37,1903.04
2074,7147,2024-09-20T10:15:33,1254.89
9269,7261,2025-02-26T04:25:00,122.23
6296,4631,2025-04-02T14:04:18,1737.33
7353,4000,2024-08-15T09:21:01,533.92
5914,2946,2025-04-20T04:17:40,191.55
4445,5703,2024-10-21T14:51:33,360.12
9844,2324,2025-09-11T23:16:17,1171.28
9952,2707,2024-09-06T01:10:53,364.71
1028,8405,2024-10-18T09:43:08,155.65
6794,7216,2024-12-03T01:47:48,233.66
622,3255,2025-03-21T18:40:38,1061.27
8823,8936,2025-06-26T21:59:02,1498.38
3725,4496,2025-01-02T16:59:43,112.88
4369,3936,2024-11-19T08:26:57,304.95
3247,5043,2025-07-25T09:46:29,488.49
2899,8259,2024-02-05T14:08:28,1473.15
3710,7360,2024-06-22T05:58:38,1748.95
3932,1159,2025-08-13T12:17:15,1190.04
85,1960,2024-11-07T11:55:58,333.45
3131,3337,2024-01-06T18:45:11,894.23
694,2946,2025-04-29T02:03:54,261.68
2324,4615,2024-10-18T16:25:51,151.69
5534,5541,2024-09-19T05:25:47,571.96
5924,3691,2025-03-08T01:56:19,58.66
8400,3857,2024-07-27T02:19:58,187.28
858,9584,2024-02-15T14:50:41,72.48
8902,1215,2025-02-13T01:02:04,601.15
8191,2746,2025-01-17T00:11:08,848.75
8244,5244,2024-08-05T02:07:26,1086.72
7974,7691,2024-11-27T05:59:13,51.95
5544,3713,2025-04-18T11:54:07,1784.31
8243,4902,2024-08-20T11:13:38,1241.29
202,8140,2024-07-30T23:52:58,973.86
728,9899,2025-03-21T10:22:56,762.49
5860,7772,2024-01-11T16:30:12,218.37
7653,2519,2025-04-10T11:30:25,520.36
2679,7283,2025-07-08T01:32:45,1418.36
7864,3739,2024-03-27T04:25:55,1096.58
9048,2882,2025-12-18T04:27:54,852.27
3526,6618,2025-02-28T12:58:17,606.45
9850,9909,2024-05-24T20:10:58,1691.18
7413,5053,2024-04-24T12:20:52,973.51
9094,3587,2025-08-11T16:54:23,1280.52
7001,6835,2024-02-06T00:51:45,492.35
3500,2688,2025-08-30T22:54:03,1403.78
9913,1096,2024-05-17T22:21:41,266.21
7971,7513,2024-08-10T19:32:43,233.27
215,4673,2024-09-28T19:44:01,1302.04
4391,8203,2025-09-18T23:56:22,853.68
9035,5985,2024-10-13T01:24:00,1286.85
5890,9682,2025-08-11T13:14:23,1844.05
3792,3507,2025-05-03T11:26:10,60.5
6847,6150,2025-01-31T12:20:57,1943.17
2808,6820,2024-09-21T08:06:11,1539.9
9868,9844,2024-09-13T06:20:36,289.96
4983,6076,2024-12-17T03:58:24,1079.1
6666,6755,2024-02-04T13:19:28,231.21
4018,1354,2025-05-09T03:34:29,373.69
1513,6207,2025-07-03T16:08:25,1053.16
8552,7687,2024-12-18T09:40:20,357.96
4647,7295,2024-08-15T01:28:47,518.32
3305,9267,2025-09-01T14:53:13,68.33
9217,1312,2025-12-03T00:43:24,1114.08
9702,2349,2025-09-21T17:55:55,284.96
919,7237,2024-05-11T17:15:17,343.16
590,8612,2025-06-15T19:24:29,1961.73
5102,7349,2024-02-15T08:58:54,1538.55
6890,8218,2025-09-26T12:52:26,111.21
710,8871,2025-03-29T05:39:44,345.17
115,6617,2024-06-12T14:25:16,411.18
6676,5933,2025-05-24T13:55:09,1614.95
1161,3290,2024-03-20T03:41:26,247.3
5795,4262,2024-10-13T12:15:00,1800.44
3480,4251,2025-11-17T07:03:19,225.78
1083,1225,2024-02-22T10:53:54,528.06
8388,6492,2024-11-28T17:58:00,1593.28
1646,1089,2024-05-26T19:36:25,1419.75
5514,9521,2024-12-25T09:10:29,350.96
3695,6952,2025-03-23T18:57:20,709.97
8870,9086,2024-10-05T10:26:17,707.37
9169,3848,2024-07-26T20:50:54,1492.12
8274,5394,2025-04-07T09:09:02,1283.63
3954,6715,2025-12-08T01:43:53,1776.55
8493,4335,2024-02-07T05:22:11,67.02
5323,6724,2024-01-06T13:19:47,1405.14
5786,6757,2025-12-19T05:54:58,64.43
599,5476,2024-09-14T19:31:28,253.33
2094,2426,2025-04-06T14:19:24,669.91
5130,5920,2024-12-17T07:51:08,1809.83
9200,9195,2024-09-12T04:07:26,1499.42
1144,6345,2024-11-01T05:10:07,639.53
6070,2249,2024-02-15T00:10:26,625.9
9962,2905,2024-12-12T12:47:13,1377.76
732,5201,2024-12-09T14:29:18,1495.94
5163,9057,2024-01-16T10:09:18,1893.48
9919,9241,2024-09-02T14:33:04,802.53
3539,9412,2025-11-06T22:44:32,1943.22
2374,6656,2024-10-16T13:45:09,907.56
7491,2945,2025-08-25T00:22:00,1193.61
2215,7258,2024-12-14T14:37:22,1358.59
6268,3521,2025-07-12T02:33:05,1674.9
2825,7799,2024-10-16T06:43:00,724.48
6158,3690,2025-10-08T15:28:59,959.44
6045,5222,2025-02-12T17:18:45,1176.31
9742,7051,2025-12-09T11:25:40,1919.39
7015,3935,2025-09-16T13:38:17,1595.69
8660,2924,2025-06-11T18:46:37,1200.97
7326,1710,2025-01-06T20:18:29,960.47
7471,9756,2025-03-21T18:12:30,1704.08
5754,8045,2024-01-02T17:57:02,100.29
2638,2312,2024-07-31T20:24:39,1647.28
8361,5446,2024-06-04T06:07:48,850.2
6084,7010,2024-02-03T06:50:45,1262.8
9906,8930,2024-12-03T23:46:26,232.25
9857,2663,2024-07-18T20:56:37,351.73
723,5038,2024-05-29T08:03:49,561.62
6358,4638,2025-10-22T11:31:28,849.03
2470,9612,2024-05-26T08:20:36,1692.91
1419,8835,2024-10-26T14:15:28,1600.8
7683,8851,2025-07-25T01:30:23,888.17
6568,1449,2025-05-27T01:34:08,1263.5
5111,3509,2025-11-28T22:41:05,911.18
9877,4969,2024-10-13T20:12:04,804.47
9923,8524,2025-06-15T22:25:09,1360.44
1887,1567,2024-01-01T03:38:48,1966.0
3125,2126,2025-01-06T11:14:50,781.04
2654,6367,2025-06-17T23:18:40,1600.06
5364,3511,2025-06-21T08:06:54,434.87
5213,2241,2025-06-29T22:24:39,380.46
2464,6939,2025-06-26T03:03:26,196.19
1969,9582,2025-07-01T16:41:41,1819.58
3747,2596,2025-05-11T06:15:53,77.79
8636,1206,2025-09-14T06:41:36,1435.06
3632,2920,2024-04-17T00:48:09,1924.29
6246,1264,2025-02-28T15:42:48,1906.41
2046,9666,2025-07-20T19:07:31,1974.44
255,6419,2025-08-02T09:14:39,706.86
111,5905,2025-09-26T15:55:30,1863.85
4740,2114,2024-04-19T02:30:18,1742.1
3194,6209,2025-05-08T11:50:48,1956.15
4016,8194,2025-04-20T22:40:31,1719.33
5019,3955,2025-06-14T12:38:25,1182.26
4048,3850,2025-11-15T02:28:15,1457.69
6992,7217,2024-06-14T01:35:45,629.64
6234,6722,2025-05-03T16:40:14,659.14
6927,6899,2024-11-01T14:52:42,900.73
4967,5045,2025-06-29T14:20:02,1592.14
7414,4074,2025-05-02T03:52:30,905.48
6678,3931,2024-07-13T08:23:49,98.68
1282,8955,2025-05-23T14:07:36,1146.19
8963,4442,2025-08-04T17:23:00,928.22
9364,8284,2025-04-27T00:10:18,504.91
5476,3393,2024-02-25T02:01:02,1335.83
6222,6217,2025-06-13T08:40:20,819.81
1204,6301,2025-10-17T18:35:45,123.81
2818,8233,2024-08-14T21:34:01,1525.12
2026,9169,2025-10-26T10:01:04,1089.28
3028,2120,2024-06-05T07:46:52,686.4
5391,3612,2025-02-23T14:15:49,1702.94
8071,9388,2025-06-20T03:22:05,226.58
9078,4616,2024-11-24T20:18:50,1782.75
3599,6854,2024-08-06T21:23:55,157.2
3692,2428,2025-09-11T08:17:49,1000.33
4132,7268,2025-11-01T03:15:03,772.4
1030,5558,2025-08-05T09:19:46,1390.93
2136,8972,2024-03-01T12:03:24,233.07
9206,7803,2024-02-29T22:26:25,196.88
9655,6712,2024-11-07T17:15:12,1123.25
7166,3418,2025-09-29T04:32:25,449.02
5498,8699,2025-10-26T09:25:06,1025.32
2625,1570,2024-01-17T08:51:06,1683.74
6596,7424,2025-08-07T05:12:52,1159.3
5365,7183,2024-11-04T18:39:46,64.65
799,6697,2025-10-30T04:54:15,241.67
6746,2192,2024-05-11T19:44:04,1795.99
7333,3431,2024-02-19T18:41:32,1448.45
9411,4011,2024-10-31T17:11:17,1810.12
2050,9132,2025-04-22T03:11:42,1041.81
7394,3671,2025-07-11T10:53:06,1915.44
242,7209,2025-03-18T14:46:02,676.11
5269,2566,2025-11-15T01:57:46,771.37
3027,4282,2024-05-31T18:39:10,1282.91
4518,7581,2025-06-04T13:20:20,847.8
5792,4715,2025-08-01T09:18:20,1669.85
9938,7735,2025-07-16T02:05:24,448.42
2172,9161,2024-01-06T18:30:18,1694.37
6805,3265,2025-08-18T07:22:19,394.0
265,1893,2024-02-05T08:28:26,1108.95
5169,5789,2024-09-06T02:15:17,1424.26
3996,7433,2025-10-18T09:56:33,256.24
5295,3030,2024-01-14T04:05:12,109.58
1738,9470,2024-04-14T10:44:01,1070.3
1390,4366,2024-04-28T22:29:45,1391.91
3940,9940,2024-09-29T11:01:57,518.39
9139,6490,2024-09-17T09:20:17,1820.36
8700,4544,2024-01-09T12:06:14,1175.35
3423,6022,2025-07-19T17:00:25,1179.71
4584,4462,2024-06-18T13:30:26,1984.3
4759,2197,2024-05-28T06:24:00,1535.39
948,9796,2025-09-22T22:18:47,1189.67
8979,2610,2024-10-27T13:34:45,1023.93
3776,7792,2024-01-04T05:30:08,70.19
3372,2910,2024-04-03T04:58:09,169.86
9032,2711,2024-06-30T09:09:17,1020.54
4042,6703,2024-09-08T17:13:33,1171.06
9904,2237,2025-11-29T23:12:49,1574.76
1050,4836,2025-08-09T14:32:52,861.32
8750,5920,2025-07-31T13:36:10,1695.99
1088,9808,2025-02-20T18:17:35,1234.01
9453,7849,2025-08-13T01:11:46,138.46
3603,6486,2025-02-16T00:52:33,1201.22
1322,5511,2025-07-04T23:34:53,850.49
7424,2696,2024-09-30T19:28:56,1177.58
3345,3933,2024-02-10T19:54:24,1714.27
4886,3487,2024-04-05T21:40:26,415.63
1081,3830,2025-06-14T10:57:45,1526.64
7321,9558,2025-11-16T07:57:03,1167.36
3634,7958,2024-01-21T11:08:29,746.51
8459,2966,2025-01-16T00:17:32,1125.9
8495,2074,2025-05-12T14:03:26,911.25
9540,7242,2024-12-16T13:56:20,50.77
5309,7821,2025-02-11T12:43:54,1285.43
62,7118,2024-11-05T21:45:19,879.01
7534,3540,2024-05-27T11:28:08,1329.33
1957,5519,2025-01-24T08:00:16,1624.73
3891,4418,2024-09-21T10:27:02,1628.92
2079,9143,2024-03-08T10:01:40,1754.71
6615,2674,2024-09-19T13:06:38,774.94
2614,2478,2025-11-18T01:29:03,479.96
5885,5453,2024-03-17T18:24:37,1724.69
9828,8602,2024-04-18T04:09:55,1195.27
7761,6680,2024-10-04T08:14:11,1580.76
5684,6359,2025-04-09T11:11:43,1188.92
8900,5402,2025-03-07T06:23:56,223.48
2300,3344,2024-06-09T03:06:18,1281.45
7857,7236,2025-09-23T11:21:40,1134.91
6442,2522,2025-01-23T06:09:48,1219.35
914,2468,2024-01-21T09:33:26,711.06
1785,3233,2025-09-25T07:46:51,691.05
9514,3414,2024-05-24T12:09:26,1575.91
1021,2560,2025-06-11T15:03:25,275.5
5072,5202,2025-07-28T20:19:56,1910.86
425,7897,2024-04-08T10:57:01,1054.54
2874,3668,2024-11-19T19:59:45,292.97
5578,3320,2024-08-15T16:45:52,1717.71
9792,5860,2025-09-02T22:20:03,1125.32
9896,6566,2024-10-29T18:53:57,1618.75
1067,7291,2024-04-05T15:49:01,706.31
1205,3320,2024-04-24T17:33:05,1549.86
2708,5469,2025-09-30T21:50:56,1128.68
2422,4185,2024-11-02T08:35:20,983.48
1844,5510,2024-12-29T19:30:37,1735.99
4352,2269,2024-11-26T15:39:39,754.49
1566,8982,2025-07-17T13:57:50,1903.32
9527,7466,2025-07-11T12:09:37,979.03
6054,1642,2024-06-24T07:40:52,1765.35
2781,5764,2025-04-07T19:15:15,78.85
5048,3921,2025-02-10T23:46:40,1019.95
5358,4353,2025-11-20T05:37:33,245.05
2929,1305,2025-12-10T17:15:24,541.97
5128,4498,2024-08-26T09:00:42,788.69
6039,2008,2025-06-25T12:34:27,1348.99
9289,3486,2025-05-13T04:51:05,242.35
490,6928,2025-12-15T09:45:03,180.82
4034,3858,2024-02-18T18:02:19,1313.56
1229,8855,2024-03-19T18:45:55,1578.52
9537,5147,2025-09-26T15:58:27,1547.6
6674,1914,2025-04-10T15:22:31,761.07
2396,1775,2024-08-11T19:26:10,300.93
2353,1399,2024-12-22T17:39:09,1952.96
7185,1574,2024-05-07T18:05:59,400.93
4413,5145,2025-07-01T00:26:29,551.98
6852,9877,2024-03-16T00:13:56,1347.58
985,2388,2025-04-03T09:32:08,1345.86
3285,7074,2024-09-18T09:45:01,1365.31
1526,7143,2025-02-05T11:06:52,1031.05
6742,5808,2024-07-07T15:54:48,1291.9
5103,4678,2024-04-02T22:17:24,1525.54
2784,9655,2024-02-17T03:37:02,42.94
5307,6629,2024-11-16T12:12:01,1502.95
827,8586,2024-04-22T02:54:41,1829.91
3008,1173,2025-04-10T16:54:14,909.56
9326,3305,2025-02-20T13:19:52,20.38
7038,4538,2025-06-27T05:05:37,139.0
8122,9037,2024-04-30T18:08:07,1013.6
6436,6705,2025-07-20T19:50:23,1329.7
2021,7874,2024-02-09T20:29:48,619.58
8593,8055,2025-02-12T16:56:05,1145.88
1406,2659,2025-07-16T00:26:20,1810.03
5796,8420,2024-01-29T06:09:45,380.22
4541,6658,2024-08-01T08:42:32,1943.85
705,5911,2025-07-04T11:52:03,952.41
4493,8738,2025-12-10T00:26:28,1338.53
5820,2291,2024-06-13T21:45:14,466.88
7208,1231,2024-03-17T15:20:51,985.33
7449,6186,2025-11-12T16:32:50,831.16
8362,7973,2024-12-11T09:40:34,1319.77
9582,2395,2024-03-28T15:10:06,1139.66
9741,9995,2024-01-20T08:52:09,1678.02
3418,5476,2024-09-16T01:12:50,296.93
6398,3357,2024-07-02T12:25:49,476.73
1343,3967,2025-11-11T19:02:49,591.1
4572,7390,2024-05-12T01:16:46,515.11
659,6531,2025-04-30T01:08:08,1685.85
6791,4032,2024-01-12T13:48:32,463.89
516,8381,2024-02-18T01:24:33,211.49
2496,4138,2025-07-09T23:41:45,1928.71
3619,5028,2025-05-22T22:35:24,769.45
5691,6853,2024-10-11T21:01:55,1333.79
45,3591,2024-12-03T16:36:42,910.18
484,1693,2025-10-31T08:27:07,875.26
8484,9645,2025-05-16T03:23:48,1161.9
2752,3941,2024-12-25T12:41:20,1573.42
7377,1163,2025-11-12T19:39:08,463.3
7388,3835,2025-12-02T18:40:31,1820.92
7464,5860,2024-05-13T21:01:55,1329.84
8837,6561,2024-08-11T22:36:42,459.82
4472,8126,2025-06-23T10:23:21,1463.25
7618,7567,2025-03-09T21:32:42,1637.91
1213,3872,2025-04-02T10:49:35,759.88
2602,1606,2025-12-04T10:38:40,407.97
1061,3340,2025-06-09T22:45:00,141.48
2359,7977,2024-08-18T08:50:16,1507.01
8892,6452,2024-02-05T03:00:07,1463.99
3588,1915,2024-07-08T08:55:35,1089.34
672,6658,2025-10-30T14:03:11,1950.87
6970,6518,2025-05-22T22:20:52,1761.6
1842,4109,2025-01-15T15:58:37,1135.57
5626,8816,2025-03-04T10:41:40,85.85
6307,2854,2024-02-27T20:57:37,1828.19
3798,5018,2025-02-19T20:54:01,1453.99
92,9238,2025-01-05T07:58:55,1839.18
5359,1497,2025-05-09T13:07:50,1761.18
9860,8242,2025-08-31T14:10:18,787.55
1728,7945,2025-01-22T09:44:49,425.01
6154,5375,2024-05-29T03:54:06,800.35
9981,9378,2024-08-17T12:55:18,457.39
7279,8472,2025-03-13T07:49:58,1600.08
1917,3136,2024-12-03T11:30:04,1525.26
2498,2616,2025-07-17T09:29:31,1848.84
6554,4543,2024-04-25T07:07:10,972.49
2466,3243,2024-01-11T00:25:47,1038.75
2263,4129,2025-05-28T04:58:34,601.25
5545,4610,2025-12-13T17:46:47,562.54
7603,6830,2025-11-06T07:30:47,1291.87
2595,2055,2025-12-08T16:50:22,1269.69
9931,7148,2024-08-06T02:48:48,124.91
5773,3548,2024-02-29T04:57:04,1747.08
229,2983,2025-04-11T08:29:01,1593.47
7644,6259,2025-03-07T14:43:12,1426.17
4100,3257,2024-11-27T12:45:16,235.59
8312,9894,2024-12-28T22:32:35,1332.7
1901,1612,2024-08-21T07:44:10,1462.92
3953,9632,2024-12-14T22:59:15,354.03
5368,1721,2025-03-23T23:35:54,1314.94
2605,1691,2024-05-16T16:36:08,1927.75
3253,2512,2025-08-21T19:57:47,1290.57
4491,6647,2024-05-03T18:07:22,204.33
8134,7280,2025-07-24T09:18:48,42.63
1527,8300,2025-01-30T03:31:07,976.18
8615,7815,2025-02-19T04:38:34,1732.67
7577,6625,2025-05-04T06:26:36,416.48
4266,7163,2025-03-31T10:13:57,1744.87
9188,4822,2024-09-03T19:51:44,679.44
2203,2382,2024-09-23T07:08:59,1934.85
6394,4507,2025-03-16T07:18:31,1483.28
7483,6006,2024-08-28T05:50:32,1501.4
4204,3263,2025-06-01T05:19:30,1213.06
8819,2162,2025-07-20T04:12:44,569.04
597,4131,2024-01-29T10:39:38,575.79
4014,4015,2025-01-10T17:11:07,1641.44
1820,6293,2024-08-30T10:08:24,321.43
9096,5304,2025-11-15T03:16:36,1624.73
2771,8592,2024-08-21T17:30:56,300.59
8941,2479,2025-09-12T00:04:02,940.13
5209,2003,2025-07-22T05:21:18,887.82
1092,2083,2025-03-31T11:58:51,623.79
2561,5995,2024-02-20T21:00:46,233.37
7371,3968,2024-09-19T19:07:23,899.67
6831,4835,2025-02-14T01:47:05,1082.17
8602,9124,2025-01-15T17:50:27,396.92
5156,5086,2024-08-06T10:35:35,1952.37
1726,5413,2024-07-03T04:35:39,945.33
3955,7836,2024-10-30T17:15:25,1890.81
7881,3194,2025-06-09T22:33:59,544.35
4697,3929,2024-05-06T16:58:47,135.79
61,4295,2025-06-19T20:03:53,1427.33
5818,5328,2024-03-14T21:51:35,1537.16
5045,5963,2024-02-06T16:00:44,772.88
2835,8111,2024-05-07T15:14:02,127.63
6400,5006,2025-06-29T14:59:40,1579.76
792,2130,2024-02-16T19:14:46,1972.34
4738,5271,2025-02-28T13:05:08,1115.57
2570,6563,2025-01-25T12:17:04,337.42
4090,2704,2024-02-02T10:06:29,76.02
8546,6085,2025-03-27T15:30:49,1136.06
8128,9072,2025-12-05T23:01:39,662.38
6163,7343,2025-08-15T20:05:06,1010.28
114,5462,2024-04-30T17:45:32,567.1
4747,7730,2025-05-13T20:13:32,857.53
8336,3867,2025-03-21T08:54:26,1190.07
7571,9159,2025-06-11T22:49:06,513.55
973,4232,2025-07-26T17:54:55,901.9
2876,9408,2024-04-10T11:54:52,1727.23
2985,1769,2024-06-23T09:52:55,559.48
3705,1699,2024-07-23T03:27:30,1243.12
9479,9042,2024-03-21T05:18:24,1319.93
8014,3057,2024-04-23T01:42:14,474.41
2686,1673,2025-11-24T00:17:49,1163.07
1517,4495,2024-06-20T19:25:51,1328.35
7609,1319,2025-01-07T17:05:47,1308.99
9081,2182,2024-12-17T08:13:09,658.16
5780,6787,2024-03-12T11:33:55,356.92
5944,9730,2024-05-02T06:05:44,1322.73
5617,4720,2024-01-13T17:18:31,1807.81
8607,2162,2025-08-01T01:05:44,1183.62
1244,1062,2024-10-07T06:20:19,858.07
7480,5881,2024-11-07T19:49:12,1787.79
3600,2939,2024-09-16T05:04:51,724.18
8163,9667,2024-06-18T05:43:43,865.32
9855,7933,2024-10-17T22:09:05,1439.69
826,5927,2024-06-24T00:43:36,1715.79
2942,4485,2025-10-16T08:11:42,1172.39
1093,4909,2024-12-05T19:19:51,120.52
5107,7336,2025-04-23T11:59:14,902.09
407,1536,2024-08-05T06:44:03,1382.11
2382,3424,2024-03-28T00:17:22,995.18
1090,4329,2025-02-01T03:24:37,1948.76
6322,2427,2025-08-20T21:21:17,75.21
768,8625,2024-04-01T19:52:15,617.08
2909,8278,2024-07-09T12:28:31,173.87
4614,3897,2025-09-10T20:33:46,1945.75
3640,7823,2025-09-24T00:40:38,303.69
6048,2549,2024-03-10T22:47:45,1424.05
9595,2544,2024-04-20T07:33:41,938.91
8776,3239,2024-02-06T07:11:12,480.41
3218,4348,2025-03-02T07:15:05,476.44
716,8726,2025-08-24T22:31:50,1746.27
8621,6853,2025-06-18T10:23:22,184.21
3061,5588,2024-02-11T08:49:09,1746.34
3817,9384,2025-02-06T08:07:30,1523.12
5923,6847,2024-09-28T01:03:49,1507.89
56,2133,2025-01-12T11:31:07,1956.08
3886,4971,2024-10-01T04:34:39,1320.66
2242,4287,2025-01-16T22:21:30,1222.55
2206,8211,2024-07-03T19:39:42,1453.37
5224,8306,2025-08-16T18:04:44,28.94
3762,2625,2025-06-29T07:57:18,1990.75
4642,5771,2025-07-08T10:15:17,616.79
5922,1001,2024-08-03T16:08:35,857.08
8380,8231,2025-03-03T13:40:21,44.45
7623,8826,2024-12-04T19:07:58,278.17
4294,1895,2025-12-09T15:47:09,540.29
1963,4726,2025-06-10T14:44:27,837.58
9780,5539,2025-08-15T08:38:35,613.63
2198,3860,2025-04-14T00:02:57,1820.71
1146,3230,2024-06-06T10:50:14,1560.97
5648,7841,2024-05-30T10:09:48,1599.95
6237,9832,2024-09-17T05:48:13,1977.8
2867,2511,2024-03-04T15:36:21,129.08
5386,5148,2024-03-08T03:27:43,1770.12
1015,4385,2024-04-18T03:31:40,1627.99
1734,8081,2025-03-07T08:17:19,1713.34
7828,3366,2025-05-07T16:03:20,292.68
6842,9552,2025-05-05T03:48:22,1156.74
3375,2549,2025-08-01T22:30:15,1589.72
7110,6551,2024-06-05T03:09:27,1610.97
519,5059,2024-01-31T09:39:43,1416.71
6788,9432,2025-02-05T15:05:25,1848.69
8437,9324,2024-12-17T04:09:51,1295.85
1469,3903,2025-12-07T23:00:45,1385.18
8872,1093,2024-08-01T06:51:44,18.66
9705,5201,2025-11-25T11:46:52,1539.36
9863,4940,2024-12-01T03:30:26,45.25
5992,6594,2025-05-09T12:21:00,181.93
6971,3855,2025-04-23T22:14:49,1919.89
8886,1686,2025-11-04T14:57:13,1461.73
3530,6690,2025-08-12T19:24:21,1790.35
8086,4494,2024-04-14T19:42:52,1753.3
2547,9037,2024-03-25T23:01:41,1321.86
8171,3372,2025-10-09T23:25:59,951.16
6505,8361,2024-03-18T23:09:59,800.28
4093,4731,2025-10-22T02:02:40,47.78
4416,8446,2025-05-06T01:48:33,983.15
3814,9953,2025-04-21T21:52:57,15.0
7816,1647,2024-05-09T14:28:20,1848.04
5771,5731,2025-12-24T16:55:11,622.44
3311,2465,2025-08-08T01:38:40,215.41
1297,9462,2025-08-12T21:58:52,1735.04
8706,7078,2024-12-23T08:17:23,1139.01
6256,9940,2024-12-16T23:20:56,1017.53
532,7937,2025-06-04T18:12:23,1019.43
2911,9052,2024-02-04T22:33:21,1724.64
4920,4539,2024-01-20T21:58:29,1136.03
5568,8165,2024-03-10T11:40:19,513.58
1519,9691,2025-08-07T14:31:08,952.34
4304,2039,2025-08-18T14:58:18,1311.59
3641,8696,2024-05-21T16:38:21,1488.4
5611,7121,2024-08-20T15:25:10,52.63
2148,5989,2025-09-08T23:41:41,1837.41
5753,8360,2024-06-21T06:40:08,481.77
541,3712,2025-06-22T03:34:43,1443.76
1860,7366,2025-10-11T13:45:11,1317.55
4483,1881,2024-09-15T18:18:44,1940.8
2902,6060,2025-09-10T09:28:31,1124.28
4874,7901,2025-02-09T06:05:53,1788.02
6403,9013,2024-04-04T21:09:47,1450.95
7150,4604,2024-11-16T12:20:22,1317.28
4468,4065,2024-03-18T20:00:24,1826.73
9897,8404,2025-12-07T14:04:25,431.19
1348,6031,2025-11-07T20:40:27,843.84
4947,7629,2024-03-11T07:49:45,1705.16
9424,9710,2024-08-22T14:59:58,1561.57
7229,9709,2024-03-30T02:54:55,115.57
8233,7121,2025-08-04T16:51:14,51.67
4537,9704,2024-01-29T10:30:13,1478.67
2716,1473,2024-04-29T10:34:57,166.72
2845,8244,2025-04-25T03:50:58,1396.45
6948,1173,2024-02-16T05:33:09,320.03
8671,3603,2024-12-19T06:29:36,297.75
2014,6946,2024-12-15T01:23:37,175.19
557,9410,2025-12-04T04:07:51,298.96
6803,1776,2025-08-09T12:24:14,1573.41
4919,8074,2024-11-05T16:10:16,1339.79
1752,5694,2024-10-22T23:40:41,930.19
5425,6751,2025-04-01T00:47:52,1898.5
7867,1881,2024-11-12T04:11:29,1966.58
9070,1024,2024-03-01T13:16:15,283.4
4809,9496,2024-05-15T15:28:42,1930.77
3009,8014,2024-12-26T13:29:04,1760.48
4690,9424,2025-01-10T08:59:08,571.09
8408,9561,2025-12-05T02:55:48,527.54
3704,7769,2025-06-13T21:08:47,1014.36
2884,3340,2024-01-22T17:32:37,288.57
3389,5206,2024-03-09T05:06:02,1703.64
3618,6463,2025-05-09T11:09:43,280.75
6335,9072,2024-04-17T08:35:24,1413.67
6409,8189,2024-12-13T01:27:13,10.36
711,7229,2025-05-03T13:52:49,299.81
4325,5490,2024-08-22T16:33:30,920.52
972,8080,2025-05-25T13:06:27,794.19
9218,7334,2024-04-18T16:37:57,1465.17
3551,1844,2025-09-06T02:14:58,1286.61
703,5902,2025-04-23T20:24:07,1189.48
1073,9348,2025-04-16T09:56:12,381.35
1549,8170,2025-12-20T18:46:12,765.92
72,7669,2025-01-02T08:51:16,384.87
3242,3660,2025-03-15T07:42:30,392.49
4275,4845,2025-05-05T03:11:03,1277.24
861,3252,2024-11-16T07:32:53,1685.88
1128,7718,2025-12-25T05:08:59,52.7
8971,1276,2024-04-30T19:44:52,1372.07
5715,5628,2024-02-27T01:03:39,1541.88
8323,4550,2025-12-18T16:11:38,1725.22
2936,8401,2024-11-25T03:19:05,88.38
6682,1819,2024-11-14T19:32:04,657.11
1131,7164,2024-01-02T03:15:15,1698.77
9105,5926,2024-01-01T14:47:39,940.3
3483,4260,2024-05-04T12:26:29,1897.01
6845,7038,2024-01-05T12:56:48,1869.38
1041,8529,2025-05-01T08:49:56,37.48
4476,4838,2025-12-22T13:37:12,1527.53
4060,2576,2025-05-03T15:33:57,411.06
1674,9364,2024-01-27T02:31:25,1034.05
8970,9603,2024-06-08T12:14:39,50.59
6402,6047,2025-03-07T19:32:59,537.22
2511,8273,2025-10-15T07:03:26,455.62
1714,9066,2024-09-01T23:47:50,1796.75
1496,5712,2025-09-01T04:32:43,1387.41
3912,3894,2024-11-08T18:43:29,1190.13
6849,2478,2024-08-13T20:40:07,1343.57
7034,2543,2025-06-20T12:10:33,766.53
3326,7025,2024-03-31T04:22:36,259.2
7078,7342,2024-02-21T22:44:56,786.8
6509,7000,2025-07-18T11:50:43,898.28
8893,9760,2025-02-23T20:43:09,450.56
3390,2386,2024-01-28T04:32:44,1959.96
4111,7517,2024-04-10T18:05:09,960.01
4578,3731,2025-03-30T08:00:50,1250.41
1389,5140,2025-03-01T02:04:59,951.42
3561,2743,2025-11-05T04:21:21,1446.59
8043,9137,2024-07-05T04:39:26,288.84
3471,2388,2024-06-02T10:29:42,1060.55
7896,9375,2024-01-19T08:35:58,1499.66
6148,7667,2024-09-24T17:59:54,1262.55
3318,2481,2025-01-17T02:46:35,1592.1
957,8586,2024-10-30T19:16:09,1545.82
6129,8043,2024-04-19T17:52:40,811.4
2665,8433,2025-12-22T00:29:03,1655.38
8530,6051,2025-11-23T08:50:58,88.85
8692,7361,2025-12-05T08:54:01,1036.29
401,2592,2024-03-31T04:38:33,473.43
2551,6779,2024-10-20T10:39:34,1534.11
9134,2181,2025-09-20T02:03:34,747.71
2559,5056,2024-07-08T16:45:23,473.07
5894,8881,2024-01-02T03:13:33,390.87
5445,5080,2025-01-12T16:18:34,16.36
1323,6713,2024-10-19T10:00:39,920.7
2054,2932,2024-12-27T02:05:46,1476.25
4852,2581,2024-12-20T10:20:48,1337.69
7444,9314,2024-10-20T05:32:30,1370.29
4210,7858,2024-04-03T19:40:02,530.44
3371,8292,2025-05-22T08:26:46,737.81
4990,2042,2024-02-25T03:47:08,1061.9
9887,4327,2025-07-03T08:03:27,1295.56
547,8684,2025-09-01T05:43:15,1808.43
1835,2759,2025-09-06T18:00:00,256.03
325,4993,2025-01-01T18:48:53,916.29
899,2245,2024-06-29T07:28:40,684.48
1159,8408,2025-10-25T18:55:22,1114.13
4901,7908,2024-12-01T21:57:41,118.02
9089,7287,2024-03-26T11:21:45,496.43
8265,3649,2024-03-11T06:24:21,1760.01
9144,1600,2025-01-08T03:17:52,210.68
3877,7218,2025-06-18T07:47:16,543.47
5489,3576,2025-05-16T19:04:34,486.47
2403,4022,2024-10-14T03:11:17,414.28
1382,9267,2024-01-18T00:29:34,342.12
9075,4607,2025-06-26T21:20:31,540.99
3005,1914,2025-06-10T06:43:01,1120.72
1973,4016,2024-04-01T22:53:56,638.61
1873,3931,2024-07-12T05:16:44,1119.05
5993,9452,2025-07-16T06:27:34,553.78
2020,3930,2024-04-22T07:40:36,1539.47
5683,3701,2025-04-19T05:54:01,675.54
2532,3934,2024-01-21T18:38:07,768.35
8625,5190,2024-05-29T14:03:25,78.89
4167,8214,2025-01-28T13:55:48,1161.88
5538,6189,2025-03-06T01:54:25,1525.89
9640,5612,2025-12-28T03:27:26,1890.23
9567,4559,2025-05-16T13:12:33,957.24
7407,9286,2024-09-20T16:20:09,1745.06
9917,6073,2025-08-01T11:37:57,1277.71
8251,2859,2024-02-16T02:54:55,1238.29
8156,3229,2024-07-13T16:51:31,25.52
793,1519,2025-01-01T16:02:42,577.75
9063,6699,2024-11-25T21:57:29,1938.64
9723,8085,2024-07-02T10:51:16,1091.77
7729,7966,2025-10-31T02:27:45,1849.6
7636,1923,2024-05-09T02:38:33,11.63
4896,3759,2024-11-26T19:32:54,1753.1
1256,2584,2025-06-24T23:09:34,175.99
6261,9835,2024-06-01T05:29:42,1539.37
782,9525,2025-10-25T16:46:25,886.47
9861,1970,2024-01-11T23:08:02,850.67
5525,4263,2024-11-22T14:33:40,535.07
3872,7043,2025-09-22T22:02:01,1633.21
8565,2386,2025-08-16T18:06:59,313.74
4902,5590,2024-03-22T16:53:07,1685.44
3749,3721,2025-02-28T03:47:06,1203.88
9336,5390,2025-08-06T13:25:14,907.48
4933,2456,2025-10-27T09:02:44,670.86
2410,9948,2025-07-27T14:32:39,1951.32
7419,7814,2024-09-26T06:07:44,1615.65
7681,8837,2025-06-16T11:44:50,380.04
3707,1130,2024-07-09T03:42:56,313.35
3592,7804,2025-10-11T17:10:49,287.96
1288,7102,2025-11-27T17:52:35,45.36
8782,9104,2024-08-18T15:02:07,1321.39
9092,7248,2025-05-14T07:30:55,1787.79
38,1771,2025-08-10T00:48:02,1722.9
7108,2386,2025-07-06T10:01:23,1317.74
9484,5502,2025-08-28T00:33:15,1336.26
6500,5114,2024-04-16T07:14:22,926.18
6123,5066,2025-05-09T14:23:01,298.13
5997,7054,2024-09-06T19:48:43,1324.34
4049,7882,2024-10-25T07:50:04,1845.14
7529,9885,2024-03-29T13:56:51,1826.54
1678,7544,2025-08-28T14:09:21,709.49
2608,2041,2024-08-19T10:44:03,1801.65
8714,3245,2024-07-31T07:41:38,92.47
4176,5638,2024-11-27T06:04:34,290.44
7677,6352,2024-11-13T08:44:19,1664.31
5904,3244,2024-03-21T03:38:45,466.45
8599,4181,2024-02-26T08:17:31,966.91
2577,2552,2024-03-12T10:13:05,1185.77
5846,7742,2024-11-10T04:48:37,1821.94
1770,7387,2025-11-18T18:22:54,622.19
5946,8292,2025-04-19T12:54:36,561.95
6419,7506,2024-10-09T23:10:47,1459.76
1964,3502,2025-03-20T23:36:11,855.8
3505,4270,2025-04-23T19:47:04,186.42
2883,5968,2024-10-17T20:26:09,591.49
2167,7813,2025-09-17T23:50:26,1721.0
8160,9986,2024-06-10T17:59:00,1933.96
3874,1860,2025-11-05T04:58:12,523.08
4233,9604,2025-11-27T22:54:52,1161.76
7163,4178,2025-01-21T04:51:15,1287.42
3394,9510,2024-02-05T20:36:05,1809.72
5474,2622,2024-06-15T07:31:57,348.97
6277,8481,2024-09-14T18:38:03,1140.54
7397,7776,2025-09-24T12:06:12,1833.0
9859,2941,2025-02-12T08:06:49,1024.77
2073,5595,2024-04-25T23:14:42,1682.27
4028,8282,2024-01-27T11:21:47,90.05
6985,5734,2025-03-18T22:42:54,616.98
9276,3647,2024-01-04T08:18:32,1941.45
6983,5375,2025-01-24T02:27:23,1390.3
4465,6879,2024-03-22T06:07:37,1739.31
5712,3543,2025-06-30T05:14:36,78.41
3198,1217,2025-07-01T07:14:20,469.05
4746,1379,2025-08-03T17:12:40,284.84
7457,3583,2025-03-20T19:59:16,306.06
2143,1003,2025-12-02T13:54:44,1515.37
7191,3094,2024-09-24T04:03:15,1439.68
193,7797,2024-02-19T21:18:45,818.16
9654,9256,2024-01-24T20:50:55,70.23
7876,4411,2024-01-18T13:22:05,1350.43
5380,3387,2025-02-24T00:37:40,644.82
7824,3614,2024-06-16T01:35:44,545.09
4943,6087,2024-05-27T09:56:14,1818.12
3664,4471,2024-02-20T17:38:15,1196.24
1740,1781,2025-03-12T15:01:12,799.81
1004,2871,2024-03-28T22:24:21,539.44
7849,8795,2024-12-27T01:21:49,1211.81
4860,3991,2025-01-27T00:43:55,798.13
6547,9141,2025-04-09T10:17:06,1858.88
3509,1846,2024-11-27T17:12:52,612.06
4908,4627,2025-01-19T11:01:22,1184.21
6934,2666,2025-06-01T08:40:33,1779.52
9660,9316,2024-08-12T11:46:03,1003.29
5379,7082,2025-05-26T13:13:07,1453.77
1751,8322,2025-07-26T01:50:34,1779.82
1007,9951,2024-12-08T19:40:09,440.99
1612,2938,2024-10-08T08:19:30,1323.91
4073,5749,2024-06-23T00:03:29,1844.94
7025,3800,2025-09-09T16:45:08,139.71
5911,7703,2025-12-14T04:33:10,244.95
9805,8055,2025-11-07T17:36:13,1993.65
4872,1801,2024-08-04T06:09:02,1918.32
1337,1578,2025-07-26T05:40:54,1168.13
9632,8778,2025-06-10T12:08:47,221.13
1966,4387,2024-04-12T08:24:38,1306.68
6155,4942,2024-04-25T16:40:02,1177.28
3540,8172,2024-05-08T13:28:59,1502.7
2523,7958,2025-10-12T23:29:11,1451.77
2441,1691,2025-01-16T01:10:43,1646.48
7111,3195,2025-11-20T05:37:06,1441.73
709,4728,2024-07-25T05:50:45,1444.19
4035,6558,2024-09-30T07:16:34,921.67
5064,5556,2024-10-19T22:14:44,1686.06
3030,6425,2024-12-29T01:00:43,1704.76
2251,3483,2024-07-25T22:44:09,1401.61
8384,5702,2024-05-11T00:47:51,1122.92
9162,6497,2024-07-16T09:56:28,1665.65
4612,8555,2024-06-09T18:53:42,921.09
1589,5767,2024-06-22T10:44:15,272.09
9607,2003,2025-07-05T13:36:12,333.39
6854,7599,2025-04-17T16:13:31,1880.23
5941,3722,2024-06-27T01:39:45,535.95
6815,1754,2025-06-19T04:28:48,874.64
5495,8610,2024-08-06T03:06:55,1302.08
1615,3641,2025-04-03T21:08:26,1296.28
4259,6494,2025-01-28T20:17:12,555.84
430,9543,2025-12-06T20:21:33,606.75
9924,2127,2024-08-19T03:37:06,1075.26
750,5888,2024-01-08T04:45:09,1138.08
8778,1002,2024-07-14T05:43:50,135.19
976,2025,2025-06-30T15:01:56,1156.81
1009,5055,2025-05-22T17:19:25,598.93
5283,4193,2024-02-17T00:58:30,1049.39
3773,4668,2024-10-17T23:51:59,1017.58
3233,8878,2024-10-18T09:14:41,148.52
819,1998,2024-08-01T17:14:27,1115.65
1002,8492,2025-08-29T10:03:07,1133.47
364,8622,2024-01-08T07:10:50,1802.91
6494,8396,2025-03-14T09:42:20,740.29
7168,8044,2025-03-24T09:44:23,803.61
690,1838,2024-11-07T03:22:57,1142.71
3784,7396,2025-05-09T04:59:51,1954.82
9553,1014,2025-10-02T16:41:39,159.5
5838,3075,2025-07-04T01:05:13,342.89
9712,8337,2024-06-06T12:31:18,1239.37
2944,9750,2025-07-28T03:22:07,1128.35
8466,1494,2024-05-02T12:23:41,416.46
8817,7611,2024-10-04T03:47:47,1766.66
7925,9715,2024-12-20T18:22:07,1890.42
5286,1178,2025-10-24T07:29:56,599.86
1888,1267,2025-04-07T17:49:26,1037.63
405,2622,2025-05-23T16:37:44,1668.22
7605,5277,2024-03-16T09:54:53,1535.67
8590,6971,2025-05-26T18:26:46,495.78
7202,8692,2024-01-27T23:56:38,797.21
3737,6811,2024-12-05T06:14:37,1825.63
8505,2840,2025-12-28T20:02:59,1439.87
3064,8711,2024-03-04T05:32:58,1583.04
9623,1141,2024-02-17T18:02:33,887.96
9229,5296,2024-11-03T03:00:23,1013.73
5149,6169,2024-10-08T21:41:35,1168.98
5410,5962,2024-11-11T10:37:23,1651.34
3186,7045,2024-08-04T06:49:34,92.66
3807,1359,2025-01-16T09:35:32,830.42
6865,7015,2025-11-06T11:19:47,996.41
4141,1935,2025-08-30T20:57:27,1615.76
2759,8107,2024-03-23T14:08:49,1071.08
9643,4281,2025-04-29T18:52:07,1914.59
8936,4153,2024-12-10T10:33:18,1401.09
6610,7165,2024-08-07T20:14:51,770.54
7839,7268,2024-08-25T06:32:12,1054.05
1896,2505,2024-08-21T06:02:35,1143.12
8067,8727,2024-01-03T16:33:25,279.52
7699,9465,2025-02-03T16:50:06,598.59
1683,5530,2025-09-25T10:17:57,456.46
6529,3439,2024-12-05T06:42:25,162.47
5509,7944,2025-04-09T07:03:48,1341.02
8174,8029,2024-12-15T00:54:06,1903.33
5314,4694,2025-10-16T16:40:03,959.99
924,9123,2024-07-10T12:46:19,1189.64
3898,4079,2024-11-06T20:21:36,141.94
9086,7479,2024-08-24T03:49:04,1816.39
7947,5102,2025-03-22T10:11:37,570.35
6350,6199,2025-11-05T13:44:08,143.14
3489,1346,2024-03-24T19:01:16,256.62
963,8912,2025-02-08T18:17:04,699.86
7223,4016,2025-05-31T12:34:26,361.38
8456,3905,2025-09-20T19:44:56,1534.64
3900,2672,2025-11-06T14:49:55,298.84
7358,1459,2025-02-23T15:24:18,70.18
2343,1083,2025-11-28T16:37:37,838.45
631,8292,2025-11-29T00:35:28,1994.54
7586,8515,2024-04-18T09:13:57,82.97
1440,5557,2024-09-14T00:19:36,105.45
3463,7449,2024-01-02T17:39:01,438.84
1267,4471,2024-05-09T20:10:38,1617.88
6889,6942,2024-02-03T21:07:41,458.69
9054,5912,2025-08-15T19:13:55,1676.37
2349,7662,2024-01-10T15:34:52,1900.12
8422,6480,2024-08-27T06:45:21,86.81
843,6053,2024-10-06T01:05:00,526.82
7937,9575,2024-03-15T15:49:50,1765.35
6091,6919,2024-06-06T19:35:27,784.23
829,9683,2025-03-08T20:34:41,272.52
745,1611,2025-07-15T15:53:25,1826.89
2695,5312,2025-11-12T03:16:44,1227.8
3857,3147,2024-08-08T20:57:47,1684.08
9648,7903,2024-07-07T22:26:47,104.89
8656,1875,2025-11-30T01:15:59,1525.36
8748,9596,2025-12-25T05:18:19,1276.26
3582,1221,2025-12-30T00:44:31,1585.84
2718,1095,2024-07-28T04:27:34,662.21
7550,7864,2024-09-30T16:09:17,1161.21
5186,7955,2025-10-25T00:45:15,817.35
681,9171,2024-12-28T14:03:52,1758.76
7741,6163,2025-05-17T00:14:47,702.38
7551,5046,2025-02-18T04:19:58,1084.33
8489,4272,2024-01-02T03:27:11,1879.27
5884,9552,2024-10-15T00:50:53,513.35
2904,9877,2025-04-25T13:28:46,1155.83
6757,7493,2025-07-09T11:27:45,883.88
5332,5675,2025-05-20T05:30:08,906.04
7541,8901,2025-11-26T16:10:58,988.55
6001,7663,2024-02-11T04:40:34,419.79
9646,1217,2024-07-08T10:12:04,920.02
7959,9140,2024-02-24T09:24:45,527.85
9672,9826,2024-11-01T03:10:07,669.48
7658,5846,2025-10-24T16:19:53,228.71
8638,1301,2024-08-02T14:26:43,1988.95
8578,3218,2025-07-30T13:09:17,597.22
2063,6415,2024-05-30T16:42:45,1668.48
871,3937,2025-12-07T15:24:17,218.5
4536,2829,2024-01-28T15:54:47,717.7
521,6962,2024-05-03T07:14:37,748.84
4769,6351,2025-08-19T08:26:05,1067.07
493,6083,2024-11-03T09:37:33,1492.88
8184,7593,2025-10-30T05:24:14,1500.41
664,9159,2024-01-24T12:34:12,1778.55
571,5720,2025-08-25T20:54:23,479.09
1547,5748,2024-03-23T10:30:35,1574.85
3071,1599,2025-09-06T02:18:30,418.36
7096,3206,2024-10-26T07:15:52,870.51
6365,3832,2025-09-23T21:59:33,1416.59
1648,9515,2024-04-01T12:29:03,19.35
7337,8560,2025-11-01T21:55:21,669.97
1684,8450,2024-05-31T02:12:44,1859.78
9257,7835,2025-10-07T07:07:01,1707.17
1650,7698,2024-09-02T08:50:05,727.73
2678,7513,2025-06-22T06:53:43,1375.27
74,8651,2024-11-15T07:30:06,1728.35
9721,3052,2024-11-05T05:39:09,1318.11
4660,2959,2025-04-17T17:53:41,1301.74
6785,9191,2024-03-28T13:25:56,65.02
8874,7798,2025-02-08T16:30:27,1617.67
4422,2021,2025-05-10T03:27:14,631.9
1884,7145,2024-06-15T03:54:34,1532.59
5782,1298,2024-07-13T09:28:52,1822.29
8019,8091,2025-09-06T02:24:34,1687.74
5505,6311,2025-12-20T21:10:26,1814.9
895,6435,2025-02-23T20:48:50,770.77
9737,9772,2025-03-15T07:33:32,216.81
6133,8490,2024-04-01T10:23:51,1528.76
5204,4818,2025-09-06T20:21:28,424.39
5960,2532,2025-02-21T12:57:55,523.02
1188,4813,2025-03-29T14:20:32,1948.09
5330,6480,2024-07-18T01:22:20,395.57
3969,6737,2024-04-16T23:15:51,1758.05
8735,2477,2024-06-27T22:57:26,849.21
2905,9548,2024-02-11T01:38:59,382.84
9298,2229,2025-11-24T22:34:41,9.02
5109,5096,2025-04-20T19:51:00,693.57
7581,6177,2024-08-13T06:17:08,24.7
9385,8846,2024-05-31T00:50:04,1447.16
3328,6092,2024-01-02T07:17:21,128.46
7773,2717,2025-11-24T20:20:38,1248.79
879,1519,2025-10-28T14:21:52,191.53
8059,8645,2024-08-09T06:50:02,1643.84
5366,8085,2025-01-21T08:38:41,1661.75
4606,7378,2025-11-17T05:51:58,1106.35
2412,3409,2024-08-13T02:46:12,1600.15
2299,8798,2025-09-19T03:14:48,1386.25
6974,3400,2024-09-21T10:46:34,96.18
900,7499,2025-08-20T07:18:15,1938.0
1791,7745,2024-05-26T11:13:04,1764.91
5670,2615,2024-04-29T00:56:27,1396.28
7323,2697,2024-05-02T11:37:00,1934.84
3970,9224,2025-09-01T22:22:07,1332.33
2045,1953,2024-06-11T08:59:33,223.06
629,4279,2025-01-16T12:38:07,249.66
4695,8988,2024-05-21T12:05:11,18.0
6716,8309,2024-07-31T04:45:48,274.15
3226,8231,2024-12-31T14:44:07,848.28
5789,7593,2025-08-25T15:07:08,428.66
7604,6856,2024-01-14T10:15:37,777.87
5706,8413,2025-09-21T08:32:32,720.71
1951,9202,2024-06-03T11:18:08,1933.75
7540,1324,2024-09-09T17:16:38,815.09
3864,9090,2024-08-31T05:59:55,1226.58
6990,4571,2024-01-07T06:03:42,325.56
5029,8871,2025-12-12T22:51:29,1622.76
5409,6022,2025-06-23T18:34:18,487.46
3149,5141,2024-05-08T00:49:25,418.71
5153,3674,2024-04-28T01:48:01,833.3
1493,6876,2024-01-26T02:14:04,1628.98
9432,6596,2024-05-22T18:24:47,863.42
7949,8235,2024-12-01T11:59:26,300.8
1207,7120,2024-02-26T08:05:13,1410.55
3574,5018,2024-11-27T04:34:46,912.77
8093,8249,2025-09-14T00:52:13,1366.07
8958,8293,2024-02-24T20:06:14,844.33
7606,8180,2024-05-28T19:20:43,1957.6
2556,6591,2025-04-30T13:41:47,764.24
8928,2737,2024-08-02T17:28:14,1143.25
7627,5831,2025-12-24T19:19:06,881.96
6357,9038,2025-07-10T16:57:19,292.42
2491,5544,2025-08-02T14:08:20,1897.84
9393,9393,2024-08-22T04:01:23,14.51
4379,5173,2024-11-09T05:28:01,1124.42
7350,7674,2024-05-27T23:03:35,319.35
5995,4863,2024-04-05T11:48:40,828.88
3847,2225,2024-08-03T23:11:56,1150.03
929,3230,2025-09-25T09:33:52,604.37
1485,9747,2025-11-25T06:52:11,575.43
2531,2117,2024-02-11T01:14:25,998.78
4596,8602,2025-08-15T14:08:14,1314.1
1962,7262,2024-03-09T04:37:03,1043.83
284,8381,2024-11-13T07:19:10,1380.3
7149,1914,2025-09-20T19:54:42,908.35
3675,3460,2025-09-19T04:47:07,52.25
4286,3098,2024-11-05T04:55:21,1548.5
1278,2641,2025-03-16T02:04:34,1850.23
7906,5430,2024-12-05T11:07:58,900.85
9653,3480,2025-07-04T13:43:12,841.02
1253,5313,2024-02-04T15:43:11,882.28
9189,7680,2025-03-11T21:23:45,258.93
7033,8707,2024-12-26T04:55:35,339.12
5183,8702,2025-12-03T13:45:04,763.13
7795,6384,2024-07-03T04:24:50,1077.59
1137,7102,2025-11-26T14:46:58,919.62
6218,8175,2025-01-16T14:36:17,471.56
1588,3435,2025-08-25T02:43:26,734.81
63,8397,2025-02-06T00:18:46,246.4
7772,7753,2025-07-01T10:20:17,157.7
16,7201,2025-12-17T08:49:54,162.21
6526,4282,2025-09-16T05:11:08,1215.89
7057,4405,2025-05-07T11:26:03,1957.46
8801,8257,2025-09-15T10:34:25,11.88
337,7730,2024-06-30T09:55:10,92.08
4194,5801,2025-03-22T19:19:13,1822.58
9547,3180,2025-04-10T13:30:48,52.93
9181,1992,2025-01-31T19:48:38,1241.08
6101,3336,2025-03-12T00:42:40,1244.25
4900,9102,2025-10-22T04:30:13,1674.23
3049,3248,2025-06-10T04:37:39,760.95
7647,6673,2025-10-15T18:23:26,284.19
8479,2234,2025-08-31T00:38:09,934.49
421,3858,2025-09-12T05:22:35,224.3
2428,2435,2025-11-10T02:09:56,435.31
9442,8626,2024-12-30T01:37:53,1832.52
4327,8723,2025-03-23T13:10:06,756.28
882,9189,2024-03-05T05:22:51,1691.43
4187,2285,2025-05-19T06:11:25,1910.58
2637,7656,2025-08-18T13:05:10,1579.69
3985,8158,2024-10-19T00:30:47,196.6
5290,3571,2024-10-23T17:21:31,1189.72
5785,9762,2025-02-09T12:24:05,392.37
9342,9693,2024-05-07T22:49:36,1186.14
4203,7678,2024-07-09T06:05:08,1349.84
8172,7850,2025-03-24T17:18:15,1485.7
3688,2228,2025-04-19T02:26:33,1916.24
9006,4428,2025-02-21T09:46:02,213.82
4497,5639,2024-09-11T01:48:23,1640.48
8006,9942,2024-11-13T12:01:14,886.79
6138,6927,2025-04-12T21:33:06,1302.13
3606,6707,2024-08-10T22:10:16,1751.43
8027,8029,2025-06-03T09:17:13,470.84
2666,2941,2025-01-18T19:36:20,452.85
8871,5174,2024-05-13T17:04:09,943.17
9945,1756,2024-05-23T01:29:57,90.27
5769,7986,2025-12-04T16:13:00,412.17
8617,1084,2024-02-21T00:31:48,1385.2
8107,9877,2024-08-12T03:07:06,1711.28
1625,7730,2025-10-06T23:05:56,1203.67
6593,5430,2025-04-03T14:24:42,1583.97
9459,8839,2024-10-30T12:52:59,1254.0
5562,8695,2024-10-21T17:20:59,1921.51
6818,7438,2025-05-17T18:38:12,1832.7
3581,2369,2025-08-21T04:01:59,538.97
4717,8485,2024-04-18T16:29:22,1535.26
2276,4817,2025-03-25T23:47:12,1850.01
6515,6441,2024-06-27T00:23:33,164.02
6907,9821,2025-09-21T20:57:26,169.87
3869,1170,2024-02-07T03:41:41,281.78
9457,1980,2025-09-11T04:01:10,315.98
3744,7658,2025-06-07T11:15:04,529.29
4075,3586,2024-02-22T18:43:56,1936.39
2419,5553,2024-06-21T13:03:41,395.45
8752,3016,2024-10-28T15:14:34,1109.69
7100,6628,2025-07-27T21:03:00,1881.97
2268,4907,2025-07-13T00:54:28,981.02
7140,4924,2025-10-24T21:26:03,32.02
2157,7459,2025-06-29T10:21:52,1252.3
1909,3450,2025-03-14T18:44:22,657.03
7955,4645,2024-04-17T00:16:14,1029.11
479,5186,2025-08-16T12:59:29,582.45
8049,4438,2024-01-11T06:11:02,599.14
6150,7978,2025-01-09T07:48:32,201.01
1319,3837,2024-04-12T18:30:48,1204.28
4953,5485,2024-04-30T09:37:46,57.59
4122,3246,2024-06-07T02:32:20,1683.64
4739,5774,2025-09-26T19:45:45,1380.69
4003,9369,2024-04-04T07:51:20,1480.03
7112,8551,2024-08-06T19:53:33,1948.35
3309,8899,2024-03-30T20:24:22,1326.97
9222,7502,2024-12-09T07:52:45,371.97
3987,6858,2025-01-26T07:47:43,939.42
6008,9671,2025-03-07T16:44:26,1478.32
2184,6628,2025-12-02T20:03:01,1072.39
7819,6834,2025-07-16T11:20:33,903.17
5449,2902,2024-12-11T09:10:57,207.57
1231,1547,2024-02-27T06:02:33,593.34
9044,3894,2024-10-28T23:18:49,1455.68
1709,3555,2024-10-03T12:49:52,1558.98
6312,7463,2024-06-12T06:08:54,618.62
1421,1960,2025-06-24T17:32:49,1963.23
9703,8030,2024-04-16T11:49:46,1042.23
8104,3564,2025-11-24T10:46:30,567.73
1940,9631,2025-12-04T17:48:54,91.75
4703,9690,2024-09-05T13:31:40,946.39
7133,9773,2024-01-18T04:27:31,1396.99
9829,4809,2025-08-22T10:59:51,1649.61
6846,8552,2024-02-26T13:49:46,725.61
3111,7404,2024-09-13T12:18:57,1960.44
8869,6370,2024-09-07T11:20:43,1504.46
4583,3023,2025-04-16T13:34:10,198.47
5733,3957,2025-07-13T20:23:41,838.65
1673,9489,2025-05-25T05:12:33,575.58
667,7653,2025-09-19T02:04:55,598.38
9272,4330,2024-03-31T02:30:39,1754.43
4131,7290,2025-04-18T14:31:17,993.24
1569,4170,2024-02-24T05:19:54,638.98
3018,1722,2025-09-11T01:38:01,125.68
3734,5864,2025-08-08T00:13:09,333.24
4425,1273,2025-07-26T19:07:55,668.67
5033,9951,2025-08-10T22:04:34,1288.18
9408,3282,2025-02-21T17:41:52,1053.09
5938,7887,2025-11-24T12:52:10,221.51
2318,9436,2025-01-11T18:11:59,236.55
7004,3481,2024-01-11T19:56:39,1773.36
889,3938,2024-01-26T13:20:01,1857.89
2693,5603,2025-10-10T09:52:30,1496.91
935,4273,2025-12-24T22:59:27,1186.49
8737,6682,2024-02-11T22:02:50,1055.49
5227,2079,2025-04-15T07:27:57,1140.56
4506,1724,2024-05-26T00:01:30,426.41
471,7947,2025-05-29T03:25:53,973.9
396,6374,2025-11-17T19:19:55,1830.94
3266,5724,2025-05-23T09:09:33,1467.42
2777,7418,2025-10-09T15:52:36,106.59
5871,5736,2025-02-11T05:19:29,411.66
620,8371,2025-06-11T10:38:03,1897.9
8875,3175,2025-10-26T17:56:28,585.88
7847,6904,2024-02-24T10:21:24,397.2
5382,7582,2025-03-26T15:55:54,747.36
807,7868,2025-05-27T18:58:36,1231.77
4363,4349,2025-06-16T01:46:14,1606.61
3496,9376,2024-04-28T10:43:34,377.79
4070,9474,2024-04-08T19:02:16,599.96
5631,5417,2025-03-12T04:47:54,124.47
7643,5036,2025-02-27T18:18:26,1236.88
7130,2041,2025-09-18T17:34:51,864.66
7053,7905,2024-02-21T07:03:21,1948.01
9642,4215,2024-10-10T03:19:06,1561.76
1136,9515,2025-11-27T22:39:02,829.05
447,7105,2024-03-16T00:05:29,1624.48
7708,9827,2024-12-25T10:29:09,1220.36
8109,5938,2024-01-08T22:29:38,1826.19
9690,4846,2025-04-07T07:07:14,136.6
8861,2955,2024-11-02T18:48:06,106.14
7319,8815,2024-04-09T15:45:15,1448.47
28,1916,2025-10-16T15:53:54,461.95
507,5500,2024-08-23T04:58:55,1184.88
6472,9135,2025-06-23T11:32:51,1647.87
9975,7246,2024-10-30T16:26:18,355.94
9614,1130,2025-07-14T20:10:46,1279.62
9840,4152,2025-02-14T12:30:28,1110.24
8770,3684,2025-08-15T16:57:52,1631.88
942,3525,2025-05-26T14:22:03,1431.9
8901,7377,2024-10-08T14:57:14,1220.74
4742,8304,2024-10-07T13:48:28,1495.81
7325,3839,2025-06-20T22:14:35,234.71
9673,3727,2025-10-28T16:05:05,1977.06
4032,9244,2025-10-30T18:36:59,425.51
3270,4482,2024-12-16T00:55:33,375.35
488,1341,2024-11-10T14:20:58,1932.57
8208,6610,2024-01-31T13:18:25,1372.08
3973,4223,2025-07-23T09:06:03,866.94
5640,9289,2025-03-15T21:32:23,139.24
6353,7974,2025-05-06T16:04:15,1113.31
7048,4746,2025-10-13T10:10:40,274.86
6210,9186,2025-07-29T11:41:01,1336.22
7650,2376,2024-10-13T00:33:15,900.01
7758,2408,2024-07-10T07:33:21,1303.07
1391,1152,2025-05-04T13:51:18,605.73
4113,9907,2025-12-29T20:29:14,415.69
4687,8475,2024-05-31T07:18:43,1984.51
8089,7298,2025-09-05T02:24:05,1206.92
737,1860,2024-06-29T20:23:17,204.89
1854,7714,2024-09-07T13:42:02,1283.6
6712,9102,2025-01-08T18:13:29,1983.32
7230,9057,2024-11-04T05:15:22,555.18
1266,8357,2025-08-11T03:01:17,349.89
5018,5774,2024-08-30T01:51:47,220.01
7968,7859,2025-06-17T07:29:56,1876.84
7621,3065,2025-08-27T09:11:06,238.07
8000,7459,2024-05-22T08:27:14,908.86
8009,3615,2024-03-03T12:59:38,1158.47
9816,9028,2025-12-11T10:50:23,1814.44
5000,5268,2024-05-23T08:34:00,805.85
4362,3318,2024-05-08T21:27:05,583.94
8577,7287,2024-09-11T03:54:57,597.76
7129,9237,2025-07-19T13:23:28,767.7
9596,8896,2025-08-26T08:10:06,673.63
2832,1162,2025-08-21T04:40:16,1436.66
8284,3324,2025-11-27T22:52:03,1403.93
1321,6004,2025-09-17T07:52:57,1426.92
4174,7084,2024-09-10T01:08:52,1659.13
6588,2535,2025-01-02T14:29:24,1658.48
3107,7974,2024-11-21T13:28:20,1373.1
8430,4456,2024-12-07T18:47:01,49.4
4181,1418,2025-12-09T06:32:18,216.93
5061,6074,2025-07-05T14:34:24,413.73
258,2958,2024-09-02T02:14:24,1487.05
648,8088,2024-04-10T05:20:55,1008.21
5548,2644,2024-06-29T08:09:45,1695.33
6113,2062,2025-03-14T10:19:48,1607.56
8588,7062,2025-10-27T21:21:05,807.58
2039,5903,2024-03-13T07:59:59,649.03
6051,4254,2025-04-16T01:10:06,485.99
5973,1497,2025-07-15T15:22:30,171.85
8170,1416,2024-09-26T09:48:39,1376.17
6418,2614,2025-08-07T16:15:28,273.76
8502,4012,2024-09-20T05:09:48,1284.96
189,5681,2025-07-08T05:26:25,472.81
2659,4248,2024-12-25T04:13:28,527.26
1692,6565,2025-08-11T08:19:31,1922.67
2247,2153,2024-02-26T15:19:05,1144.83
6749,5045,2024-10-27T14:39:59,1654.27
6693,4019,2025-10-25T13:05:12,1542.0
9316,2359,2024-02-03T06:28:22,591.65
2734,5398,2025-01-05T01:28:46,1128.3
1264,9467,2025-11-30T09:41:56,1601.9
3625,6926,2024-07-01T16:18:59,10.72
6295,3815,2025-03-22T23:02:51,810.28
2869,2279,2024-12-12T13:06:05,741.74
1635,9246,2025-02-16T18:34:20,1506.0
8556,8822,2024-09-06T00:43:13,1731.0
562,2337,2024-10-26T22:39:29,752.95
2550,5315,2024-10-30T23:56:30,991.91
5596,7016,2025-10-10T00:06:17,1149.86
3474,5098,2025-08-20T15:32:34,456.06
348,2315,2024-11-04T17:37:34,1704.27
1590,9362,2025-01-24T05:36:46,185.66
7693,1277,2025-03-24T12:15:05,1064.93
3230,5918,2025-08-12T10:08:39,1192.39
8219,6731,2024-05-01T09:09:14,1233.49
8288,9733,2025-11-14T00:26:57,1805.26
6081,1597,2024-07-17T04:17:27,1392.36
2386,6680,2025-01-03T02:13:40,843.16
5220,5123,2025-06-14T21:56:30,566.49
7293,7326,2025-07-28T02:05:53,1950.23
4831,2553,2025-07-31T05:58:37,1435.95
6631,7678,2025-07-13T00:26:59,1789.41
9403,7044,2024-05-07T19:17:21,907.1
8592,7701,2024-11-13T06:49:39,205.51
1642,2600,2025-09-16T23:13:23,853.85
4036,3294,2025-10-28T22:39:18,560.29
570,9647,2025-07-18T20:38:20,849.39
3481,1659,2024-08-09T06:54:59,271.69
1171,9128,2024-11-02T19:18:33,63.82
8926,9519,2024-09-05T13:13:56,1748.21
3122,6353,2024-05-13T11:03:48,1720.12
9775,3275,2024-11-24T22:08:15,522.83
8757,4043,2024-02-08T04:42:27,1941.29
3059,4098,2025-08-15T16:53:11,1709.6
4350,8913,2025-07-04T14:15:37,1031.29
351,2121,2024-01-28T21:12:27,473.37
4429,2007,2025-06-02T15:14:55,134.59
5050,8491,2024-03-17T14:58:58,1900.18
5799,1121,2024-11-18T18:06:33,1939.32
8794,8086,2024-05-23T03:41:42,1985.83
7583,7463,2025-02-03T20:00:07,1752.3
781,3455,2025-02-20T20:04:13,333.25
4019,4943,2025-09-27T18:52:47,345.7
734,5450,2024-07-29T14:16:48,278.86
1766,8752,2025-12-28T15:05:58,1099.13
1815,5078,2025-08-19T15:16:23,772.67
1861,5193,2025-02-12T10:01:14,102.93
1471,6273,2025-05-25T17:05:41,1010.7
1190,9743,2024-07-26T00:25:24,1633.49
66,2163,2024-01-06T14:02:49,1417.14
587,6447,2025-07-25T00:52:43,271.15
6407,9161,2024-07-16T04:58:08,1224.37
321,2858,2025-12-10T02:14:47,925.59
4021,5751,2025-01-08T04:32:38,582.45
9889,4686,2024-10-16T08:07:47,1831.13
6779,9854,2025-04-09T15:34:47,1496.66
6179,7606,2025-07-17T22:00:58,1527.12
5340,4765,2024-02-12T05:29:04,1135.86
3139,8079,2024-05-19T11:34:42,918.37
1427,2850,2025-01-14T03:16:05,1775.75
2238,2212,2025-08-29T09:53:10,558.19
9956,5979,2025-09-12T06:00:17,726.81
4645,5831,2025-06-06T22:49:29,313.11
4418,7054,2024-01-30T15:58:48,62.53
7593,1674,2024-05-27T12:59:49,663.11
3868,2683,2025-12-29T08:03:53,63.43
4455,6683,2024-12-02T23:36:48,1293.79
1075,4921,2025-08-31T19:07:14,992.3
1871,4784,2025-07-17T06:11:04,1065.66
8571,5657,2025-11-07T07:18:27,1463.52
1696,4610,2025-09-04T13:36:49,1355.44
5145,1864,2024-01-07T17:35:45,666.36
2663,2922,2024-05-12T03:19:13,33.16
7256,2471,2025-07-20T04:52:35,303.59
6877,5289,2025-06-19T01:02:40,1435.57
5331,5265,2025-11-28T10:35:36,788.3
9699,7958,2024-11-20T00:24:30,181.6
8423,7308,2024-12-18T23:02:26,45.77
6713,4209,2024-04-09T07:20:12,1749.86
3962,5747,2025-02-10T08:53:49,1249.47
3055,3142,2025-12-18T19:30:23,1590.82
7738,2307,2024-07-06T07:00:35,25.82
2857,6807,2025-01-29T04:28:26,252.01
9634,7596,2024-11-05T17:26:34,1540.48
1741,3676,2025-06-20T08:39:28,124.77
3370,7260,2025-11-02T18:49:33,554.06
968,4996,2024-05-07T15:46:56,1034.41
2261,5750,2024-12-23T00:17:54,1297.35
157,6344,2024-11-13T04:59:44,807.79
1052,2276,2025-01-05T08:19:16,269.74
8084,5208,2025-05-20T21:42:20,1339.91
9264,3554,2024-07-21T19:52:27,1992.84
5903,1269,2024-11-30T15:07:34,1381.01
309,5135,2024-09-01T07:01:29,649.93
3440,4748,2025-07-12T01:11:31,613.85
6327,5451,2024-01-06T05:23:29,725.17
8534,7016,2025-09-05T10:25:58,1558.87
3563,4377,2024-07-18T21:15:41,1634.61
4247,9813,2025-02-23T07:09:21,1598.99
5174,9526,2024-08-05T16:09:39,1809.04
6189,2461,2024-06-29T06:54:06,1874.8
9102,5191,2025-12-19T17:57:11,1750.63
8659,3755,2024-02-03T01:22:41,86.85
8858,7337,2025-03-16T16:31:29,389.63
6002,8537,2024-11-14T14:22:26,1238.09
9895,8662,2024-03-30T02:01:09,1211.89
25,9751,2024-05-12T22:15:20,1459.61
7336,2880,2025-08-27T21:36:26,412.06
7727,8667,2024-12-11T20:53:54,1156.3
5900,1750,2024-09-09T05:07:38,1716.3
9621,9256,2025-01-08T09:29:02,1843.48
8582,1507,2024-06-29T07:10:13,1142.6
3046,5029,2025-03-06T16:43:17,361.19
6667,2287,2025-01-03T12:57:49,847.85
1409,3862,2024-03-18T12:34:22,1748.91
5659,6416,2025-09-24T13:09:05,1264.89
5736,6524,2024-10-16T17:40:09,10.46
7029,2743,2024-12-02T21:24:13,1546.74
4079,9944,2024-02-13T23:59:56,1396.55
9522,3194,2025-02-15T10:19:10,191.75
1658,3262,2024-11-05T05:40:35,1710.72
2811,1826,2024-03-21T21:20:52,1853.63
4172,9305,2024-03-01T04:18:57,890.41
1585,7637,2025-03-25T15:29:34,1539.55
8386,2274,2024-07-26T15:11:20,1538.32
8744,6240,2025-06-12T04:17:38,1390.32
9556,9693,2025-11-29T18:19:24,1432.21
7479,7834,2025-02-26T02:27:12,1073.89
3417,2457,2025-05-12T05:46:24,728.82
8687,4802,2024-10-09T04:26:30,1952.56
9799,8548,2025-05-29T23:07:49,948.16
9333,3548,2025-11-03T21:31:41,1054.39
1397,4272,2025-04-18T00:36:59,1557.03
9688,1953,2024-03-10T10:42:27,118.44
6725,1787,2025-02-17T10:36:13,925.1
3145,4559,2024-02-21T20:11:44,1817.93
7047,3088,2025-02-20T19:57:59,1252.42
6688,6225,2024-08-27T15:15:20,1929.69
2599,3456,2024-03-29T04:53:07,387.87
556,3626,2025-08-15T17:31:43,549.22
4922,7752,2025-12-16T02:31:37,1604.78
7790,9284,2024-05-14T11:26:13,1075.48
7030,8152,2025-01-25T19:04:36,426.81
3021,9866,2025-11-18T13:43:56,1552.11
7833,7114,2024-05-17T20:01:15,160.87
8826,9291,2025-12-10T20:14:02,857.36
8470,1315,2024-08-22T22:45:51,230.34
9529,7668,2024-06-02T02:46:34,1262.13
5316,3255,2024-04-28T13:14:35,1003.66
2726,4411,2025-10-24T00:52:40,330.07
6795,1488,2025-12-07T20:23:21,1018.31
3448,3235,2025-12-25T05:58:04,961.91
943,7176,2025-09-04T21:27:25,152.56
9988,1357,2025-12-21T00:01:22,436.82
5998,6081,2024-10-11T10:39:40,1644.05
7602,2668,2024-11-09T06:00:07,1186.39
8521,7126,2025-05-25T19:06:04,433.82
9268,2633,2025-12-30T12:10:10,414.79
4692,5079,2025-02-17T08:44:28,685.58
8047,1810,2024-12-12T23:29:53,164.96
6915,3480,2025-12-14T08:08:48,844.25
483,6802,2025-10-09T06:50:53,148.79
7916,5074,2024-10-19T17:59:16,1587.59
6797,1183,2024-04-04T12:42:10,1097.74
8919,8156,2025-02-17T16:12:16,923.25
3161,7403,2025-07-29T21:33:51,341.06
1303,4288,2025-10-08T22:56:21,1674.77
1759,5444,2024-11-03T03:49:17,1775.95
301,3870,2025-08-15T17:22:58,943.65
1518,6911,2024-09-14T03:31:39,590.68
6117,7893,2025-04-09T08:44:18,1534.42
9141,3755,2024-04-17T06:28:16,580.17
5450,3162,2024-04-18T02:58:30,1482.01
5711,4943,2024-06-12T12:53:09,925.27
135,5065,2025-11-02T03:19:15,537.28
538,9626,2025-02-23T06:03:22,80.31
4411,5504,2024-01-27T01:00:38,1285.14
4656,9605,2025-11-07T08:33:28,966.69
280,2625,2025-07-28T20:15:52,1895.44
436,9984,2024-08-01T14:40:11,1425.74
3243,5182,2024-12-04T21:10:59,1543.68
1592,3717,2024-07-04T13:03:39,1515.63
6987,1045,2024-01-16T22:21:23,788.3
3358,4573,2024-06-11T22:19:41,1609.7
5573,6973,2024-10-23T06:37:59,100.72
7924,9101,2024-04-17T20:36:26,407.08
633,2063,2025-07-05T02:47:36,1102.24
1579,3879,2024-03-25T12:47:14,1292.88
5567,8296,2024-12-04T21:04:10,1818.83
2277,3319,2024-01-29T15:26:58,980.34
2139,2140,2024-11-11T04:32:34,1198.53
5191,6220,2024-03-06T20:41:56,1723.65
2032,1902,2024-04-25T03:41:43,1308.29
3032,6384,2024-11-21T05:02:45,328.75
4470,1356,2024-05-24T14:17:14,880.82
1958,5221,2025-05-01T01:36:54,1757.96
7914,4568,2024-06-10T15:57:39,8.95
4126,8213,2024-07-01T14:40:45,1301.57
170,5011,2024-02-05T21:29:10,1967.95
9245,4360,2025-05-25T03:28:48,1914.21
6291,6371,2025-06-12T13:59:20,377.27
173,9099,2024-10-25T05:52:38,802.31
6065,9148,2025-05-09T15:26:08,531.45
6000,1645,2025-03-05T04:09:14,1251.91
9233,8539,2025-03-16T12:34:19,181.42
8464,6045,2025-09-30T17:52:26,1223.44
8121,5252,2024-11-22T16:45:34,1538.57
6690,7965,2024-01-23T10:34:24,266.06
9394,5487,2024-01-25T18:50:26,164.63
5411,2582,2025-02-24T22:59:41,1903.34
3190,3809,2025-12-17T07:29:58,507.62
7024,3756,2024-12-01T02:47:37,202.45
2421,2431,2025-06-09T21:22:34,1951.8
9872,4527,2025-08-13T18:24:25,564.39
7607,5820,2025-05-31T11:52:22,866.83
3650,5227,2025-10-06T07:20:26,1838.7
2459,9419,2024-02-29T16:09:11,391.66
4197,2890,2025-08-04T03:14:25,1387.68
2009,8433,2024-05-18T22:32:18,1182.68
4783,1416,2024-10-18T08:37:50,890.69
7694,6576,2024-06-30T17:11:29,331.63
2288,9943,2025-06-15T08:19:54,278.97
668,1981,2024-02-26T16:18:56,320.37
6112,9313,2024-02-06T21:18:04,739.64
4575,9676,2025-08-03T23:56:01,741.54
6071,3018,2024-02-25T01:54:29,1742.33
2500,7004,2025-01-03T17:20:18,1397.78
7731,7122,2025-09-05T01:57:57,183.41
4182,6129,2024-06-13T06:15:58,1024.04
47,3927,2025-08-14T20:00:17,1017.82
2197,1232,2024-07-18T14:00:06,1484.15
7525,7313,2025-01-24T14:31:57,1347.98
4853,9504,2024-09-22T22:19:58,529.41
315,1845,2025-08-13T07:15:01,411.1
3235,4106,2025-12-12T13:56:13,13.34
6199,6651,2025-02-28T04:16:48,755.08
2055,7793,2024-06-10T00:55:36,831.01
334,9903,2024-09-15T05:07:47,757.53
1795,4924,2025-04-30T16:51:57,1035.64
2181,5017,2024-03-09T16:45:34,947.54
6423,8628,2025-12-30T21:46:43,1039.65
3724,6922,2025-09-20T00:09:30,1580.17
3510,6956,2024-07-28T03:06:39,564.71
2430,8249,2024-11-18T19:31:39,580.82
6290,5271,2024-05-07T17:02:22,163.82
2358,6454,2025-06-20T12:31:30,1064.19
7118,6993,2025-10-10T03:20:48,1697.44
1377,8105,2024-09-19T09:42:13,1776.51
1460,7437,2025-12-23T12:29:16,435.1
9858,1470,2024-11-25T13:48:14,1029.82
1531,2072,2025-05-01T22:52:46,425.51
8751,4519,2024-11-10T06:35:02,862.22
6156,6091,2025-08-23T12:27:52,1700.28
777,2341,2025-06-12T10:29:33,1053.39
6458,3930,2025-05-27T21:34:40,913.41
2370,4437,2025-08-07T07:27:44,1507.58
5185,7009,2024-09-17T16:41:17,1607.28
4702,6033,2024-06-14T14:38:33,1006.05
1210,8157,2024-05-02T08:05:06,1584.73
8038,5570,2025-05-24T22:15:42,169.11
372,7484,2025-10-06T17:01:17,552.59
2680,5198,2025-07-25T17:58:30,150.75
1577,8863,2024-09-14T12:46:52,928.38
8889,5887,2025-04-28T06:51:09,1620.73
2290,3841,2025-04-05T15:54:37,674.33
5546,4912,2024-01-03T11:03:45,1343.97
3826,5605,2024-06-02T16:41:03,1923.93
3722,1513,2024-09-05T16:42:40,1975.68
9284,2175,2024-05-25T15:40:08,481.49
9111,5271,2024-03-29T21:37:39,1394.88
5024,8338,2025-08-31T23:59:13,1888.3
8583,7989,2025-01-11T07:20:52,859.07
4165,1812,2025-05-24T12:19:08,469.18
5420,1686,2025-04-05T20:35:17,1359.84
6432,6683,2024-02-21T13:56:34,1671.19
4608,8500,2024-05-05T08:19:39,741.28
5462,7116,2025-02-28T00:39:56,1116.95
2125,5624,2024-05-12T15:58:17,1537.04
791,2044,2024-09-24T14:29:00,1084.62
1974,3384,2025-11-14T05:38:35,1455.52
1388,8279,2024-11-19T17:15:34,763.61
4138,5301,2025-12-05T20:05:10,1621.44
686,8710,2025-04-09T02:33:25,575.07
107,5002,2025-11-13T22:47:07,742.21
2,5012,2024-08-01T14:55:05,450.31
9454,3623,2024-01-21T14:02:46,1109.78
8402,1262,2025-08-29T00:32:20,1671.28
2112,8304,2024-05-19T00:29:05,1234.55
916,5781,2024-01-10T14:02:44,830.55
412,4109,2024-08-02T06:48:10,1936.57
6,4811,2024-06-18T19:42:26,1013.18
8366,5243,2025-09-07T14:28:03,569.81
4786,7234,2024-06-08T17:15:47,1182.48
6556,5067,2024-07-25T17:50:43,470.43
2228,1388,2024-01-27T10:35:04,1240.7
537,2657,2025-10-17T21:17:09,1017.84
9635,5849,2024-11-11T21:48:13,86.18
9590,6697,2024-02-22T00:28:58,846.85
5043,9893,2024-08-26T13:07:42,350.85
5150,8317,2025-10-05T07:46:59,952.8
7221,6670,2024-04-29T14:11:02,1122.63
2779,8074,2025-07-07T21:00:48,1959.08
1286,6431,2025-11-21T22:51:54,1382.57
4987,6152,2025-03-31T20:05:44,1726.15
9878,1756,2024-10-11T11:43:34,1718.75
6047,3316,2024-06-21T08:07:15,1612.87
2746,2253,2024-02-07T01:43:10,1835.02
5554,9584,2025-11-10T17:55:01,687.87
2307,2567,2025-02-15T19:37:33,1239.75
2879,2945,2024-10-13T20:50:54,1205.19
4615,2821,2025-01-23T12:40:56,1608.36
2060,6307,2025-03-03T04:37:25,1535.23
6821,8323,2024-01-02T05:33:30,1085.6
8717,3037,2024-03-11T08:12:56,1117.09
4871,7947,2025-04-18T12:59:22,1717.3
6968,5913,2025-02-25T13:47:58,1255.59
8885,6214,2025-10-11T17:26:30,1642.06
7798,4220,2025-11-20T22:28:41,47.44
7734,1194,2024-12-26T22:15:09,1538.76
182,8251,2025-11-23T09:23:01,1227.24
3840,7089,2025-05-25T06:31:17,747.07
475,8972,2025-06-10T23:54:01,1056.23
727,5480,2024-09-27T22:09:44,579.14
8025,2315,2025-02-28T15:15:48,1064.74
333,9824,2024-12-12T20:14:48,971.26
2931,3057,2025-03-06T20:29:46,612.7
5435,1462,2024-04-09T17:15:14,1871.4
2692,9179,2024-04-09T07:41:50,1744.0
7193,4493,2025-10-29T19:57:44,1819.54
2388,1361,2024-02-18T21:27:50,1744.23
3439,8008,2024-08-02T05:42:46,1043.59
7928,6518,2025-02-24T19:27:20,603.9
8741,8247,2024-08-26T21:54:25,1136.5
9611,4120,2024-12-28T19:40:06,1883.05
3755,7783,2024-12-20T04:24:33,823.72
3425,5620,2024-09-27T23:58:16,1105.33
1954,7445,2025-01-15T13:00:36,1490.06
869,1280,2024-08-10T16:15:42,1006.92
241,4995,2024-12-16T03:33:30,1502.2
8144,2002,2025-07-15T07:21:38,436.94
8469,4889,2024-03-08T15:37:30,1915.49
8081,9995,2025-07-10T09:08:09,735.84
3338,9230,2024-08-27T22:09:12,1980.72
8888,4178,2024-11-13T01:34:19,95.94
4774,1429,2024-03-19T08:50:49,1069.18
8642,1653,2024-05-04T12:33:21,480.9
5697,9034,2025-10-02T04:01:56,219.54
8779,4094,2025-04-24T02:52:04,459.77
1353,9199,2024-05-31T02:33:33,244.03
859,2217,2025-10-19T15:34:59,1890.65
4581,9040,2024-08-08T12:02:59,1979.41
6193,2296,2025-02-27T01:40:19,931.19
2135,3835,2024-07-02T10:14:08,1326.91
2928,7676,2024-01-23T10:51:18,1268.91
8113,7034,2024-03-19T09:32:46,1823.63
6332,9297,2024-09-09T00:16:57,833.95
3369,2468,2024-10-18T13:26:04,1556.57
8246,3570,2024-05-14T15:31:44,700.25
132,3900,2025-09-21T17:52:49,1763.43
1593,8310,2024-04-19T00:41:57,322.65
8595,5757,2025-05-21T03:24:04,1699.9
5198,2153,2025-04-24T14:18:04,316.71
765,5947,2024-09-13T00:39:39,1167.01
7248,2496,2025-06-04T19:29:49,1154.58
9386,3633,2025-04-23T10:25:25,1282.09
1352,2166,2025-05-07T18:00:44,947.08
2437,5478,2024-11-14T00:53:58,831.96
7241,8801,2024-08-03T00:50:11,94.84
8102,1760,2024-10-09T17:03:15,1958.55
4510,8875,2025-09-29T21:40:33,74.48
3020,6861,2025-05-21T04:39:40,625.82
5912,8370,2024-08-05T19:14:16,1786.74
7726,3734,2024-01-18T14:29:09,1667.62
5221,2059,2024-05-05T06:10:55,127.93
1087,7590,2024-11-25T00:00:52,169.44
678,3616,2025-11-03T02:30:03,1627.89
2621,2850,2024-10-18T01:00:25,636.4
9587,1460,2025-11-02T17:44:23,669.01
6033,9689,2025-02-02T10:38:34,1012.91
1149,2978,2024-11-11T17:56:35,1074.17
1598,4387,2025-06-03T07:20:20,1038.18
2757,4066,2025-12-14T02:50:48,426.08
4292,7737,2024-09-03T16:50:07,785.8
9970,9597,2025-02-26T21:40:03,958.27
5599,1692,2024-05-05T21:31:07,138.81
2096,6119,2025-08-18T02:38:01,49.85
5745,1293,2024-09-15T08:12:51,817.64
9308,7584,2024-09-27T04:43:52,420.37
3593,4675,2025-12-09T12:01:28,52.88
9757,3964,2025-04-06T15:46:56,1048.09
6542,5084,2024-09-01T16:54:04,1337.08
647,3981,2025-11-12T22:21:48,1536.72
9996,6403,2024-10-24T17:15:46,1198.63
167,6491,2025-04-25T23:51:29,191.31
9347,9588,2024-12-26T16:19:16,484.33
3909,7058,2024-07-30T17:25:29,200.14
5522,7440,2025-09-23T13:33:12,11.52
4823,8215,2025-02-20T21:19:12,273.14
2082,2838,2024-05-15T22:28:26,751.56
7668,7997,2024-05-21T12:49:25,1873.0
2484,9412,2025-09-07T23:37:12,1188.39
7121,7396,2024-12-28T15:43:49,1832.69
3227,8101,2025-04-18T07:55:53,1521.85
7401,7781,2024-07-21T07:08:30,216.21
1006,1681,2025-08-10T19:31:05,1521.21
3961,8640,2024-04-24T06:43:20,1363.44
3636,8812,2024-02-27T07:10:40,1675.69
969,3623,2025-03-04T16:21:12,665.32
2059,6042,2024-02-22T16:33:21,604.07
8991,6372,2025-01-16T05:43:50,923.18
2166,2387,2024-04-15T11:02:36,278.75
2431,7944,2025-09-17T18:49:45,1458.57
9534,1802,2025-10-15T05:35:29,1783.23
2844,9919,2024-06-08T07:58:00,1250.6
7184,2422,2025-05-02T10:18:54,991.28
1241,5872,2024-08-06T15:58:13,478.91
9804,5125,2025-05-18T23:01:43,605.03
9149,3304,2025-02-07T08:34:48,261.81
7922,2512,2024-01-18T23:24:37,772.04
2266,8175,2025-05-06T12:05:03,1471.97
360,7267,2024-03-02T08:04:36,1241.32
7905,9852,2024-08-04T09:31:36,541.69
5068,4653,2025-06-19T13:11:59,145.7
3297,1749,2024-10-06T18:43:09,1939.35
3262,4432,2024-07-27T22:55:16,1860.38
5557,3367,2024-10-16T16:29:52,1408.4
7481,2797,2024-03-21T18:20:59,1064.02
9604,7295,2025-08-08T14:38:33,862.85
4260,9402,2025-05-04T19:40:56,1345.8
6356,7321,2024-10-24T12:53:48,1174.93
4198,7716,2024-12-11T15:32:26,726.95
234,8532,2024-10-08T07:40:27,1416.08
8539,8401,2025-03-18T16:44:29,1996.16
4529,5615,2024-12-26T23:48:48,84.49
2211,9724,2025-01-04T22:14:46,471.15
5439,5148,2024-02-07T20:06:40,1173.39
2821,4307,2024-04-05T12:34:40,881.02
5352,3613,2024-10-23T06:12:04,198.98
6381,3535,2024-10-21T07:23:13,1726.16
7228,2092,2024-07-09T00:27:33,1710.89
7675,2025,2025-06-15T11:44:23,630.35
7818,2392,2024-06-29T16:47:38,1224.37
8421,1181,2024-03-26T10:29:03,1555.26
5350,1819,2025-04-26T00:09:18,1715.05
3265,7845,2024-02-24T05:56:23,1052.3
1012,4882,2024-04-01T04:14:02,423.71
4061,3302,2025-09-21T03:39:33,1787.12
3319,4666,2024-09-15T11:51:44,1863.9
5487,8853,2024-04-08T21:32:06,1231.72
4488,4869,2024-05-23T09:04:30,1716.24
441,4743,2025-11-20T19:12:59,830.56
2291,5487,2024-04-03T18:51:32,286.77
2616,7388,2025-03-29T20:37:48,1612.65
1499,1212,2024-02-11T18:56:44,1488.62
5674,8883,2025-04-28T22:38:44,1897.24
2946,3288,2024-04-05T12:27:24,1451.52
1199,9035,2024-05-16T08:36:55,80.74
3684,8331,2024-09-22T04:26:32,1571.78
397,2035,2024-06-20T22:35:01,1272.63
8330,5913,2025-11-16T18:52:38,897.21
4795,7881,2025-09-16T00:40:44,803.62
2456,5467,2024-02-11T01:54:35,725.52
96,7615,2024-07-01T16:31:06,244.17
2748,2548,2024-11-16T19:14:23,931.99
2525,7557,2025-09-14T03:25:41,715.41
9852,5098,2024-12-09T12:21:30,773.62
8756,7131,2024-01-06T08:54:56,1374.9
1984,4014,2024-10-17T11:06:30,1705.0
6894,8927,2024-01-04T13:48:55,516.57
5258,2034,2025-01-02T19:06:33,40.33
5274,3344,2024-08-02T12:56:03,730.75
6764,2080,2025-06-18T17:20:25,952.85
8702,4887,2024-02-15T14:17:21,1279.99
8686,7159,2025-08-12T11:44:38,1846.08
6206,1866,2024-08-09T04:19:21,476.83
1922,2467,2024-09-08T04:49:47,229.5
2722,2158,2024-02-13T03:14:52,1096.58
7981,3049,2024-03-10T13:43:48,63.58
7902,4303,2025-08-19T22:31:46,789.11
7019,1404,2025-11-22T05:27:46,1391.33
4527,5224,2025-12-26T14:19:22,399.24
2285,4613,2025-09-12T17:42:21,130.9
1833,1983,2025-08-12T23:13:39,124.25
9704,5965,2024-09-27T21:55:08,1560.72
8147,8246,2024-05-24T05:55:47,596.53
8127,2251,2025-08-21T09:49:35,1812.14
632,6236,2025-09-21T13:03:41,1337.34
7281,1019,2024-02-08T18:58:48,284.86
5088,8569,2024-09-28T22:39:28,405.3
5598,2800,2024-05-16T00:56:22,1428.29
9946,3120,2024-10-01T15:21:41,166.18
3959,6685,2024-12-19T10:19:50,580.38
4002,6428,2025-06-20T09:35:05,1729.31
2248,8305,2024-07-13T15:27:16,42.44
3126,4382,2025-12-02T20:05:30,264.21
8317,3814,2025-02-24T14:01:41,1945.46
4751,1525,2024-12-05T14:07:39,1919.78
137,8711,2024-01-31T01:52:44,448.76
6061,1481,2024-01-21T15:17:12,1174.25
7073,2212,2025-11-17T04:53:43,942.0
4875,6274,2024-12-29T12:13:46,276.56
5092,8190,2024-09-17T21:25:04,55.49
8598,3676,2024-04-03T14:34:50,639.39
6945,2354,2025-11-24T14:08:42,1335.39
4662,1199,2025-12-09T22:00:28,1680.75
9908,8392,2025-02-03T02:45:38,977.21
2452,2959,2025-09-27T13:51:34,749.54
7556,7541,2025-09-30T10:43:49,1070.06
2312,1706,2024-05-04T02:08:04,112.79
4716,6793,2024-11-13T12:21:23,1293.36
4718,4313,2024-01-16T03:07:35,421.18
8409,8488,2024-06-13T21:09:40,107.2
4306,3572,2024-06-03T03:11:10,1677.11
9898,9343,2024-05-05T14:44:53,227.53
7207,4275,2025-10-06T11:56:19,765.36
3307,9990,2025-06-06T18:47:16,1974.5
4404,7948,2024-09-25T17:45:00,431.49
840,4350,2025-06-24T07:24:49,796.28
7059,3139,2024-04-11T21:45:19,1435.29
6732,8032,2025-06-08T22:12:34,512.66
7652,1772,2025-02-14T23:00:30,729.73
1438,9123,2024-12-30T12:10:47,1739.48
688,5333,2025-11-16T10:10:01,1456.38
3412,3514,2024-11-21T23:31:22,636.14
908,3527,2025-05-07T08:46:08,1480.61
6037,5512,2025-10-07T00:04:09,666.44
9683,1934,2024-06-06T14:40:10,1758.82
1558,6633,2025-07-29T21:15:57,427.42
4722,4267,2025-03-10T22:38:22,1595.96
1916,2393,2024-07-22T22:26:07,800.06
9732,2402,2024-11-04T10:08:45,1899.46
3670,6843,2024-01-07T14:03:17,1504.6
65,4770,2025-04-01T22:52:09,1178.94
6352,9548,2024-01-27T05:52:41,412.16
3229,8002,2024-10-23T06:10:16,1708.81
5120,7844,2024-11-23T02:37:50,923.86
9838,2818,2024-09-24T03:37:06,1385.34
3232,6011,2024-12-26T03:05:07,909.94
8512,4188,2024-11-23T05:12:50,1346.67
2104,6739,2025-02-25T09:28:05,1100.98
3301,8800,2025-12-30T09:48:30,1973.81
1925,1396,2025-05-24T01:43:31,1540.51
9521,4771,2024-06-07T03:35:56,1301.21
5740,9662,2024-10-30T10:59:34,1987.29
5788,2696,2024-12-01T20:32:57,1615.51
2675,5068,2025-12-05T17:49:27,742.43
5628,4169,2024-09-14T10:43:12,624.13
4166,1630,2025-05-23T10:38:38,372.59
8643,9912,2024-10-15T17:51:40,1111.59
7784,5433,2024-07-20T07:08:58,909.31
6483,9107,2025-03-09T01:04:57,559.47
5734,1151,2025-08-21T17:52:15,1264.92
1425,6875,2024-10-21T23:04:03,1224.66
2306,4860,2024-01-04T13:11:30,387.85
6836,8024,2025-09-15T14:13:21,365.32
824,7167,2024-08-20T22:19:36,371.84
5009,4088,2024-05-13T21:38:15,1274.78
1184,3946,2024-07-29T01:17:11,57.0
7559,4344,2024-12-14T03:22:38,619.56
1380,7609,2024-05-08T01:39:04,43.15
2520,3764,2024-03-20T00:14:18,134.1
1054,1132,2024-01-08T05:07:16,1392.72
2473,1284,2024-04-11T22:20:40,961.64
6802,2393,2025-05-12T23:57:48,1181.32
3906,6806,2024-03-06T07:07:05,865.79
5552,5451,2025-08-17T05:40:28,414.23
9761,4214,2025-04-02T23:53:01,40.95
2347,2605,2025-09-11T20:07:28,907.62
9562,5455,2024-02-17T17:14:49,487.77
7049,1969,2024-04-30T18:29:20,507.66
1810,3393,2025-10-17T04:50:33,116.8
6052,4243,2024-03-12T00:10:04,987.7
992,5732,2025-01-15T07:35:20,284.89
4265,1130,2025-05-02T05:26:27,495.6
9999,3378,2025-12-28T12:15:38,1160.12
4605,1372,2024-10-14T14:48:58,1487.22
5588,7044,2024-12-25T06:19:01,1447.8
3520,9664,2025-04-02T10:05:53,1211.4
9752,2315,2024-12-08T20:18:52,1298.33
692,7329,2024-02-27T02:43:52,1010.99
3901,2755,2025-11-11T13:28:54,1491.33
5404,4699,2024-03-23T15:56:10,1282.74
4282,5706,2025-11-27T13:54:23,842.09
6632,4056,2024-09-22T10:17:26,1962.12
9606,7078,2024-02-24T02:02:29,1622.96
9021,5782,2025-02-01T23:25:13,530.49
9910,2326,2025-04-07T00:56:07,749.45
4664,4318,2025-07-29T20:17:06,730.3
4,9935,2025-11-23T23:25:57,178.44
6787,4442,2025-03-16T01:50:23,1966.89
4532,5852,2024-09-19T02:44:34,1534.83
8673,1114,2024-12-31T08:35:18,954.72
6960,2077,2025-10-06T02:02:04,101.05
7315,5417,2025-11-15T05:29:34,1754.76
2391,6346,2025-09-03T03:28:09,974.87
3485,9119,2025-01-14T20:53:06,1600.64
4972,4669,2025-07-11T08:22:20,933.25
3956,6067,2024-08-02T13:37:11,385.19
3099,8679,2025-03-31T22:32:27,1446.41
7574,9258,2025-04-17T10:50:10,1694.72
2780,9121,2025-10-21T03:21:13,1475.47
2364,7274,2024-03-27T04:33:58,734.35
7206,9284,2024-04-03T19:44:52,1614.82
3035,4772,2025-06-22T10:34:04,935.74
384,6994,2025-02-22T23:17:21,1064.05
1930,2405,2024-05-01T03:53:13,229.18
6198,3168,2024-09-03T19:24:00,938.12
2025,1200,2024-07-15T14:19:50,919.99
8983,8449,2024-02-06T13:32:51,1174.34
6208,8707,2024-11-05T09:57:38,1070.69
6236,6997,2025-06-11T04:45:48,34.59
5850,7644,2024-03-30T00:29:55,1183.52
8507,8737,2024-05-13T04:48:52,815.26
5492,2086,2024-11-20T03:20:32,1125.56
2749,5151,2025-07-13T11:33:05,714.14
4576,6166,2024-08-14T15:58:32,905.74
4281,2841,2024-06-19T01:09:39,1926.02
9130,8440,2024-09-13T20:06:26,1678.7
5555,9176,2024-01-17T02:10:14,1017.58
4480,5924,2024-05-09T05:38:10,1773.76
3234,8688,2024-04-16T03:27:32,395.45
5301,1645,2024-09-08T16:03:42,1767.1
6465,6351,2025-03-23T17:25:32,1964.06
48,5889,2024-03-23T15:38:29,1684.13
1359,3954,2025-10-31T20:11:17,1558.99
3163,8219,2024-04-29T05:22:54,719.38
5963,4363,2025-10-22T09:42:56,283.73
7189,4055,2024-01-21T19:22:58,1153.35
6239,3463,2024-11-10T12:31:46,1466.32
7757,5782,2025-05-06T13:32:07,903.47
7979,3083,2025-12-03T05:15:49,1137.76
1487,2744,2025-02-10T00:23:35,55.42
8011,7763,2024-01-29T08:23:55,1950.06
1723,7216,2024-06-12T16:42:33,1164.11
9420,1081,2025-10-09T22:51:14,795.45
2383,4346,2025-11-10T15:03:15,1043.77
1533,2702,2024-11-25T11:50:14,415.13
7934,5080,2024-06-19T04:39:25,871.95
3367,4946,2024-04-02T06:38:23,796.31
388,2233,2024-12-29T18:19:47,285.81
8324,6224,2025-05-10T06:37:09,1475.54
5608,4389,2024-01-29T06:51:21,151.47
7980,7999,2025-12-19T15:32:31,141.94
4505,4769,2025-05-16T10:25:57,280.47
4055,4272,2025-03-21T16:01:41,395.46
329,7798,2025-09-05T14:46:57,683.05
866,1108,2024-01-13T05:15:41,1066.76
4847,8425,2024-06-15T20:50:12,1244.52
892,7525,2025-07-07T13:54:12,1858.11
9012,7563,2024-06-03T03:24:55,1073.83
2754,5876,2024-11-19T07:29:29,631.32
7900,1714,2024-08-21T14:51:44,105.45
6520,8128,2025-03-14T22:48:33,367.54
6783,9543,2024-05-06T09:34:56,474.75
2514,8793,2025-11-25T23:26:07,1878.47
9989,4790,2025-03-04T03:14:00,10.96
2471,2867,2025-07-07T10:50:28,837.61
906,2204,2025-07-07T21:18:23,168.67
156,9308,2024-08-21T06:24:46,622.02
5069,2888,2024-03-29T20:12:17,322.05
5605,7638,2025-04-15T07:39:28,1504.5
875,7112,2024-03-02T09:01:31,1918.8
9051,2540,2025-05-31T01:23:42,811.96
5015,8292,2025-09-24T12:47:53,65.53
8278,4753,2025-06-30T00:41:42,204.25
6016,5835,2024-11-06T18:04:51,1453.35
1078,6916,2024-01-10T08:56:43,1868.18
5507,4143,2024-08-25T22:44:01,1652.34
2527,5569,2025-02-01T05:27:27,299.01
9108,2371,2025-07-21T22:50:12,750.71
4737,5017,2024-12-06T09:46:51,659.05
2140,7208,2025-06-16T10:48:28,658.18
5348,5071,2025-06-02T02:14:03,159.96
6444,3472,2025-05-06T21:23:38,1464.85
5184,5428,2024-01-28T22:46:28,1395.23
8387,4588,2024-05-10T15:48:56,540.99
8609,1660,2024-12-22T23:58:20,383.81
9744,2186,2025-12-18T21:47:05,1837.32
5421,9191,2024-01-25T11:32:19,642.67
6443,3378,2024-03-30T10:55:37,798.65
3991,2448,2024-11-22T22:29:30,1512.93
7511,3642,2024-06-01T18:54:42,1080.79
124,7049,2025-10-10T05:58:43,1167.11
7805,9984,2024-06-08T15:39:47,942.44
7380,3012,2025-06-21T16:37:28,1342.3
6941,7653,2024-01-19T11:32:01,1435.59
7155,2970,2024-04-20T08:43:34,163.4
2543,1538,2024-01-28T22:44:12,357.85
7628,5237,2024-01-23T20:02:51,1000.31
912,4070,2024-03-08T19:20:18,864.8
2210,7533,2024-12-26T09:51:54,955.08
6612,1419,2024-11-29T10:53:08,534.96
6656,7485,2025-03-27T20:58:16,1394.48
9278,3171,2024-04-02T14:37:43,1681.56
6862,6225,2024-02-05T05:47:05,873.06
3559,5582,2024-06-19T07:40:04,357.59
5328,9370,2024-10-17T17:28:06,779.9
7178,3919,2025-06-14T01:12:06,1460.33
8099,5885,2025-11-25T21:28:06,1647.79
1239,4367,2024-09-14T04:03:01,1948.92
9129,7934,2024-09-05T14:47:20,605.88
4409,7043,2025-12-08T15:01:50,1832.04
7263,8927,2025-11-24T18:23:13,466.49
1514,9529,2024-05-22T19:34:06,141.01
1212,6846,2025-03-12T12:00:58,450.36
7672,8862,2024-05-15T05:14:27,1088.89
5243,4240,2024-09-19T00:00:41,48.25
5726,7919,2025-07-03T10:36:12,1318.52
68,6413,2024-01-25T09:34:47,146.36
7754,1988,2024-07-06T23:06:15,1410.11
1580,5597,2024-03-04T16:06:01,1718.13
4673,8472,2025-07-11T04:56:18,358.97
4808,3580,2024-11-18T05:51:21,841.38
3964,2058,2024-08-11T21:33:18,1600.57
5976,8192,2024-03-17T07:42:37,1568.38
5318,7484,2025-06-04T14:36:28,43.42
2776,5830,2024-06-05T09:13:12,1141.01
2815,9311,2024-02-02T14:22:01,215.3
7415,2250,2025-08-20T15:02:47,1589.89
6371,1132,2025-07-27T10:50:36,1771.54
6286,5411,2025-07-28T06:40:44,1580.12
6538,5133,2024-04-06T13:33:23,79.51
9659,4330,2025-12-14T10:20:20,445.21
2146,4205,2024-12-13T07:39:44,415.3
2427,6047,2024-09-29T21:43:57,1955.16
7134,6440,2024-01-07T03:37:37,1850.96
1802,3492,2024-01-16T01:33:23,104.02
6654,9821,2025-05-30T02:20:47,1236.73
6414,9033,2024-06-15T09:40:14,1417.3
4641,7076,2024-06-20T16:08:24,1129.26
4496,3187,2024-09-04T06:35:56,802.77
6680,5488,2025-06-14T01:00:53,1572.11
2243,9061,2024-05-18T14:24:11,221.32
3729,5487,2024-02-23T19:04:56,813.11
2645,1448,2024-12-18T01:24:41,1525.14
1475,3263,2024-04-13T14:13:52,828.43
524,6482,2025-05-17T18:38:47,136.49
338,8749,2025-08-01T10:18:36,1411.93
3802,2694,2025-05-10T20:23:17,226.31
7466,6492,2024-02-29T00:42:05,1328.17
1633,2577,2025-04-15T07:32:36,358.96
8876,6855,2024-02-14T15:41:17,147.23
7159,5577,2025-05-26T00:55:07,1479.55
2185,8681,2024-01-09T09:01:01,910.8
863,4583,2024-01-08T02:24:33,1013.94
9260,1648,2024-02-26T04:46:15,496.66
6401,9850,2025-10-26T15:23:06,410.36
2568,9001,2024-03-16T21:44:18,204.61
4547,2290,2025-07-17T10:25:07,678.86
508,9312,2024-09-30T08:40:42,153.01
8527,8354,2024-10-19T14:37:00,6.53
9009,2677,2025-05-20T22:59:21,1506.32
3120,9591,2024-08-14T02:36:01,144.61
956,4621,2025-06-18T02:59:37,894.33
8601,1208,2024-03-16T06:57:52,108.4
810,1797,2024-12-12T18:15:52,493.24
1095,1901,2025-04-20T14:02:22,622.03
46,5315,2025-07-14T20:46:17,1943.92
7404,4725,2025-02-24T16:36:10,1075.96
3044,4587,2024-05-15T06:19:41,1771.34
7717,3619,2025-11-09T17:43:09,1048.53
140,4164,2025-05-27T15:54:37,799.94
7102,2661,2024-04-27T12:32:25,1359.96
9679,2409,2024-09-05T06:19:35,1180.51
2683,1745,2024-10-02T04:39:43,15.7
4981,8058,2025-01-16T05:21:29,1409.91
6873,6375,2025-04-19T14:21:37,1775.41
5251,4852,2024-04-19T21:20:14,1039.93
6255,2376,2024-02-21T06:39:03,570.71
5681,4506,2024-11-03T20:24:00,813.61
9652,1718,2024-03-15T16:58:33,143.14
8771,8539,2025-12-27T01:24:01,755.24
2927,7669,2024-12-27T00:56:19,135.59
3607,9179,2024-07-29T13:32:41,1325.15
8764,3353,2025-09-26T21:03:44,1381.96
8866,8366,2024-09-04T12:10:35,1370.35
4402,1414,2024-05-18T06:23:30,1732.95
5532,7934,2024-03-15T11:31:50,413.76
4320,9875,2025-07-30T20:02:10,1211.72
4212,1558,2024-04-08T04:13:42,1668.55
145,3925,2024-07-21T21:24:15,1163.28
3899,3690,2024-11-24T15:02:36,1374.1
4434,1052,2025-05-08T10:50:41,625.77
2375,9629,2025-01-24T11:42:26,1659.97
5527,8162,2025-01-05T00:08:45,776.83
4441,7136,2024-06-17T22:58:32,923.4
7752,9350,2024-09-27T19:50:48,1442.65
8471,7857,2024-10-05T16:22:39,902.03
3660,7950,2025-05-17T06:22:38,393.49
6753,9241,2025-02-27T13:28:36,1660.34
9237,2817,2024-06-20T09:39:17,70.56
4635,9053,2025-07-04T18:15:46,1506.24
1907,7266,2025-05-06T00:56:35,112.99
5402,4589,2024-11-01T02:19:03,1156.15
7210,4641,2025-05-15T20:03:28,1786.43
6359,8226,2025-11-29T04:07:41,1440.12
7227,8844,2024-07-07T03:44:23,1729.66
653,5653,2025-02-07T00:57:21,1692.64
9324,1966,2025-04-10T15:35:03,1346.27
3667,1735,2024-03-07T01:14:54,1129.66
1454,4633,2025-08-12T18:44:59,9.38
5868,8167,2024-07-31T17:49:06,102.62
613,1939,2025-09-06T18:12:57,154.71
531,9624,2025-06-04T11:52:30,191.44
7973,4589,2024-05-14T06:57:35,115.49
890,1256,2024-09-01T06:25:10,1923.13
8148,5943,2024-02-26T14:52:45,1008.99
8065,9658,2025-03-09T11:57:22,1353.61
7145,9920,2024-07-24T15:42:22,1169.12
558,2502,2024-12-05T19:04:46,1893.09
796,7266,2025-11-23T07:39:45,899.83
856,9954,2025-07-13T11:37:02,979.19
8351,1766,2024-01-05T11:54:54,842.64
9954,2804,2024-03-03T20:35:17,1764.89
3142,4927,2024-02-03T21:57:52,1771.66
2963,4161,2024-10-14T18:15:34,891.93
3934,8742,2024-07-11T05:55:43,223.23
5888,2755,2025-11-18T06:01:41,486.25
9445,5015,2024-08-11T15:35:16,890.66
2950,8417,2025-07-03T17:29:33,549.66
4118,6224,2024-07-26T19:13:06,1397.05
102,5915,2024-04-11T15:44:52,917.16
5200,2733,2024-09-14T00:26:05,1227.07
5630,3391,2024-03-19T16:25:11,1489.95
2593,5919,2024-04-26T21:00:48,1689.02
4420,3156,2024-05-17T09:47:52,170.24
1976,7737,2024-11-17T14:16:04,610.18
6427,7460,2025-02-19T12:55:42,1848.98
4393,2921,2025-08-13T07:33:55,485.34
2901,1406,2025-07-03T07:19:27,1146.13
7820,1119,2024-04-14T01:01:06,540.72
4106,1244,2025-09-14T18:01:19,1747.15
4250,7987,2025-03-19T15:17:25,1465.52
1508,5178,2025-10-19T02:50:51,16.26
9067,7809,2024-05-26T11:54:02,757.34
3051,5998,2024-06-12T07:06:31,915.13
3885,5853,2025-08-18T03:02:24,1424.21
8754,5322,2025-01-19T09:31:58,1256.27
1114,7870,2025-12-10T21:13:09,452.91
8048,5522,2025-09-19T06:31:35,69.71
8296,1808,2025-06-01T10:41:19,1037.26
9888,8141,2024-07-12T04:41:34,1766.45
8723,7078,2024-05-10T09:23:52,303.07
5905,1718,2025-11-04T01:41:30,413.89
5167,3449,2025-12-13T01:43:11,226.39
6254,9391,2025-04-18T14:11:25,1109.31
4045,2740,2025-05-31T17:21:48,1001.37
5234,7606,2024-09-08T22:39:12,929.93
8572,2158,2025-03-14T02:09:02,439.37
3001,6132,2024-10-20T03:09:18,1780.72
9905,4568,2024-12-09T19:39:39,1360.4
9874,1630,2025-02-16T02:57:49,620.61
6850,8999,2024-04-17T03:56:32,597.11
6220,4981,2025-02-22T22:23:50,1753.9
3176,3750,2025-10-07T00:43:20,1449.4
6882,1965,2024-02-21T04:40:18,1573.67
8515,4012,2024-10-23T07:23:57,1285.64
3767,5749,2024-01-26T08:22:13,1704.15
3109,1380,2025-03-31T21:38:09,1137.32
2932,8306,2024-11-11T22:17:36,172.4
2506,3226,2025-02-07T16:25:27,994.15
8672,4700,2024-08-31T12:47:56,1203.24
990,4043,2024-11-24T14:00:52,975.91
9807,6833,2024-01-25T14:26:30,52.44
8862,1972,2025-02-25T18:18:51,1149.99
4218,6518,2024-04-02T10:52:24,1795.37
8883,9755,2024-11-11T18:22:41,1996.23
5124,4373,2025-02-15T14:44:14,495.78
6034,1368,2025-12-14T01:43:09,1545.21
8354,7557,2024-08-06T05:58:11,226.24
6866,1295,2024-01-01T01:08:04,1876.5
3045,3855,2025-07-12T08:05:12,682.94
513,1672,2025-03-06T13:12:21,902.22
888,9897,2024-08-05T18:31:54,1129.2
8749,7518,2025-02-16T20:11:48,872.28
925,8501,2024-05-31T21:16:59,218.41
7181,5933,2024-01-21T13:25:55,457.28
6581,2970,2025-08-11T15:01:29,905.33
8139,1447,2024-03-20T00:40:33,924.08
1792,7467,2024-12-05T12:15:11,503.54
4832,2724,2024-08-07T06:26:57,503.31
250,9041,2025-05-16T16:30:09,899.11
4971,4732,2025-10-03T19:13:55,1441.61
9979,2585,2024-11-19T04:35:26,1369.97
5725,6356,2025-09-25T15:15:49,1491.84
9121,2405,2024-07-07T21:44:24,627.48
5882,9350,2025-03-04T13:18:04,1285.57
1259,7342,2025-10-15T01:35:42,1637.72
4678,4728,2024-06-10T08:24:21,491.66
166,9445,2024-08-08T10:09:43,1329.39
3304,9520,2025-11-06T15:20:30,1753.09
7137,3336,2024-11-05T23:46:51,649.58
9991,4732,2025-06-14T10:23:29,806.12
9637,4191,2024-07-01T03:55:55,578.71
4830,4695,2024-04-20T18:10:24,1320.12
9050,3712,2024-05-05T11:43:59,158.46
5157,3402,2025-05-30T15:25:00,1818.82
4515,1200,2024-11-10T03:56:00,325.96
5987,1695,2025-09-04T07:09:39,631.66
8051,2752,2024-07-05T23:00:28,1501.67
6543,2077,2025-07-03T17:01:23,636.75
657,3762,2025-05-12T20:52:18,1185.66
2089,9456,2025-12-29T14:01:54,1355.05
7472,3572,2024-06-23T08:02:33,133.14
3168,8274,2024-08-27T11:34:50,109.57
7107,6097,2024-07-05T11:49:37,1815.34
1132,6038,2025-07-18T20:16:15,212.38
7678,6364,2024-06-14T05:08:37,1459.23
3438,8678,2025-09-12T04:32:20,1006.95
7429,7353,2025-01-17T07:49:55,1498.13
8120,5524,2025-11-14T21:02:49,1824.61
1750,9363,2025-06-06T21:13:26,977.55
9495,5262,2024-11-15T00:36:44,1060.23
9079,6866,2025-01-14T05:07:13,1236.31
1298,1920,2025-09-29T16:52:24,1032.96
5676,1932,2025-12-20T08:12:43,874.07
1394,2718,2025-11-28T23:31:36,1025.61
8280,7939,2024-04-09T12:07:18,1710.67
9235,7745,2024-01-20T20:44:56,1365.45
2758,5248,2024-03-01T18:08:10,1743.87
7240,2036,2024-10-26T21:43:47,631.09
9701,1405,2025-02-18T14:33:32,1026.13
5381,6681,2025-05-11T13:40:48,816.97
243,6325,2025-01-18T22:32:27,367.77
1424,8178,2025-06-10T22:09:52,366.61
8397,1052,2024-01-10T09:20:07,1193.26
2522,7623,2025-10-17T13:51:00,249.91
7584,3800,2024-09-10T17:30:52,240.94
4477,9306,2025-11-30T17:21:01,220.17
3657,8821,2024-12-29T20:16:54,629.81
8581,4826,2024-05-21T20:52:11,676.98
2216,1672,2025-02-15T20:38:24,199.24
6188,4251,2024-05-31T16:04:09,409.32
2960,7166,2024-10-01T04:17:55,1655.8
5978,1423,2025-05-04T23:49:20,1439.85
3693,6139,2024-12-19T06:13:58,343.59
2833,2140,2025-02-05T20:04:43,174.13
2848,6480,2025-02-21T10:29:11,783.04
2755,8454,2025-07-16T10:06:11,1515.92
6957,1811,2024-12-26T03:54:44,1861.85
3811,5894,2024-05-19T15:50:05,25.23
1112,3932,2024-04-26T13:46:51,1862.66
7877,6785,2024-11-22T17:47:14,635.03
7838,1845,2025-04-28T00:15:14,75.71
961,3321,2025-07-21T02:59:45,699.92
2109,3131,2024-02-09T09:36:16,62.84
2338,8757,2024-06-17T02:46:57,1674.79
144,2889,2024-01-22T10:30:40,1754.69
6897,5801,2024-09-11T03:59:13,457.87
5537,4872,2024-10-01T14:40:35,307.65
3255,2316,2025-03-31T06:49:20,1039.48
5919,4544,2025-01-15T05:51:47,1592.47
7669,8773,2025-02-02T10:38:15,1014.53
8923,9563,2025-12-07T01:59:01,1444.66
9135,3936,2024-07-23T11:51:24,1414.92
921,2036,2024-04-23T08:25:20,338.58
8799,7527,2024-01-27T05:31:00,806.61
7823,5458,2025-10-13T13:35:21,203.91
6860,6678,2024-03-22T17:44:14,1363.63
1781,8891,2024-09-26T15:41:10,1081.64
7355,8385,2024-06-29T04:37:12,1429.84
2888,1034,2025-01-14T15:46:27,249.04
2923,2981,2025-10-04T22:13:04,108.5
1708,5091,2024-06-06T11:50:33,1673.49
3004,8075,2025-04-19T08:59:36,136.25
8076,6551,2025-01-11T20:07:29,1675.82
8143,4766,2025-05-13T01:09:27,964.9
2587,9178,2025-03-24T01:08:18,429.84
3746,3059,2025-10-08T15:07:35,1270.41
249,4937,2025-08-11T21:12:48,1382.77
3182,6842,2024-03-23T05:50:43,650.12
6014,7548,2024-02-19T20:08:22,539.26
1997,8485,2024-12-16T18:36:46,1654.89
1008,2677,2024-11-26T05:27:28,1473.3
7254,1244,2024-05-02T22:50:45,146.89
5136,3823,2025-06-02T01:39:38,550.27
3676,7260,2025-09-10T07:48:26,956.52
7854,4104,2024-03-10T11:56:21,1506.51
8270,7577,2025-01-20T13:48:30,400.19
5138,4240,2025-03-22T16:03:56,305.61
9764,1591,2024-10-31T00:41:28,989.35
6808,2600,2025-09-05T16:38:01,74.56
9663,7601,2025-03-19T02:03:08,946.63
5965,9486,2024-03-10T10:13:17,299.91
9061,4954,2024-08-12T04:10:59,1942.33
9871,2637,2025-06-09T14:34:45,1895.55
4597,2610,2025-06-14T18:36:01,769.79
8245,1566,2025-12-10T19:46:00,1171.64
8913,6796,2024-03-10T22:09:19,1823.14
4887,5513,2024-04-20T14:41:08,1522.37
2938,5739,2025-04-27T03:14:39,1307.85
8229,7473,2024-12-17T12:22:35,1293.53
445,8770,2024-04-28T13:23:44,138.93
7657,9665,2025-11-09T17:39:07,1464.94
9045,6844,2024-09-25T06:17:32,1091.81
9074,3097,2025-10-21T11:03:33,271.61
6017,6038,2025-02-09T05:37:49,818.24
9458,2134,2024-07-10T00:01:44,1351.97
6204,7481,2025-11-02T04:25:01,591.56
6731,5396,2025-08-07T10:09:08,99.06
1679,7642,2024-11-02T22:00:05,1174.23
6524,2974,2024-06-07T21:18:36,1124.71
5261,6120,2025-12-02T00:49:38,1269.57
7768,7196,2024-11-23T15:22:23,822.67
2649,2815,2024-03-04T20:54:59,319.86
2340,5041,2025-07-25T19:22:06,499.42
5927,1740,2024-06-30T22:10:08,1466.22
8031,2061,2025-07-16T08:37:48,1058.83
4390,1855,2025-11-26T21:46:50,278.26
6118,7158,2025-03-20T20:11:10,1739.81
6609,7908,2025-12-20T10:07:28,1405.51
6272,1010,2025-02-11T07:16:40,800.19
1763,5122,2024-07-01T05:46:04,1881.17
2217,6797,2025-02-16T16:01:33,1912.59
8513,5334,2025-11-16T08:26:29,564.82
6499,8857,2024-07-14T04:13:17,1683.95
6796,8878,2025-05-05T09:45:33,1431.16
4155,3929,2025-10-20T08:16:21,890.4
7725,1186,2024-09-18T09:55:16,1775.58
5181,1174,2025-12-20T16:03:12,1470.61
4288,4847,2025-06-17T18:44:43,62.78
2518,2392,2025-06-09T11:13:19,242.84
3515,2650,2024-08-05T14:32:55,864.66
9098,9971,2025-12-21T06:00:49,650.14
2342,3440,2025-04-04T15:25:21,1827.94
1979,5372,2024-01-21T08:22:12,1213.18
4066,9205,2025-01-02T23:01:14,707.45
7291,6156,2024-10-01T04:27:32,1399.57
9279,5900,2024-12-22T19:23:59,637.64
670,3353,2024-09-21T05:38:56,628.6
2256,8898,2025-09-27T08:11:24,246.8
127,1653,2025-09-10T08:47:43,1798.35
7829,9912,2024-08-03T04:32:46,1904.48
3799,7194,2025-09-18T21:23:09,1541.93
6967,5656,2025-01-28T09:30:50,133.5
2979,8437,2025-06-12T16:48:05,8.9
4241,3774,2025-11-18T16:06:16,580.52
9265,6230,2024-06-11T17:55:11,398.98
5280,4277,2025-02-20T13:32:46,1649.15
643,7708,2025-08-20T10:15:59,1647.56
6433,4441,2024-05-06T14:37:43,1744.65
1370,4122,2025-02-16T11:11:14,40.74
9565,6409,2024-06-14T21:21:41,385.91
993,8389,2024-09-01T08:11:47,1240.72
9161,4985,2024-05-02T23:22:14,1467.21
5819,3027,2024-09-04T05:45:38,369.32
2591,1981,2025-07-18T09:05:11,1046.93
4114,6848,2025-07-01T18:54:34,1795.79
4365,8735,2024-07-14T03:26:28,928.45
3554,6317,2024-10-13T16:42:43,171.08
7697,3788,2024-08-11T07:11:56,1302.85
4625,5799,2024-02-16T10:29:48,1624.27
3927,2137,2025-06-13T07:00:31,337.46
1878,6529,2025-01-27T00:09:19,1316.78
7649,9230,2024-03-30T19:59:13,658.75
2982,5489,2024-11-12T00:42:59,247.83
8856,6317,2025-06-11T17:49:53,1033.05
3836,9691,2025-10-04T02:33:06,707.75
3610,3435,2025-10-31T07:30:45,1556.68
8478,1889,2024-07-09T13:47:53,1396.26
7408,3947,2024-02-19T18:42:20,315.33
2741,9596,2025-02-13T13:11:15,172.52
5524,5539,2024-12-19T05:21:04,1024.68
9966,7581,2024-04-14T10:44:23,1531.0
5339,5970,2025-09-27T06:01:15,725.07
757,6523,2024-01-11T22:32:54,1582.58
3989,8557,2024-11-14T15:46:30,60.21
5864,5506,2025-02-07T00:21:43,889.61
8997,3798,2025-08-17T22:11:48,1680.53
2669,7259,2025-01-18T19:57:43,264.75
2239,7271,2024-02-18T10:59:06,780.24
6807,6183,2025-04-02T06:11:35,1664.95
5989,1430,2024-12-28T23:20:29,93.07
9720,9340,2024-03-17T08:19:32,993.0
4239,3713,2024-08-09T04:53:17,241.51
4438,3990,2024-03-11T08:11:34,1460.45
3655,4586,2024-02-13T11:51:23,787.62
2005,8400,2024-12-26T01:44:16,185.43
5817,2640,2025-04-13T06:59:24,728.25
9670,7935,2024-11-12T15:29:06,732.91
4339,4402,2024-05-11T11:09:18,1730.33
707,7824,2024-03-26T03:10:39,1169.49
4897,8983,2025-06-21T01:19:06,1518.13
3278,8949,2025-01-06T04:38:52,1347.25
5468,9359,2024-02-16T14:22:08,1577.23
3942,6777,2024-01-11T12:47:46,605.76
2362,1898,2024-09-17T17:48:08,1031.9
9430,2388,2025-01-13T10:19:09,1209.39
5530,5544,2024-02-24T14:06:49,219.39
988,9369,2024-04-19T19:06:51,779.98
4622,2982,2025-02-21T08:46:14,1433.01
4950,5815,2024-03-21T11:43:44,1228.77
2387,1351,2025-07-26T23:53:49,586.58
423,4898,2024-10-05T06:07:12,1179.76
7942,4098,2024-01-15T02:44:02,1273.66
2661,8027,2025-04-25T00:25:49,1202.78
3726,1375,2025-11-05T05:04:36,1905.53
8540,9483,2024-07-12T05:24:10,742.03
1043,8009,2024-01-01T12:36:00,408.62
7648,6122,2025-10-29T08:58:19,207.3
8650,4385,2024-12-05T16:24:36,1734.57
1232,5278,2024-09-04T13:18:49,1903.57
4143,5709,2025-12-25T06:33:03,1717.74
489,8538,2024-05-13T11:56:53,1664.89
1707,5348,2025-11-08T21:05:57,417.52
4140,8111,2024-09-21T19:39:50,1732.16
495,9363,2024-02-29T07:48:53,1268.28
2363,6963,2025-12-07T19:42:22,1776.52
9544,1142,2024-10-23T01:54:27,1704.38
5962,1721,2024-05-18T11:56:25,858.3
9,5557,2024-12-14T21:51:48,1619.81
2956,9011,2025-11-26T09:00:30,1526.12
6708,9739,2024-07-14T02:43:36,1594.78
1138,2391,2025-08-03T21:51:19,1163.64
2436,7156,2025-04-03T19:03:09,181.45
3238,7465,2024-11-18T23:26:58,1941.13
5387,6876,2024-09-15T11:55:03,1292.7
7332,5987,2024-12-02T04:40:19,766.1
5536,5370,2025-04-13T21:03:43,1856.06
1920,9589,2025-07-25T09:50:27,496.26
5454,7858,2024-03-23T14:05:58,949.95
6026,1693,2025-11-03T20:30:27,377.25
5084,9251,2024-02-01T21:15:46,1534.75
5713,2928,2024-02-15T15:08:37,299.62
8518,3926,2024-03-04T02:06:22,26.85
4861,9370,2025-11-18T21:13:58,393.78
533,6940,2024-01-15T03:50:30,621.19
4354,2990,2025-08-04T02:30:13,336.56
8149,8520,2024-09-08T21:43:07,1345.08
3879,3069,2024-04-03T03:07:28,642.07
9803,4578,2025-04-18T20:47:25,1315.49
3392,3811,2025-02-26T20:51:27,848.99
6080,7852,2024-09-19T07:05:06,158.11
1935,1372,2024-12-31T23:37:26,667.09
4790,6871,2025-01-14T21:38:30,1500.62
4412,1719,2024-11-05T08:44:18,1991.5
2611,3302,2025-10-14T07:12:06,475.9
4305,4448,2025-02-06T20:19:05,727.39
5289,3418,2024-12-27T03:06:00,896.14
8192,5825,2024-02-14T10:24:00,319.44
8411,8395,2025-08-07T10:31:56,1687.27
9976,4355,2024-11-25T12:50:02,1456.4
198,5892,2024-09-30T05:15:33,1508.18
9147,7583,2025-10-29T22:00:04,851.71
5248,1979,2025-06-01T03:12:37,709.97
511,2479,2025-11-02T06:47:17,1231.94
2273,1701,2024-09-19T07:31:51,813.99
6618,3048,2025-02-28T15:26:54,5.68
2015,7292,2025-07-03T08:38:18,1455.11
5624,8100,2024-10-27T05:56:30,160.86
7566,7750,2025-04-24T12:05:57,848.99
4824,1011,2025-04-13T13:47:17,626.3
5952,9741,2024-06-27T10:37:24,1899.38
5741,4222,2025-04-20T17:09:08,872.7
1933,5713,2025-09-29T00:24:18,32.4
6036,9207,2025-03-07T22:16:29,1039.9
2191,3770,2025-01-02T12:21:05,1147.86
7751,2292,2024-12-07T15:47:09,437.98
7335,6828,2024-04-19T20:32:31,217.74
1980,4783,2025-04-20T15:15:19,1194.74
6273,4890,2024-05-24T15:42:45,740.52
2622,8780,2024-11-25T03:51:22,1367.06
6798,5841,2025-09-27T05:27:13,382.75
2220,7408,2025-03-29T17:50:43,924.91
5506,4133,2025-03-15T15:16:58,700.28
3225,7524,2024-10-06T07:05:35,758.55
5315,4588,2024-02-02T18:12:55,1518.26
3170,4305,2025-08-18T20:02:45,1858.0
8526,1963,2024-11-10T15:02:03,503.6
2924,4874,2024-07-05T02:53:44,988.49
5298,8114,2025-05-03T11:21:56,1294.42
9765,1376,2024-05-12T18:05:35,805.99
6786,3574,2025-12-15T13:07:20,1887.68
5250,8810,2025-07-02T09:14:35,1217.6
2610,2479,2025-11-18T23:00:19,796.81
9375,8031,2025-02-25T22:23:23,34.47
9046,2348,2025-05-20T02:30:11,1843.55
712,4968,2025-06-12T17:40:08,67.98
9503,6469,2025-12-22T10:15:36,1718.2
5030,2618,2025-12-07T13:26:30,1696.31
4638,5225,2024-12-15T19:37:12,1138.62
369,8916,2024-10-25T19:12:06,217.77
7710,9664,2024-08-20T10:13:58,1083.19
4078,6115,2025-01-23T09:33:06,801.44
1236,8909,2025-04-21T15:10:00,1410.49
6735,4224,2025-11-06T15:33:29,1691.79
5164,6633,2025-03-16T05:36:03,1771.78
3580,1716,2025-05-15T14:01:02,268.7
1109,1042,2025-01-30T05:11:00,92.86
3508,8851,2024-11-26T22:37:46,127.39
168,4848,2025-08-06T10:13:47,1347.23
981,7431,2025-04-19T19:36:53,1176.07
8342,6919,2024-02-10T20:49:20,863.47
3022,8692,2024-04-24T11:54:14,620.81
6330,3242,2025-11-22T10:15:21,1870.67
1660,3650,2024-12-12T21:07:54,205.06
7589,3935,2025-02-26T19:41:03,544.77
4346,7660,2025-04-10T01:08:16,1743.5
7958,6679,2025-02-16T08:17:29,1004.09
8401,5563,2025-07-17T23:43:38,472.74
1163,7563,2025-10-01T18:23:07,747.62
2552,6250,2024-08-08T22:18:00,127.54
9935,4867,2025-09-10T08:16:19,351.76
3768,4651,2024-06-13T13:33:50,1554.88
4593,8363,2024-08-10T08:42:35,318.15
3925,8811,2025-06-28T01:43:48,1479.49
2279,1750,2025-04-25T07:17:28,489.15
7055,3073,2025-06-06T19:58:58,1472.76
6506,2474,2025-08-15T23:37:55,980.52
6320,5354,2025-04-27T04:00:23,1905.7
6053,7635,2024-04-14T15:07:11,1289.84
6231,6981,2024-01-13T00:13:45,1530.25
190,6238,2024-09-17T20:39:06,1786.59
5371,1399,2024-07-26T14:32:35,1344.13
2800,9089,2024-11-19T02:30:37,610.79
3809,7148,2024-11-22T03:38:09,1779.98
374,9138,2025-08-01T19:00:56,1666.51
5496,6594,2025-12-13T08:11:01,610.48
4498,7956,2025-07-21T07:07:22,1195.89
6511,6615,2024-03-25T00:39:05,1410.09
4979,5128,2024-08-02T10:41:51,1894.97
7599,1208,2025-12-11T20:32:16,99.25
1141,8126,2024-02-18T09:02:12,1326.58
9109,5790,2025-01-09T12:53:30,1162.62
665,5745,2025-02-27T18:18:05,1285.61
5488,9348,2025-09-05T23:23:02,1778.04
7143,3007,2024-10-25T21:18:11,1866.58
6574,2834,2025-11-28T01:37:17,171.58
7052,9599,2025-12-19T02:56:59,1496.81
2915,2627,2024-03-30T01:07:50,1085.85
5673,2329,2024-08-20T07:20:23,488.78
8747,2309,2025-12-26T03:06:53,1518.15
482,4770,2025-02-17T16:03:16,1003.02
2762,8974,2024-11-10T15:27:16,609.09
6449,7597,2024-10-24T03:50:47,213.49
8063,3713,2025-02-15T17:57:02,1413.81
755,6417,2024-03-28T11:53:16,329.18
2397,8469,2024-08-08T21:15:55,1912.65
7730,4403,2025-03-30T12:56:22,445.92
8264,5414,2025-09-04T13:41:26,1506.55
5471,3245,2025-11-14T19:33:33,642.46
4998,3906,2024-10-02T20:36:19,1415.99
7436,4199,2024-05-29T09:48:22,1481.38
4446,6169,2024-04-19T01:43:54,830.9
9480,9141,2024-06-05T16:03:42,828.41
1889,5945,2025-11-22T12:51:09,18.1
9287,7208,2024-03-27T08:53:41,248.62
5370,8850,2025-07-12T08:43:25,409.38
839,8846,2025-08-08T21:44:39,1829.31
5493,3384,2025-07-01T04:21:14,1546.97
8516,9551,2024-09-16T10:21:29,1362.53
5247,3618,2025-10-23T10:55:13,977.25
7014,4936,2025-10-16T21:43:15,841.07
7500,9373,2025-12-29T07:15:58,1834.49
3637,3591,2025-11-07T02:52:01,65.22
5075,2777,2024-07-22T02:41:53,1523.17
8682,5461,2025-03-23T20:12:47,845.34
1700,7536,2024-03-13T05:49:17,1349.03
460,5381,2025-05-25T22:51:46,62.76
5606,7679,2025-02-10T14:11:44,337.96
32,7482,2025-01-22T18:20:42,1769.94
4763,8439,2024-09-20T22:30:44,1057.79
5994,7638,2024-04-26T11:25:51,758.55
1405,9383,2024-03-10T23:15:45,154.72
6106,8813,2024-07-03T09:56:07,1726.35
535,4145,2025-01-12T16:44:49,456.95
1783,7753,2024-10-11T02:41:43,523.32
8482,5441,2024-10-19T18:01:17,1328.33
8207,8301,2024-05-30T16:45:37,1774.75
9692,6074,2024-01-03T18:12:17,1707.95
5891,9143,2025-05-02T09:48:29,1955.02
4428,7605,2025-05-31T03:05:27,835.68
5535,4776,2024-07-05T22:36:19,444.77
2854,5979,2024-07-06T10:53:58,1454.39
9182,7823,2024-11-19T13:09:38,603.79
4330,9736,2025-12-06T00:06:57,1015.65
347,6546,2024-07-24T20:22:57,1248.4
3422,3023,2025-08-30T23:12:43,355.58
8529,3178,2024-09-04T04:31:05,1689.7
8903,1692,2025-12-11T05:08:51,930.76
1349,6428,2025-11-19T19:57:43,746.51
4011,2697,2024-06-07T16:18:35,950.12
6760,5568,2024-05-13T18:58:20,511.93
7913,6387,2024-10-06T01:27:26,7.97
3068,7125,2025-07-07T09:43:04,1053.32
6303,8991,2024-09-05T21:27:39,1547.14
1168,6432,2025-10-20T02:21:31,249.44
7360,3307,2025-11-27T20:45:59,1140.32
1456,2741,2024-10-17T09:49:17,96.33
5852,4020,2025-03-23T20:54:05,1629.82
743,1969,2025-05-16T16:24:35,1816.33
9232,7279,2025-06-29T15:50:42,1438.62
8238,3779,2024-01-17T20:31:29,93.97
4627,9381,2025-07-10T14:51:04,1260.39
2908,5504,2024-01-15T17:41:35,1574.58
3590,1729,2025-10-02T17:42:53,210.12
9101,5441,2025-08-30T05:43:18,1560.08
2361,2326,2024-06-09T21:29:21,1242.81
8653,4110,2025-12-25T07:48:59,1211.78
2919,3973,2024-09-09T15:51:29,59.21
8228,8052,2025-10-07T00:37:12,1438.46
6108,4472,2024-02-05T19:44:59,471.33
4776,6710,2025-02-23T11:45:03,1909.55
7431,3679,2024-05-21T04:46:19,47.82
7158,6943,2024-06-11T10:11:27,1632.21
1721,9490,2024-04-03T11:49:31,922.84
2831,1487,2024-10-07T23:57:46,887.94
9658,8466,2025-04-09T09:10:02,1727.72
4360,5441,2024-08-16T12:43:35,1047.35
1899,8999,2024-05-14T07:08:09,1652.28
3330,6237,2024-11-25T02:18:44,1543.71
8159,4383,2025-10-29T17:21:01,1886.44
3054,2941,2024-02-20T18:43:31,293.14
5639,9978,2025-08-28T07:21:06,1458.69
774,7121,2025-04-15T11:47:32,834.61
7526,4339,2025-11-16T15:54:45,432.91
4107,1931,2024-07-13T02:53:28,157.84
9753,6052,2025-10-15T14:56:55,1053.54
6652,7463,2025-12-14T21:34:39,1255.05
5872,5705,2024-03-26T18:18:44,285.69
3344,4687,2024-06-12T14:06:44,1402.31
7651,6504,2024-02-12T12:24:40,1832.89
6929,3612,2024-11-04T09:50:41,415.95
7739,9726,2025-10-28T03:44:10,255.67
6278,3045,2024-01-24T19:03:42,340.0
7423,4695,2024-01-29T00:05:20,1198.54
3652,3569,2024-11-25T01:47:09,547.3
8567,2089,2024-01-04T10:22:35,582.74
1064,3480,2024-06-14T11:38:29,1840.19
5859,2814,2025-07-11T02:15:27,1660.79
9729,9433,2024-12-10T18:01:25,1662.45
3292,9693,2024-04-05T10:55:12,562.54
1687,9243,2024-02-26T05:22:20,592.03
775,8714,2025-03-02T14:28:23,1515.91
4800,7384,2025-09-21T06:39:09,1752.5
8444,9252,2025-11-05T13:13:47,1513.1
6412,8676,2025-06-01T20:34:16,1520.69
9609,7987,2024-08-20T21:07:42,217.46
9187,7452,2024-07-29T07:58:59,871.43
8446,6286,2024-09-01T14:23:47,1697.08
3764,7738,2024-01-13T18:12:43,211.83
9770,7298,2024-01-13T04:14:45,340.46
7994,9057,2024-08-28T02:33:25,1691.46
349,9742,2025-10-24T00:47:38,763.12
2350,6872,2024-04-13T01:55:51,595.1
6127,4119,2025-11-22T16:51:46,221.17
4135,5999,2025-05-27T22:47:38,67.46
5441,8401,2025-12-01T19:22:40,590.31
121,8007,2025-03-04T12:04:06,1124.01
4464,1554,2024-10-20T12:45:21,648.13
794,3218,2024-05-19T19:05:42,1532.83
2399,3986,2024-08-09T13:22:54,1946.55
3236,9203,2025-10-31T06:24:56,1462.09
8938,4500,2025-04-03T13:01:26,1316.12
1848,9289,2024-01-01T13:25:06,761.19
4120,7731,2025-11-30T09:08:44,1412.48
2782,8964,2024-11-06T10:34:55,1029.14
4624,8877,2024-12-06T14:37:34,1656.37
5593,7452,2024-02-14T03:45:43,274.22
2380,3929,2024-10-30T10:50:58,580.3
7547,3087,2024-02-28T07:13:35,936.84
3583,2742,2024-01-08T07:09:26,1087.03
7093,7829,2025-03-16T19:57:09,690.86
2696,5321,2025-08-14T12:34:49,1036.36
5979,6125,2024-10-01T10:40:32,761.19
2192,5780,2025-05-24T18:41:21,1618.75
9280,8939,2025-12-06T18:15:27,1868.1
9940,2408,2025-03-15T02:42:24,1298.78
6341,5989,2024-04-10T02:48:40,1916.22
1600,8448,2025-12-13T22:55:56,1763.7
7941,6063,2025-03-21T07:39:59,304.41
4959,4149,2025-03-04T03:36:00,827.59
3573,2137,2024-05-25T21:44:27,291.33
8525,5362,2024-05-21T20:38:56,1141.9
6395,3804,2025-11-15T17:26:43,1910.91
3138,3869,2025-10-01T13:50:25,833.03
2977,1378,2025-06-10T14:26:21,1983.94
7505,2581,2025-02-13T05:07:13,1305.12
8211,4007,2024-12-22T09:21:37,511.34
406,7686,2025-04-23T04:35:20,1878.41
7040,8857,2025-03-27T23:06:45,1798.93
515,9214,2025-01-04T10:22:03,305.97
7083,7443,2024-11-20T10:11:41,923.71
8522,1304,2025-04-08T10:44:56,1173.21
9914,7181,2025-05-16T22:04:38,1486.09
8255,9262,2024-11-10T10:23:38,1627.25
8396,5361,2024-12-02T23:59:13,131.12
8810,8116,2025-05-18T07:39:56,949.12
9768,7685,2024-05-26T19:49:22,1211.43
2141,2007,2025-05-15T23:28:06,185.61
9597,2090,2024-02-03T15:26:17,1364.23
6151,3387,2025-10-07T03:46:14,1534.15
9251,9919,2024-07-13T23:49:31,186.83
2034,5889,2025-06-02T01:43:00,665.57
624,2858,2024-07-12T21:05:54,56.7
564,6493,2025-10-13T19:22:47,1583.8
2636,6196,2025-05-05T09:16:02,1759.54
4180,5765,2024-02-04T15:36:05,1860.97
6368,3346,2025-04-16T03:27:23,1757.93
7374,4830,2025-04-29T08:54:16,23.59
8194,5394,2024-08-12T10:25:14,1675.11
3487,7551,2025-08-16T17:18:46,1006.21
29,6168,2024-01-25T22:23:30,805.32
3951,2768,2024-10-20T10:17:49,1931.08
6043,4423,2024-06-16T21:01:11,1939.62
9407,2352,2024-06-21T14:52:31,647.71
7171,2014,2025-12-08T14:46:09,1293.18
9499,2971,2025-10-07T00:54:52,48.25
7982,5333,2025-12-03T12:09:33,1893.28
2764,7471,2025-06-20T04:00:02,1610.26
8103,9563,2025-09-23T18:19:05,1534.85
4792,9305,2024-03-11T12:27:59,722.92
4686,8252,2024-03-27T14:57:22,1555.9
1385,1796,2025-04-29T00:04:27,1189.88
1151,5341,2024-12-25T21:24:23,1705.7
6668,2013,2025-07-19T14:35:17,458.0
4586,7571,2024-05-03T14:09:55,1102.39
6984,4568,2024-04-07T07:52:49,1326.11
4244,5565,2025-06-01T15:13:22,286.3
2772,1357,2024-11-23T16:23:55,237.34
9515,9084,2024-08-15T08:27:41,925.63
3594,7314,2024-11-27T18:22:53,299.02
1189,5060,2024-03-18T18:38:21,1315.44
8785,6429,2025-01-10T08:49:55,1640.66
8920,6985,2025-04-18T12:55:55,1911.56
3306,2426,2025-01-21T17:59:44,606.19
4944,5853,2025-06-27T21:12:05,1514.76
8436,1264,2025-04-22T03:32:16,1543.34
6664,8827,2025-06-17T23:02:44,1989.39
8603,2200,2024-05-11T16:47:42,995.18
5558,7187,2025-04-11T18:35:09,340.92
3464,9446,2024-08-24T18:15:10,1652.33
6083,7672,2025-02-20T09:43:19,1881.63
4986,9841,2024-04-22T00:41:57,1960.46
5966,2170,2024-12-09T13:57:28,847.13
1047,5102,2024-10-06T23:00:09,169.43
3085,9401,2025-01-24T17:34:33,1095.57
2075,3719,2025-10-16T07:34:54,1144.11
6955,2636,2025-01-17T09:22:25,1531.15
1011,2425,2025-10-31T16:33:57,880.94
2052,4812,2024-05-19T17:42:49,1418.63
1632,7877,2025-01-26T17:56:34,1653.9
3038,4363,2024-10-18T23:30:14,803.62
6476,6351,2025-03-02T23:03:25,1081.58
3974,2322,2025-12-14T05:36:14,585.15
3727,7929,2025-06-15T00:33:33,543.35
1437,3571,2025-12-26T17:56:44,1013.61
1553,3360,2025-05-07T11:28:04,599.62
1105,6900,2025-01-31T17:39:51,115.6
2583,7591,2024-11-17T19:22:38,506.27
7852,1201,2025-09-11T18:42:16,56.86
1392,2654,2025-05-28T22:19:18,1326.65
7622,6639,2025-12-07T22:38:03,1224.51
6743,3725,2025-06-11T00:29:46,981.12
3206,3199,2024-09-12T07:13:22,559.86
91,1936,2024-08-31T14:01:02,105.03
3884,4700,2025-01-09T22:17:52,188.14
4295,4587,2025-07-19T14:23:12,682.98
8195,4812,2024-11-09T21:52:14,69.6
4894,7250,2024-02-01T19:45:59,1676.77
7639,8738,2024-02-22T19:24:55,477.47
5405,3551,2024-12-18T08:43:30,1669.53
8106,4639,2025-11-03T09:51:53,1157.89
312,8569,2025-02-25T10:40:39,829.43
8310,8045,2025-04-02T10:06:35,711.81
8068,1921,2024-12-29T11:49:00,1431.54
813,1924,2025-08-25T18:52:28,284.57
5337,5892,2025-03-18T21:25:42,1666.69
6119,5856,2025-05-25T03:06:09,1661.41
8882,4304,2025-09-14T16:18:51,407.17
5310,3539,2024-11-03T13:47:30,1098.45
4136,6698,2025-08-15T15:16:55,1874.76
7945,7764,2024-08-03T17:20:19,825.18
4383,3075,2024-03-20T11:25:21,1594.78
1562,1891,2025-06-05T03:56:05,1703.52
9179,7391,2025-08-16T10:33:45,1921.08
9242,4189,2024-03-04T03:36:47,456.71
298,5102,2025-04-13T22:02:16,56.6
6876,9465,2025-12-09T16:37:47,369.62
3653,9544,2024-03-12T09:49:15,758.23
6242,8482,2024-11-05T01:57:39,1511.15
9633,8118,2024-10-10T07:42:16,702.98
9916,1560,2025-03-07T01:02:48,1774.67
8647,6270,2024-10-31T06:36:10,319.11
5263,6582,2025-03-07T01:52:14,1156.55
2895,8357,2025-06-02T05:53:46,302.22
4017,3018,2025-04-24T08:40:07,867.55
8715,5612,2024-08-10T00:15:25,1388.5
731,2294,2024-08-11T09:49:05,696.0
8485,1848,2025-08-09T21:30:09,210.4
1515,3611,2025-01-27T08:29:55,834.78
326,7284,2024-04-22T08:19:18,385.27
6644,5238,2024-04-08T11:17:59,1191.12
4456,5729,2025-06-13T17:43:56,418.86
6768,3020,2025-04-07T17:42:16,298.43
3180,9875,2025-12-26T17:07:28,793.15
3070,7569,2025-03-27T10:06:18,1278.02
455,8900,2025-05-25T02:27:07,452.37
424,3854,2024-01-13T06:10:50,534.41
9211,1378,2024-07-09T04:12:24,996.72
20,4814,2025-10-26T08:16:40,1733.63
6094,8465,2025-06-15T23:36:44,150.0
5187,3168,2024-09-22T17:44:27,1886.1
1468,9328,2025-01-10T02:30:15,1563.26
8382,4093,2025-03-14T13:30:07,349.01
9005,7023,2024-08-29T16:48:31,1963.8
153,4228,2025-07-30T06:57:06,731.62
9754,1918,2024-01-31T14:03:19,1746.71
5940,7800,2024-04-29T09:54:56,221.34
5661,9520,2025-06-13T16:36:18,1366.79
2356,8607,2024-10-14T17:08:16,1409.28
691,6939,2024-05-31T04:38:16,1108.68
6022,2346,2024-07-14T14:49:22,926.62
1414,3793,2024-04-17T11:51:33,660.68
8007,5416,2025-10-27T01:49:45,1581.26
8338,7840,2025-05-23T20:24:04,791.87
433,9032,2024-03-24T20:33:15,1426.24
934,7437,2024-08-05T17:10:24,733.21
8666,5516,2025-02-21T04:31:41,1109.32
7486,9156,2025-01-25T06:50:01,887.28
534,6598,2024-06-15T08:50:26,1895.6
6942,4830,2024-10-15T02:59:28,633.68
9039,5166,2024-09-26T11:47:36,1077.4
9325,2643,2025-09-16T15:30:15,974.29
946,7853,2025-11-06T11:08:51,1089.57
8499,9627,2025-10-16T08:21:21,655.87
403,9850,2024-10-15T04:09:21,841.16
1089,2369,2024-08-03T12:22:24,623.26
4366,6409,2025-12-28T04:04:46,1854.52
3866,9082,2024-12-19T02:01:04,1698.1
1965,6395,2024-08-30T15:14:12,901.09
3024,9481,2024-01-07T06:39:23,1174.95
1765,2687,2024-11-04T09:27:58,195.63
7312,5007,2024-11-03T05:03:47,1507.2
1121,5625,2025-11-03T16:00:39,1548.19
3276,3042,2024-10-20T09:22:13,557.14
3681,3307,2025-05-23T03:32:51,1538.81
5319,5745,2025-08-17T14:38:16,986.99
1693,8548,2024-12-22T09:33:16,1793.57
8654,5914,2024-12-29T20:01:58,530.98
2126,3087,2025-04-14T11:34:57,1018.36
1492,4342,2024-08-17T05:49:08,1508.42
8600,6173,2025-04-25T12:53:49,1701.59
1046,5489,2025-11-11T20:54:57,191.21
9122,2381,2025-03-28T06:48:17,652.52
5353,4527,2024-10-12T20:56:41,1293.32
2847,5940,2025-11-15T06:33:30,173.14
4473,4990,2025-01-02T20:01:23,508.89
6771,7972,2025-09-16T09:52:39,1976.4
8227,8032,2024-08-19T19:47:36,123.7
4482,3286,2025-03-17T04:04:07,264.13
6999,1523,2025-09-03T15:13:25,1144.78
7956,5734,2025-04-08T06:53:08,1936.45
596,9897,2025-09-25T08:16:15,949.43
9978,2173,2024-03-26T18:56:13,1612.04
8685,5066,2024-05-19T15:45:06,656.8
3446,9074,2025-03-06T10:17:12,1617.65
4843,4896,2025-10-10T20:35:41,327.96
8846,9211,2025-02-02T18:19:01,1055.08
7153,2998,2025-05-16T11:09:55,993.89
7632,4797,2024-03-15T20:49:09,1071.08
5821,6103,2024-08-02T18:36:40,1683.73
8949,8377,2024-04-02T11:11:56,1251.22
5964,4612,2025-09-05T15:11:30,1399.06
7508,8077,2025-11-10T18:36:02,847.39
6200,4575,2024-05-27T21:04:28,897.74
2298,5648,2025-07-02T22:36:42,835.36
2223,3947,2025-06-10T09:34:55,629.97
4101,7024,2024-04-01T15:32:26,706.82
8708,4058,2024-03-28T01:57:16,1938.51
4128,1553,2025-10-11T14:13:54,544.25
3077,8282,2024-08-17T04:05:37,1040.05
5443,7991,2024-09-14T10:02:04,223.8
677,7850,2024-10-25T09:04:18,500.3
3531,2923,2024-12-14T08:18:52,1822.14
2128,2162,2025-05-19T10:39:06,1585.9
1274,5525,2025-10-27T08:37:55,1041.78
6067,7807,2025-12-06T05:10:10,1833.76
880,7179,2024-10-21T13:59:37,1107.64
3948,6852,2024-04-20T00:13:58,998.18
8514,6342,2024-06-18T14:11:25,1607.12
7512,9912,2024-05-30T05:05:03,795.08
4077,9482,2025-10-24T16:42:41,1863.96
8036,2492,2024-05-21T03:58:09,326.19
7359,6141,2025-09-06T18:03:54,1422.96
3663,3666,2024-08-07T04:43:06,1085.43
469,3579,2024-04-30T20:13:10,1510.1
6885,3916,2025-04-19T03:01:26,1688.46
8257,4172,2024-06-10T16:13:13,1511.33
5440,9466,2025-06-26T07:42:00,984.74
462,1100,2024-09-29T15:33:03,366.9
8680,2203,2025-08-02T08:32:37,1646.63
1296,7671,2024-06-13T04:36:16,1483.18
5520,5173,2024-04-23T15:58:25,1213.94
4081,1491,2024-07-23T07:39:52,69.39
3043,4262,2024-01-24T01:22:45,399.66
5202,2329,2025-08-02T11:38:32,375.22
8026,5080,2024-12-26T02:07:03,10.03
2255,7298,2024-01-03T13:39:13,1908.54
1532,4492,2025-05-03T23:00:01,1730.58
2810,9444,2025-10-24T20:40:51,1210.56
580,9618,2024-02-22T13:38:02,1090.44
5829,2126,2024-04-16T07:50:42,193.16
5192,2859,2025-11-26T19:16:45,50.9
4056,8168,2025-01-16T10:49:25,1359.3
8448,2932,2024-04-17T23:07:39,1390.47
1332,4937,2025-02-05T19:03:04,1799.88
9419,4439,2024-10-24T01:22:47,952.3
3486,3087,2025-07-08T19:54:28,653.15
4699,8261,2025-10-31T13:24:06,688.15
583,7116,2024-10-27T11:59:25,511.03
5214,6265,2025-10-21T03:21:16,1513.79
6171,3903,2025-08-23T21:57:42,1726.48
7169,7663,2024-09-08T14:11:27,380.66
3444,2534,2024-07-05T10:36:32,334.4
5305,4850,2025-07-08T11:11:57,188.26
3000,1994,2024-03-07T10:28:56,1833.85
2457,6832,2025-05-09T04:30:22,102.19
5329,4302,2025-10-10T10:12:59,1509.57
1918,4245,2025-01-08T13:02:42,978.28
997,9056,2024-11-13T18:49:01,834.18
701,9446,2025-11-24T17:10:53,283.86
2667,4121,2024-06-06T18:54:14,1892.37
4401,8133,2025-03-09T08:06:16,1305.92
5168,4229,2025-12-27T06:12:05,1923.34
790,2196,2025-03-25T04:30:12,95.35
8929,5009,2024-05-03T15:12:33,1295.17
2156,1510,2024-08-07T04:45:41,474.31
4137,6508,2025-12-07T20:38:10,1845.78
2219,2610,2024-07-26T10:52:39,514.41
8294,3286,2025-07-13T01:57:27,205.23
4836,5370,2025-11-17T07:10:40,1520.99
9482,4445,2024-09-21T17:28:46,1839.1
6772,9429,2025-02-13T20:55:30,1553.94
9414,3274,2024-05-01T22:12:47,1659.29
5481,4692,2024-10-07T22:59:46,1656.81
2190,5267,2025-03-13T20:14:47,127.53
8299,3078,2025-04-15T06:40:43,751.85
7822,9105,2025-07-03T08:34:55,1380.49
1664,3381,2025-10-01T10:35:39,945.98
7932,1377,2024-02-09T08:24:42,1843.11
3274,2789,2025-12-10T03:01:13,1737.38
126,6974,2024-08-27T10:21:07,1798.47
3459,7115,2024-05-12T10:03:05,1939.61
4188,4679,2025-12-27T15:19:01,1132.98
1222,6500,2024-03-09T21:58:21,896.03
886,8790,2025-12-01T00:56:44,545.83
748,9116,2024-11-04T08:30:54,376.69
8201,5360,2025-11-22T15:48:52,372.85
811,7590,2024-02-04T08:37:56,880.73
1724,6924,2024-09-09T18:34:13,1227.49
5074,5664,2024-08-10T11:36:33,1711.74
199,7865,2025-10-24T21:25:22,1078.75
2687,3783,2024-07-21T04:11:17,1009.97
1124,5979,2024-08-14T11:43:35,1480.45
270,5136,2024-02-09T21:43:53,1882.42
3740,3369,2025-06-02T19:43:23,650.85
3550,3178,2024-08-03T17:45:23,544.52
6525,4259,2024-09-16T05:47:16,1999.52
4672,5015,2025-05-20T11:55:32,460.54
6687,8382,2024-01-23T16:01:58,1566.12
6916,7645,2024-02-16T23:20:41,1724.78
7688,8045,2025-05-03T15:22:00,527.68
3354,1886,2024-09-08T04:57:33,1700.37
8273,1243,2025-12-05T00:47:23,770.94
8652,3165,2024-11-20T07:12:19,404.17
4332,7449,2025-07-19T02:39:14,1903.16
6736,2825,2024-02-29T13:51:44,284.19
443,2557,2025-07-20T16:57:46,628.53
4146,8656,2024-10-23T03:46:48,1492.54
5728,3689,2025-08-31T08:01:50,1908.81
486,8033,2025-03-23T04:55:43,1148.93
3779,6201,2025-04-10T23:47:52,673.5
1788,5908,2025-01-05T13:10:29,23.22
8439,6398,2025-08-13T06:04:31,1354.12
5165,7061,2024-03-07T00:42:38,142.44
2012,3686,2025-05-18T18:20:27,1438.16
3254,7297,2025-12-13T03:56:06,798.35
7771,5201,2024-07-16T23:26:45,142.03
7246,6606,2025-03-15T19:13:32,663.25
6325,9580,2024-04-04T18:30:00,948.41
8185,8461,2024-04-11T03:48:38,1458.64
7504,5549,2025-04-06T10:06:29,1152.86
187,9540,2024-08-03T09:27:29,971.77
8231,5976,2024-05-09T02:16:31,715.02
3269,9234,2024-05-21T08:26:01,1897.22
9581,9476,2024-11-25T13:23:58,1955.64
496,9355,2025-02-16T03:11:26,391.84
1686,9294,2024-11-12T05:32:22,217.4
7875,3953,2025-01-03T12:34:54,754.78
6131,1376,2025-06-27T10:56:08,1980.1
7953,9832,2025-07-02T15:07:52,1820.95
3601,2389,2025-12-19T05:41:55,1791.7
2585,3958,2025-03-01T07:18:16,1762.39
9961,2282,2025-01-22T05:01:02,476.47
8924,1060,2024-06-05T11:36:34,1004.22
7265,7379,2025-05-21T10:48:02,1351.53
9608,9484,2024-04-07T16:44:42,744.38
4973,1871,2025-03-22T00:57:59,923.18
214,1853,2025-02-22T23:29:59,1999.82
4302,7212,2024-01-17T09:39:44,185.05
964,8178,2024-03-16T19:49:30,1445.38
1712,9871,2025-08-16T14:32:40,1916.2
3092,9898,2025-08-07T09:26:32,1825.2
8774,3612,2025-04-28T01:58:41,451.55
4907,8955,2025-09-18T00:46:13,489.27
9349,1388,2024-02-26T12:51:54,1790.44
3763,2700,2025-09-17T23:48:21,183.83
2934,7116,2024-04-20T13:54:49,1083.18
5887,2031,2024-01-16T18:24:40,1136.48
9964,3316,2025-08-05T14:34:15,1693.68
4994,2459,2024-09-14T17:00:57,192.85
5502,5122,2024-02-18T21:10:54,1260.1
476,1744,2024-08-27T13:21:15,444.93
9486,8011,2024-05-07T02:58:57,788.87
3202,9171,2024-10-17T21:37:35,596.75
9071,7457,2024-08-31T11:05:11,1830.96
2098,6257,2024-06-11T23:48:25,405.11
628,5678,2025-04-20T06:13:02,1389.49
4040,9306,2025-12-21T08:13:02,1551.92
228,5941,2025-08-23T00:05:14,1701.34
5784,3388,2024-05-06T01:20:40,687.49
7985,4676,2024-09-09T12:20:46,1911.66
6814,6429,2024-02-27T21:23:36,43.99
2232,7159,2024-04-10T21:38:48,1314.51
6782,4709,2025-05-18T20:35:51,1186.82
8337,1220,2025-09-04T02:31:19,1212.94
9463,4250,2024-04-27T09:59:14,1369.49
8302,5167,2024-07-02T12:20:09,1258.42
4216,3088,2024-10-02T05:53:38,807.62
918,4977,2025-03-10T14:31:01,1146.06
9225,5858,2025-06-29T16:07:55,692.22
2631,8248,2024-07-02T14:28:40,780.0
293,5728,2024-08-26T22:17:59,881.11
5757,9220,2024-01-13T16:39:47,1737.75
5434,2555,2024-11-14T22:16:15,25.54
4147,4903,2025-12-19T04:55:58,268.09
4820,2509,2024-06-21T23:25:22,842.67
4932,3818,2025-08-29T14:18:10,1690.22
1784,1172,2024-08-23T19:00:33,5.18
93,3579,2025-02-16T12:54:31,118.47
7564,1368,2025-03-25T23:31:23,892.88
5161,6937,2025-09-27T07:43:29,1862.23
8575,9905,2025-11-30T22:20:34,942.8
6578,2156,2025-09-29T04:24:19,1941.16
442,8430,2025-10-04T16:12:44,800.47
8568,8641,2024-02-08T13:55:20,1860.24
3267,3890,2024-05-12T12:51:11,752.43
7441,6416,2025-04-10T10:16:34,28.43
1913,5747,2024-12-01T11:51:52,1573.8
1242,7437,2024-02-08T13:16:18,1145.68
6274,5412,2025-06-24T05:05:24,1766.63
771,5833,2025-05-11T02:26:31,738.25
1695,2106,2024-07-19T06:06:31,768.43
3216,3318,2024-02-10T11:20:32,1876.86
2630,2999,2025-06-16T05:57:17,1072.15
8187,3412,2024-05-16T06:27:39,966.88
1778,8480,2025-04-09T03:46:36,1263.94
7454,7543,2024-03-03T13:37:27,701.83
9488,4609,2025-09-07T22:53:35,1743.65
296,2317,2024-12-06T00:25:00,1198.08
5219,1114,2025-02-16T02:11:04,1311.41
4359,5861,2024-01-08T04:35:29,239.58
9756,4008,2025-04-13T17:28:43,527.47
1293,8259,2025-07-31T16:00:48,1549.19
5226,6922,2025-08-22T03:40:45,1397.66
2475,9570,2024-12-09T06:19:10,1528.36
8367,8131,2024-03-13T08:30:24,602.84
3112,7400,2024-06-07T14:38:59,132.1
6903,2893,2025-08-17T23:06:33,829.77
416,4362,2025-09-03T06:20:06,141.88
1334,3292,2025-06-12T18:12:25,1443.96
282,3573,2024-03-04T01:26:38,483.53
9060,3054,2025-07-12T10:29:21,1074.35
8020,6837,2025-04-14T14:35:02,331.44
9812,1134,2025-10-01T00:49:52,107.02
324,7807,2024-07-31T09:00:34,1670.27
4368,8763,2025-07-09T10:05:02,24.59
8307,9072,2024-12-01T02:17:24,1269.92
4117,5001,2024-08-15T08:00:51,1056.05
1670,1941,2025-04-09T01:41:45,1891.7
7458,2917,2024-08-10T00:23:52,147.32
6867,2038,2024-02-08T15:59:09,1266.08
9909,5784,2024-12-09T08:47:57,695.78
9353,9364,2024-04-08T01:25:37,1523.1
8331,7736,2025-03-05T02:47:56,381.46
951,1725,2025-04-20T21:08:38,1128.62
1053,9510,2024-06-24T16:30:11,1361.57
9578,4345,2025-05-16T15:17:37,970.05
4396,9552,2025-10-13T09:33:30,637.36
4044,3607,2024-01-23T22:19:37,467.25
1521,8301,2024-09-25T18:02:36,484.49
715,4340,2024-11-16T18:08:03,823.7
4661,9172,2024-10-03T21:40:08,921.35
6196,4585,2024-03-28T11:23:22,1501.92
3783,8030,2025-03-24T19:58:19,262.1
9083,2970,2024-11-09T11:44:59,552.32
9443,2236,2025-02-19T03:19:44,573.3
1756,2296,2024-02-25T09:57:00,328.19
1656,8925,2025-03-10T06:15:51,511.29
563,6221,2024-01-22T21:27:14,1862.0
3875,1705,2025-09-01T16:25:02,226.05
3006,7249,2024-08-17T01:38:49,806.36
6437,5960,2024-03-12T19:51:36,401.68
4283,6331,2024-12-13T07:54:26,498.56
5077,9158,2025-03-06T21:17:21,405.57
2479,3053,2024-08-26T18:52:45,423.63
1671,3871,2025-09-29T02:10:18,1282.38
9416,9873,2024-12-26T09:47:12,1855.58
5277,8906,2025-10-02T16:04:19,1125.95
9930,2640,2024-08-31T13:24:25,491.15
67,4750,2024-02-15T17:29:11,139.46
6285,3180,2024-07-10T13:25:09,1368.63
2478,3332,2025-10-27T12:11:35,1377.65
5208,4048,2025-01-19T17:04:05,941.07
5947,4508,2024-07-21T03:00:50,1852.8
1939,1301,2024-04-19T18:54:24,756.33
8933,5586,2025-04-28T16:09:59,335.66
6598,5376,2024-02-08T20:32:26,91.05
8040,2940,2024-01-23T18:19:59,1417.92
3920,4602,2024-03-19T16:26:54,1469.18
2313,5670,2024-10-09T21:03:03,423.13
9315,8805,2024-01-07T05:02:12,50.0
501,2234,2025-05-24T03:34:25,358.41
6015,2073,2024-04-30T06:49:01,287.29
3918,4710,2024-08-01T22:56:12,1765.79
2897,7711,2025-04-30T06:33:53,777.53
7418,1687,2025-02-02T20:34:16,475.23
7722,2342,2024-03-29T14:32:53,1158.35
318,4920,2025-05-04T08:27:59,1421.02
7496,6007,2024-01-14T06:54:41,1381.9
6878,2476,2024-07-05T16:49:49,276.82
740,3587,2025-03-03T11:18:55,816.78
7385,5081,2024-09-01T19:32:35,1797.8
9733,6322,2025-09-26T14:24:36,342.17
2373,5540,2024-11-24T11:58:13,113.65
1914,3165,2024-04-24T23:09:04,675.66
5265,4750,2024-09-06T23:23:50,1417.67
1641,7246,2025-01-09T11:25:56,704.28
7478,3517,2025-02-22T03:07:53,1740.11
79,5563,2024-05-22T12:27:53,927.94
2341,4643,2024-12-03T06:58:58,1784.19
6940,3902,2025-06-29T19:13:30,340.54
1381,3149,2024-06-23T05:39:11,426.32
8610,4012,2025-07-22T09:02:23,1621.68
1412,2556,2024-03-31T00:33:08,1703.24
6869,8526,2024-02-11T01:01:48,347.5
2969,4425,2025-12-03T13:14:36,19.24
1545,1745,2025-03-30T20:31:28,1403.26
4768,4651,2024-07-20T01:22:07,1170.83
7296,6867,2025-11-16T15:18:55,279.02
8732,2030,2024-10-01T10:21:07,735.12
4202,3052,2025-10-04T23:42:13,1851.81
211,7211,2024-09-19T03:27:58,560.12
1659,2951,2025-05-27T01:55:23,1496.89
3795,3138,2025-07-24T05:54:18,1966.91
2147,6187,2025-11-12T12:23:38,602.97
3160,5819,2024-05-17T15:55:47,252.68
5432,1562,2024-12-30T12:00:14,649.13
9259,1540,2025-02-26T18:19:26,1497.24
6485,2398,2025-07-14T10:37:12,865.29
1676,4919,2024-10-06T10:02:22,1311.76
492,7560,2025-04-02T09:21:23,1050.31
8352,9665,2024-01-17T12:27:30,291.41
2619,5498,2024-06-15T07:16:27,881.75
4335,7510,2024-01-20T08:01:05,1543.56
6337,5581,2025-11-24T17:54:48,1084.99
9440,3239,2024-06-17T16:48:43,1487.09
3066,9342,2024-10-28T11:00:13,751.66
9423,3570,2025-03-31T10:43:06,1002.72
759,7643,2025-10-26T23:43:39,1654.84
5929,8550,2024-08-17T03:11:52,127.24
7151,4702,2024-12-21T15:49:58,212.98
789,1049,2025-09-26T03:47:28,1492.88
2567,7394,2024-10-20T09:32:20,648.23
3231,3878,2024-04-28T16:22:27,518.3
8811,7010,2025-08-12T05:31:46,1015.15
9355,7717,2025-03-07T14:26:34,1600.74
4102,8152,2024-09-23T12:19:31,1836.55
6172,4209,2025-02-09T07:12:03,1744.32
5990,1045,2024-02-07T22:41:19,1325.76
1175,5026,2025-04-25T22:17:14,1296.32
4918,9564,2025-03-21T07:55:26,79.37
1074,5842,2024-10-31T06:46:05,1294.11
6669,9811,2025-04-07T22:22:01,1506.65
1315,4511,2025-03-20T11:39:48,1714.94
2827,9677,2025-08-08T06:23:30,846.34
5090,5780,2024-04-28T21:56:40,1013.66
4960,9496,2025-10-20T14:05:26,1163.89
2345,9261,2025-07-23T16:59:21,72.07
2987,7420,2024-01-05T00:10:33,393.24
4997,3998,2024-09-23T15:29:20,196.25
6318,7983,2025-09-12T10:46:51,897.42
5671,6947,2025-01-27T21:36:33,828.23
3630,7898,2024-04-21T22:58:07,488.78
6585,1188,2025-12-25T07:11:23,1080.5
8252,4706,2025-07-20T12:43:46,1978.67
8545,2207,2025-03-30T14:54:59,263.05
5299,3916,2024-11-03T05:21:25,656.59
5710,6067,2025-10-19T23:30:52,1334.18
7395,3169,2025-05-29T03:02:04,588.88
209,1823,2024-05-21T03:40:28,524.01
3014,4172,2025-10-15T01:15:54,1809.22
3039,1110,2025-10-03T15:19:40,728.82
2812,8489,2024-12-06T01:40:52,1925.48
7813,7867,2025-05-09T16:58:01,1938.8
4053,2763,2024-09-06T10:50:30,1398.96
7379,8224,2024-12-29T20:28:00,140.1
6714,6871,2024-05-14T06:53:14,890.96
4501,3918,2025-04-17T15:40:42,1536.85
9714,3044,2025-03-30T00:25:13,1495.26
3535,5745,2024-04-10T03:30:30,95.66
2997,4878,2025-02-07T15:26:41,1887.38
3121,7039,2024-02-14T15:00:17,1039.47
2612,9196,2025-03-19T11:42:54,1866.21
8908,1308,2025-06-09T17:02:11,1777.1
5528,3289,2024-04-02T18:36:43,366.3
4191,1842,2025-02-13T22:05:32,1216.17
4845,6634,2025-01-10T19:31:18,379.56
5036,7984,2025-05-01T11:48:37,811.45
5836,2701,2025-03-17T23:12:45,1263.52
8664,3379,2025-10-26T23:57:28,1622.46
7674,8123,2025-03-06T23:11:23,371.99
3756,9887,2024-09-30T13:41:34,854.57
9505,3070,2025-08-17T21:42:09,1502.63
9273,2601,2025-08-30T22:24:56,1168.02
7517,6820,2024-01-02T11:37:24,1108.54
2296,8978,2024-01-13T03:22:13,166.04
5114,5214,2024-10-28T17:15:57,1764.47
9933,2614,2024-01-03T06:28:12,473.87
5811,6569,2024-08-06T00:01:56,1700.23
8193,9899,2025-11-16T21:04:30,747.04
959,8909,2024-01-20T01:52:51,213.58
7732,6129,2025-10-05T22:46:41,1490.3
313,9494,2024-05-25T16:47:31,726.75
621,8273,2024-10-15T22:49:55,1527.35
5899,4215,2025-01-01T12:00:17,1781.06
437,9692,2024-10-22T20:34:21,593.32
4761,3493,2025-11-21T18:47:36,1302.64
9506,7846,2025-11-11T06:23:39,1423.37
2030,5009,2024-01-06T02:31:48,1764.92
1834,3521,2025-05-15T15:44:49,1404.15
1178,3248,2024-10-24T11:55:20,841.37
7705,9492,2024-04-08T04:36:35,1485.09
8668,7542,2025-09-13T15:27:55,485.73
4087,7819,2024-02-24T23:07:10,1198.3
8597,6035,2025-12-30T15:14:50,984.05
4610,4273,2025-12-28T21:34:20,648.83
8033,7638,2024-11-10T16:34:36,523.04
4400,5104,2025-01-15T16:00:18,1372.31
9331,3539,2025-03-07T21:49:44,571.4
2007,9952,2025-03-30T17:32:11,274.94
1847,9873,2024-07-23T13:11:10,737.39
387,6549,2024-08-17T05:50:07,1609.44
8813,1039,2024-10-15T08:36:23,1684.51
5895,6019,2024-03-25T05:57:25,1443.16
485,2275,2024-12-23T02:26:25,1724.91
5649,3484,2025-11-16T23:25:07,856.69
7274,6486,2025-09-02T05:20:54,367.47
7538,6723,2024-06-22T20:02:29,1795.93
8088,7401,2024-04-04T09:42:03,1172.23
9193,3469,2025-04-05T02:57:14,599.13
261,9595,2025-04-02T22:41:47,1195.6
5677,8080,2025-09-25T01:50:06,312.32
3455,9577,2025-06-07T22:00:16,1808.08
5086,1232,2024-02-03T23:42:22,1897.44
2286,7983,2024-06-06T09:30:16,678.0
2563,8551,2024-01-30T00:46:09,1317.25
5982,9941,2024-03-07T01:16:07,1626.47
1960,4695,2024-08-05T15:11:30,307.66
1325,7506,2025-02-08T09:23:37,1171.05
3468,2755,2024-10-01T21:02:20,15.28
6638,2595,2025-04-23T16:17:05,860.69
238,8136,2024-12-27T01:52:30,1652.34
6164,2330,2024-02-28T07:09:32,1338.29
9425,6870,2025-09-29T22:34:54,20.14
5302,3160,2024-02-13T09:17:26,995.87
2886,5999,2025-11-25T14:04:58,1778.67
2706,4337,2024-03-13T16:25:05,1737.01
2322,6343,2024-03-26T13:01:31,459.43
8210,4026,2024-06-11T02:03:02,829.47
6537,8956,2025-04-02T02:42:05,1334.74
1461,4122,2025-10-02T10:48:11,1434.99
7904,6341,2025-09-02T01:20:48,1959.4
5121,8272,2024-12-17T07:42:11,1904.99
1870,9511,2024-06-16T16:40:07,198.75
4092,8824,2024-12-01T04:01:59,610.32
9435,5600,2025-06-09T20:28:47,1401.53
2168,7974,2025-11-25T01:35:04,1248.38
9487,8062,2024-05-22T21:48:20,893.01
5645,5518,2024-10-25T04:13:10,791.83
7433,7155,2024-03-28T18:13:40,356.41
84,8886,2025-01-12T05:00:24,431.43
3114,8397,2024-09-12T10:02:50,1279.81
6049,9621,2024-12-19T05:02:27,935.57
8528,5811,2025-12-14T06:10:52,488.35
9236,4673,2025-03-03T17:51:54,440.81
1908,1674,2025-02-11T07:12:51,642.04
9258,2950,2025-12-20T02:42:53,811.38
7104,9745,2024-01-31T12:26:00,1471.23
2339,1237,2024-08-04T20:07:20,1461.39
3452,9754,2025-06-29T17:15:31,1500.59
2947,8077,2024-08-05T01:28:48,425.65
6420,1889,2025-07-17T23:39:31,1098.22
4403,8636,2025-10-26T09:17:44,1542.64
7266,8542,2024-01-22T23:53:33,1918.49
5663,8108,2024-01-18T06:18:27,969.37
852,6530,2025-05-23T10:46:36,518.37
855,6770,2025-07-23T03:51:52,342.69
4888,2921,2024-01-09T08:44:57,1043.64
9759,1815,2024-12-25T15:58:50,1254.79
5002,2336,2025-05-06T16:06:42,682.74
3686,8059,2025-10-26T20:06:43,84.83
9719,8846,2024-11-27T18:28:53,1381.71
4270,2453,2024-06-03T05:40:06,1901.91
3364,1859,2024-05-19T12:35:58,239.11
6861,8964,2024-10-16T14:23:53,1667.71
2767,4083,2025-06-24T14:59:06,1718.73
7568,7493,2025-03-21T21:53:36,971.44
2713,6384,2025-11-20T05:43:58,56.79
1249,9013,2024-12-31T19:02:27,1790.28
343,8213,2025-11-10T00:05:22,203.92
2086,8921,2024-09-21T04:13:11,1466.22
1338,4111,2025-03-20T07:38:37,689.62
7679,9386,2025-01-09T20:53:32,104.76
186,5050,2025-08-06T22:08:06,1680.53
8152,7462,2025-08-06T21:27:50,1372.08
8060,6974,2024-09-12T06:36:21,1842.92
9689,1858,2024-01-30T07:04:55,1055.02
1037,5646,2024-09-07T18:38:33,678.82
1808,9165,2024-08-30T00:12:37,1995.94
3788,7422,2025-05-05T10:54:52,1686.85
1031,7046,2025-11-12T10:22:51,912.12
499,5193,2024-04-23T17:55:05,398.56
8287,3594,2025-03-19T13:44:17,1321.39
7448,4427,2025-05-07T22:56:07,324.12
7090,8224,2024-01-29T02:24:07,1930.8
6190,6147,2025-12-24T10:18:18,718.97
2783,8993,2025-07-16T19:47:14,467.65
8458,9790,2025-03-16T03:07:41,1861.33
4676,2043,2025-12-13T14:49:17,1812.75
5816,3251,2024-03-13T07:04:01,1863.16
459,1430,2025-10-18T10:50:02,1219.94
6267,8151,2024-04-26T10:39:24,1014.08
9971,1762,2024-08-10T12:39:48,335.92
3711,2531,2025-06-03T17:52:14,701.13
7545,9818,2025-12-26T17:13:04,1047.68
1581,9824,2024-04-18T17:49:12,396.88
8203,1992,2024-03-01T03:26:24,847.49
3484,5354,2025-05-31T17:01:34,241.99
7936,8301,2024-07-08T18:25:38,169.55
5636,9470,2025-09-14T07:53:49,1173.31
8474,7027,2024-01-02T13:07:44,520.63
3017,4046,2024-12-11T08:23:52,490.09
8976,2445,2024-09-16T05:21:27,1096.63
7299,8634,2025-04-06T00:50:36,1439.44
6289,2689,2025-12-18T12:20:34,683.67
8105,2843,2024-06-13T13:45:13,1241.91
4602,7697,2025-04-10T16:45:38,1891.25
6175,5425,2024-08-05T07:51:15,38.55
3332,4639,2025-04-12T06:57:56,217.64
9254,6104,2024-02-06T22:35:40,1314.03
8112,4745,2024-09-02T17:59:22,98.47
8797,4338,2024-06-18T14:13:33,1878.77
7521,9748,2024-11-05T05:15:47,1396.53
1856,1717,2024-02-21T19:00:08,1671.21
3677,1612,2025-11-05T19:50:09,583.79
3958,3014,2025-10-09T22:05:06,869.75
7988,3911,2024-08-25T06:12:54,1788.2
52,6310,2025-04-10T05:08:10,979.77
1226,7875,2024-12-06T09:00:55,1938.36
1993,1685,2025-08-25T21:41:28,1217.82
8451,2273,2025-08-17T01:41:40,1092.4
4616,6427,2025-10-12T19:07:49,1744.81
3791,1420,2024-03-13T10:35:35,877.65
6025,7122,2025-08-05T18:28:28,1516.53
8743,6986,2025-07-22T12:01:55,431.52
8285,7975,2025-11-22T13:26:35,245.33
1525,5633,2025-02-23T14:45:12,54.29
8340,7529,2024-11-14T09:15:50,5.49
4437,2444,2024-12-25T15:02:44,236.94
3502,3436,2025-10-25T23:58:03,462.62
4663,9587,2025-10-18T21:50:48,1796.78
3189,9784,2024-03-20T01:56:34,1583.56
8729,8354,2024-08-18T04:02:30,1728.07
9628,1849,2025-11-21T01:52:14,700.85
3626,1281,2025-10-22T16:14:31,727.98
1039,6631,2025-01-11T23:21:15,1788.84
7898,1532,2024-03-26T01:53:20,983.94
5113,3856,2024-08-10T19:31:24,1926.26
6910,7607,2025-08-24T17:08:29,447.45
6567,3594,2025-10-15T05:53:16,1323.21
9288,5690,2025-03-24T15:09:27,342.79
8503,5515,2024-12-28T16:08:38,182.19
138,8541,2025-09-26T06:16:39,702.57
1306,7035,2024-07-31T19:18:38,1647.9
8091,8469,2025-10-19T19:39:26,522.87
5585,2262,2024-05-31T18:14:25,139.43
7425,5125,2025-04-26T02:56:39,1390.42
7562,1147,2025-05-02T23:53:13,1529.17
9340,6151,2024-01-24T01:40:17,392.51
1373,7284,2024-03-20T18:37:12,1009.16
5424,2605,2025-08-20T21:52:37,848.29
7676,8293,2024-04-04T22:28:44,1384.56
7835,5745,2024-05-24T02:23:02,32.91
9564,6569,2025-01-30T07:54:38,156.32
1263,1568,2024-11-02T15:41:12,1006.69
4659,4675,2024-06-09T08:07:13,304.43
295,9199,2024-07-30T11:02:12,1082.26
3679,2528,2025-05-01T04:36:16,1905.87
8374,1518,2024-11-22T09:31:45,846.87
4364,7082,2025-07-08T22:46:32,1041.16
7063,3140,2025-08-26T09:27:38,1009.16
4109,6146,2024-02-03T22:59:21,702.59
4398,5550,2025-05-07T06:19:36,1424.14
4867,9697,2025-06-22T19:24:26,337.67
8412,6757,2025-10-26T23:35:22,1757.55
4309,5074,2024-06-16T11:21:24,1880.33
3196,8354,2024-01-14T16:59:50,767.83
2233,4027,2025-11-29T23:17:59,1792.52
4619,7657,2024-01-26T02:32:10,1734.79
340,3492,2025-05-30T12:03:23,993.18
8879,5956,2024-07-18T09:00:27,523.72
3124,3115,2024-03-27T00:25:00,1075.22
9656,4423,2025-07-11T12:09:42,1340.5
4287,9014,2025-01-10T17:32:36,1204.11
5772,9989,2025-02-25T05:34:08,1279.85
623,6150,2024-11-05T03:53:32,1300.87
9854,6201,2025-06-02T16:42:29,1661.76
2774,8947,2024-12-11T20:21:31,945.62
1442,2291,2024-07-01T12:43:03,920.89
9569,4229,2024-02-08T18:55:28,88.92
9695,2056,2024-08-04T10:57:14,673.53
8399,6127,2025-05-01T02:09:26,966.01
6843,4060,2025-10-07T11:39:09,763.38
4284,2897,2024-11-26T00:03:46,356.51
655,5496,2025-03-03T20:25:41,254.71
4955,8214,2024-06-24T09:49:32,1297.55
2672,7853,2024-05-27T01:59:07,364.84
3548,9741,2024-02-05T10:16:40,480.24
6415,6355,2025-09-26T23:18:32,280.86
1898,6319,2025-07-16T00:31:07,1586.84
3086,5528,2024-03-01T16:59:22,1853.58
7575,7733,2024-03-28T09:58:57,926.78
4208,4245,2025-05-06T09:04:24,1800.25
7919,9456,2024-01-03T14:36:37,1044.58
7054,4215,2024-10-06T13:03:03,1403.7
7162,9160,2025-10-17T15:56:19,101.98
2448,5541,2025-08-16T23:23:00,988.64
2613,9605,2025-02-09T09:59:38,507.36
636,4673,2025-01-30T03:53:40,247.12
3410,4156,2025-06-25T05:20:53,1430.32
6097,6829,2024-09-21T12:00:09,108.84
390,6992,2025-09-16T22:36:02,185.15
7899,3140,2025-04-26T08:15:16,176.08
9053,2620,2024-08-10T16:05:19,459.71
4568,1205,2025-01-04T09:52:49,689.19
8891,7737,2025-02-02T05:19:08,126.22
4461,9471,2024-03-30T13:18:50,1318.37
4027,1180,2024-10-29T11:29:24,1163.17
118,5533,2024-11-25T00:01:28,92.95
4454,4451,2025-03-17T17:32:49,1987.54
4748,8968,2025-09-18T02:08:13,1597.2
627,8311,2024-07-21T04:09:10,433.07
7763,7437,2024-07-10T03:37:26,1913.25
6116,3713,2025-03-28T18:01:36,808.7
514,4084,2025-09-21T00:03:46,646.45
1541,7626,2024-12-16T09:35:30,868.88
5696,3784,2024-05-29T07:45:54,1794.63
2885,7910,2025-04-02T23:23:33,102.06
8431,8716,2024-11-10T05:23:12,1403.18
5447,5952,2024-02-04T01:52:59,369.44
4840,7308,2025-09-13T04:49:09,1265.6
1327,7131,2025-10-16T23:57:07,1125.11
5967,9957,2025-05-07T07:54:13,164.91
9751,2520,2024-09-29T13:36:06,1071.09
5523,5174,2024-05-26T17:52:29,1855.97
9323,7747,2024-01-03T15:56:49,821.31
9104,9780,2025-02-18T08:08:13,461.24
9622,1017,2024-06-03T02:48:29,1561.56
1747,4259,2025-06-11T20:23:54,1155.82
7297,7228,2025-06-24T13:21:47,449.37
7152,1296,2025-12-05T20:17:14,64.83
1977,5485,2025-08-02T03:10:21,308.15
2454,1958,2024-05-06T11:41:32,296.54
9958,3322,2025-01-02T02:06:23,1235.59
7851,3237,2024-07-08T01:12:42,670.41
6032,5584,2025-09-07T05:41:53,1726.85
288,5334,2025-12-18T14:57:00,1576.72
3103,1493,2024-12-15T12:05:05,752.53
6611,5338,2024-07-12T03:15:49,1871.44
5166,5916,2024-04-14T19:31:38,1356.36
2590,8106,2025-10-24T08:52:17,1869.6
248,7658,2025-07-13T07:09:52,979.71
7542,1711,2024-03-14T18:24:17,847.87
6063,9583,2024-04-09T08:21:34,1849.03
8543,7244,2024-01-30T20:34:49,809.45
3432,3547,2025-02-02T21:33:11,1316.84
232,6590,2025-05-17T23:04:52,30.24
9256,3466,2024-01-31T00:32:06,1061.63
5141,6180,2025-01-13T00:27:56,1222.66
1967,9869,2025-03-27T07:11:50,1369.68
8850,5753,2025-10-20T12:30:41,139.45
1115,7819,2024-07-11T19:57:40,1832.13
3294,8785,2025-04-25T06:54:39,1032.25
8824,9874,2025-10-13T09:26:09,1417.59
7005,2448,2024-03-31T14:28:52,771.13
6227,8431,2024-04-02T10:13:36,959.25
573,8489,2025-05-11T06:55:24,130.3
5267,9005,2024-07-12T11:32:35,1128.78
5620,8590,2024-06-07T23:44:35,265.18
8618,7775,2024-12-31T09:33:47,646.1
3457,9416,2024-04-13T13:14:33,709.82
7280,8863,2024-08-08T15:51:58,18.74
7292,4263,2024-12-31T06:16:39,80.08
8308,4248,2025-10-06T07:16:36,1923.48
2346,7460,2025-02-16T12:49:35,961.14
4326,5329,2024-03-18T10:09:19,1938.68
8116,5015,2024-11-10T00:19:23,466.02
5095,3348,2024-05-05T03:05:03,1096.51
6460,3451,2024-03-21T11:47:42,1529.9
223,6096,2024-05-07T04:48:57,220.66
4995,7347,2024-11-09T10:48:56,1610.8
5787,7377,2025-10-24T22:30:33,1586.37
3088,9946,2024-01-30T17:37:00,404.61
2058,5614,2024-06-05T06:24:00,512.56
7954,9306,2025-06-18T22:38:24,308.65
7684,3663,2024-10-21T07:12:21,1187.02
7009,8479,2025-12-18T07:50:23,671.5
3717,6610,2024-09-03T10:37:06,1992.89
9539,4481,2025-08-07T16:03:16,848.6
9151,6234,2024-01-25T11:20:09,468.05
8987,9378,2025-12-04T03:48:41,1327.19
9428,4989,2024-07-04T21:59:05,427.23
6491,5676,2025-07-05T17:32:34,69.6
1746,2986,2024-11-15T19:46:46,705.43
9926,9875,2024-11-25T07:15:51,1012.45
8468,4840,2025-05-31T10:02:49,1945.09
9282,9357,2025-01-05T01:25:36,740.16
7006,4603,2024-12-10T22:05:54,1590.18
7445,6131,2024-02-25T10:27:36,382.99
568,2298,2024-01-05T01:53:21,42.91
8984,8881,2024-06-19T10:46:16,1559.77
5362,5475,2024-12-19T14:22:26,543.78
2114,9740,2025-07-07T17:23:40,161.7
8910,8081,2025-05-25T23:25:10,7.17
9132,3339,2024-01-02T18:52:03,1728.13
2284,2870,2024-03-23T14:09:26,996.8
7125,6496,2025-12-01T04:57:00,1894.24
2709,4479,2025-05-30T01:46:56,1169.18
7510,1088,2024-02-18T10:59:45,698.93
5022,6527,2025-12-15T14:01:37,1875.95
5766,8862,2024-07-09T18:14:49,46.28
4439,6201,2024-05-24T04:55:57,1184.34
6844,2288,2024-08-23T03:12:55,1108.83
5054,4375,2024-10-23T07:27:55,1801.14
4125,3325,2025-07-17T01:18:57,76.56
3506,7231,2024-02-09T13:52:36,817.56
3654,4471,2024-04-07T04:39:17,803.8
4826,9847,2025-05-24T19:42:11,734.34
1483,6771,2025-08-13T21:52:27,1126.75
1181,6883,2024-10-24T02:16:51,961.97
2820,6482,2024-10-09T12:32:50,1639.23
6651,6348,2025-10-14T05:47:17,1246.98
389,7511,2024-06-24T05:45:45,1934.7
4386,8756,2025-07-26T15:37:31,422.57
2753,7438,2025-10-16T16:58:40,95.29
4089,3121,2025-01-06T20:56:50,544.66
7165,6594,2024-11-15T04:08:37,1751.25
9174,4801,2025-01-01T12:48:39,715.64
8305,1121,2025-07-25T15:10:21,608.51
9555,8785,2024-03-26T05:24:42,693.24
2149,8122,2025-12-28T12:54:54,1436.99
661,2330,2024-01-23T00:55:12,95.7
1477,9975,2025-06-28T20:48:06,1722.11
8322,3757,2025-05-26T10:37:26,728.01
2065,1582,2025-09-11T05:53:56,1293.08
4487,5936,2024-05-13T15:35:17,618.52
3947,4608,2025-10-27T01:56:46,1320.44
8393,3241,2025-08-14T03:16:57,838.95
3733,8021,2024-03-12T19:13:47,687.33
2031,4401,2024-08-04T00:24:03,102.59
7161,8547,2025-01-27T14:56:27,523.22
2415,2914,2024-04-18T07:02:18,619.62
9158,4152,2024-03-19T11:18:44,459.51
3167,2684,2025-07-10T10:51:30,784.28
2499,9260,2025-12-15T22:56:17,1703.34
3661,2710,2024-03-25T04:44:20,160.23
2295,7162,2025-09-06T10:17:00,1556.43
4423,9914,2025-10-28T08:14:03,558.57
4788,9462,2025-01-28T13:38:04,247.8
3855,5670,2024-01-17T12:28:38,40.58
2310,2846,2024-05-30T11:11:01,1594.24
7595,8761,2025-04-25T16:16:53,527.51
1155,5066,2025-07-06T08:56:05,1936.96
6493,7644,2024-10-09T02:17:31,1913.4
4490,7131,2024-04-29T17:20:21,14.86
9119,1845,2025-01-24T22:51:41,124.25
4236,1687,2024-04-21T05:22:38,1628.9
4706,7491,2024-05-29T01:21:03,1572.69
9707,4609,2025-12-08T20:59:32,151.93
4479,1467,2024-11-07T06:31:25,332.23
2429,8278,2025-11-20T13:52:56,1484.35
2719,8423,2024-02-04T01:22:02,653.21
2744,5921,2024-04-09T06:10:24,1683.87
5397,1066,2025-03-22T23:26:15,513.16
9239,1451,2025-09-01T22:26:32,231.61
6464,6523,2024-04-19T05:10:58,1720.39
6765,4562,2025-04-26T05:04:58,903.42
1269,8133,2025-06-14T14:22:54,407.83
2169,9346,2024-12-18T22:31:29,851.13
3430,7597,2025-11-16T02:03:56,956.34
1211,6198,2025-01-13T10:03:59,352.53
1280,9775,2025-11-04T18:54:39,1760.87
327,9327,2025-04-10T13:12:29,1493.85
7698,5537,2024-10-29T19:33:45,1473.56
4358,9963,2025-08-04T18:14:58,839.2
2253,9039,2025-02-04T07:26:07,958.89
1627,5333,2025-01-31T18:05:37,339.6
3719,2873,2025-01-04T21:22:27,560.36
7079,2329,2024-04-27T03:46:56,1603.91
1718,7933,2025-09-12T19:28:16,959.25
9043,8715,2025-10-19T13:00:15,1419.49
5526,9020,2024-11-28T05:02:30,1192.57
7465,1700,2024-05-19T17:18:24,865.77
4934,9818,2025-04-23T18:34:46,1481.02
8688,7297,2024-04-17T02:02:37,151.98
5400,7116,2024-09-09T19:31:22,1099.16
626,2929,2025-12-10T13:39:59,527.24
6597,8817,2025-06-04T14:51:11,1330.84
1822,9534,2025-03-02T20:54:45,248.67
2634,4857,2025-12-28T06:18:52,598.36
7908,9647,2024-06-22T23:41:22,823.39
8880,9393,2025-08-20T22:51:43,1179.51
4969,9314,2025-12-13T15:03:23,1418.17
3362,3756,2024-11-27T17:55:38,1852.34
2051,9154,2025-05-05T18:40:46,987.55
4377,7982,2025-09-29T11:58:17,1171.01
6367,2030,2024-05-27T21:45:19,256.96
9252,1170,2024-11-07T01:03:14,1950.76
4245,9334,2024-06-09T15:50:06,1510.96
465,4524,2025-02-16T00:54:50,755.51
742,5706,2024-06-03T22:07:43,645.73
955,9499,2025-08-03T02:20:58,1118.2
797,7184,2025-12-13T08:15:50,754.41
6943,5391,2025-12-15T12:29:52,1398.77
7234,6307,2025-05-22T08:33:07,301.25
5060,7927,2024-07-19T12:55:21,1362.39
7124,5395,2025-07-07T02:37:27,1444.88
1995,9784,2024-11-02T03:30:06,1052.83
5646,1721,2024-02-02T12:55:01,609.31
2118,3354,2024-06-22T19:49:51,1722.89
1497,7251,2024-02-06T11:46:06,778.17
1713,8901,2025-10-20T16:03:47,745.54
8860,8287,2024-01-03T21:06:32,312.56
4570,8568,2024-04-27T21:21:31,1709.44
4732,8730,2024-03-27T05:45:50,272.9
4628,8021,2024-12-07T19:02:54,1575.91
4976,1942,2024-12-14T08:03:16,1792.2
2710,9618,2024-01-04T04:54:32,1534.86
6392,1479,2025-12-20T07:30:55,655.02
2093,1721,2025-12-25T04:01:40,1375.67
4827,2579,2025-04-21T14:30:41,958.19
7960,3227,2024-09-09T05:59:46,937.8
9361,8612,2024-06-25T14:00:30,1118.83
5193,2753,2024-04-09T19:53:42,489.71
8697,9698,2024-04-10T09:41:14,1774.76
3284,6521,2025-01-02T13:40:47,1210.72
6424,8182,2025-01-27T22:56:47,701.88
2765,3049,2024-03-09T01:38:14,274.55
1733,5422,2025-07-13T20:58:26,1609.15
478,4460,2024-08-22T02:51:50,1535.86
4224,5739,2024-12-04T09:51:10,1516.53
286,5632,2024-08-11T18:39:51,1407.46
7289,5209,2024-01-27T05:36:23,1716.51
2254,2148,2024-11-09T17:28:45,1082.56
8789,6301,2024-12-09T18:01:12,875.65
9686,4556,2025-12-07T11:43:48,765.87
5448,9083,2024-09-21T03:22:18,461.32
5638,9420,2024-12-02T15:18:50,77.13
2444,1040,2025-09-06T13:24:05,312.28
4268,8938,2024-04-27T14:55:03,1628.67
2976,5494,2025-07-20T03:39:34,387.74
381,3153,2025-07-22T20:10:32,184.82
7251,4028,2025-09-17T03:33:27,125.1
3751,1235,2024-05-28T11:27:43,743.66
725,5735,2024-08-19T03:56:15,1411.28
6895,2419,2025-06-28T05:16:07,1755.13
9902,3567,2024-04-30T20:57:47,200.41
2624,7025,2025-07-09T21:04:43,1643.62
4344,6535,2025-07-29T04:07:40,1669.48
8169,4855,2025-08-26T20:10:25,523.12
3087,2942,2024-03-17T10:28:43,147.34
944,8851,2025-04-09T10:17:41,1166.58
7072,2468,2025-04-09T15:32:06,834.34
4899,6940,2025-07-22T08:58:55,486.38
7625,3962,2024-05-23T02:25:22,254.14
4698,5991,2024-12-01T13:20:30,193.66
3240,2167,2025-05-12T22:00:51,820.53
3472,3518,2025-11-28T21:26:22,824.38
8442,5991,2024-06-07T17:21:58,1361.08
8535,1266,2024-08-04T05:24:16,1941.94
5271,8580,2025-01-16T07:47:37,1207.19
8329,7647,2025-09-10T03:03:21,340.17
9824,1079,2025-05-09T00:22:47,603.3
762,8822,2024-04-19T05:11:43,650.59
3002,2065,2025-06-22T13:14:08,1566.38
8745,8660,2025-12-13T22:54:46,1169.13
5902,6462,2025-02-17T14:15:29,988.84
6683,5294,2024-12-04T11:58:30,327.85
9722,4551,2025-02-25T12:31:38,821.29
2861,6739,2024-06-30T15:03:15,601.91
5913,6583,2024-03-13T14:38:55,1847.52
2329,6875,2024-05-30T19:18:36,1951.23
6369,1116,2025-05-16T02:25:42,1255.69
8646,9855,2025-02-18T21:48:12,29.83
2305,5934,2025-08-30T20:24:18,698.97
461,6062,2024-07-31T06:07:45,1843.47
6334,5893,2024-08-05T02:58:03,1725.87
6064,7181,2024-07-08T19:40:55,671.03
3143,5485,2024-05-02T16:04:12,1765.7
1240,9849,2024-11-13T21:31:46,534.2
9684,4246,2025-06-24T15:45:35,1976.76
1369,6279,2024-01-11T22:24:59,1514.91
2085,9192,2025-01-09T21:29:38,312.39
2534,2578,2025-04-28T02:18:02,1521.54
9199,5695,2025-05-27T03:08:56,824.59
2633,5186,2025-12-13T23:23:37,605.27
3460,5092,2024-09-19T12:00:17,1664.29
7132,6623,2024-05-17T13:04:12,574.67
2735,2478,2024-11-24T14:36:26,1514.2
9016,1613,2025-07-31T14:43:34,1167.64
2204,3525,2025-04-07T13:44:47,1676.04
3878,3257,2024-05-12T07:20:31,1168.99
5513,6261,2025-03-05T10:51:45,412.91
3856,1076,2025-08-31T09:52:31,1823.73
1411,6123,2025-06-09T15:50:33,854.86
9357,2392,2024-05-16T03:34:16,1284.91
6059,9592,2025-07-13T11:06:19,1784.19
9568,6238,2024-12-21T19:15:27,707.77
1439,9055,2024-02-28T03:35:21,644.66
6382,6331,2024-01-26T09:27:22,289.18
7253,5155,2024-01-15T02:31:47,341.61
3880,7771,2024-04-24T22:56:51,1275.62
4632,4982,2024-04-20T06:08:29,1592.13
2368,4909,2024-09-17T03:32:30,1081.57
7935,2585,2025-11-22T12:44:31,1447.41
5297,7144,2024-09-01T21:02:06,1102.5
5584,1281,2024-07-02T11:55:48,1616.42
6616,6825,2024-05-04T03:01:22,1162.09
97,5033,2025-11-22T12:09:30,1159.94
9350,5713,2024-03-20T11:30:26,1820.52
231,7071,2024-11-28T17:32:41,142.57
6093,1446,2025-08-15T10:25:59,775.64
8157,7180,2025-05-21T23:15:33,1367.97
6717,7693,2025-07-11T21:40:42,1586.09
8269,3337,2024-04-01T13:53:50,489.24
418,4817,2025-09-23T12:24:21,660.48
3842,1178,2024-09-04T10:55:55,1435.02
5399,6486,2025-06-15T06:53:00,980.91
9934,9960,2025-05-25T17:19:15,342.27
4675,4113,2024-03-11T23:03:31,1468.01
287,2166,2024-12-18T15:45:26,1376.33
751,6489,2024-03-24T08:13:47,572.7
552,3267,2025-09-14T08:33:16,1746.64
2684,7241,2025-01-26T21:20:40,608.5
5260,4824,2024-09-10T08:49:12,1820.74
4938,4050,2025-01-21T04:20:36,1514.35
3378,2629,2024-04-07T06:34:35,653.83
2406,3663,2025-02-23T07:50:33,1069.62
8008,8754,2024-08-15T22:20:17,936.83
5020,2633,2024-05-10T00:17:17,997.81
3108,9808,2024-11-09T07:20:16,602.78
8795,3466,2025-07-16T21:30:19,1827.65
3627,3188,2025-01-03T02:37:38,1842.2
3056,9725,2024-05-28T21:11:53,759.5
4744,8549,2024-06-25T20:18:19,727.6
7957,7407,2024-04-25T23:00:03,285.77
3479,8110,2024-10-01T18:09:00,16.59
1843,6696,2025-02-26T05:49:17,650.74
8242,7085,2025-12-03T05:59:15,1554.38
2335,3784,2025-05-10T13:10:02,1158.35
477,1897,2025-04-10T12:13:37,20.34
2337,9548,2025-10-27T15:08:55,980.98
4924,6875,2024-07-15T21:50:51,1637.65
450,6793,2024-11-15T02:01:40,1747.85
7843,1918,2024-05-11T21:57:28,1868.83
6305,6023,2024-05-30T19:23:46,1258.11
3929,8775,2024-01-10T21:23:39,858.71
5770,6921,2024-05-07T07:27:12,199.72
1398,9571,2025-10-07T20:15:41,1946.37
6530,2049,2025-03-30T11:56:03,1051.61
842,8639,2024-10-22T16:02:57,1069.63
6573,8349,2025-11-18T08:40:54,1802.16
9299,6952,2025-05-06T15:54:41,569.58
4215,7358,2025-12-14T12:22:26,1809.0
6055,1569,2025-10-25T22:52:45,1448.1
5700,3271,2024-08-08T22:26:11,134.56
9262,4286,2025-08-20T20:24:10,519.34
23,4432,2024-10-02T22:43:33,1342.0
5028,1681,2024-11-10T00:24:46,719.85
9801,5763,2025-01-29T11:48:11,491.19
7144,1862,2024-08-10T01:50:46,1995.4
4557,4042,2025-06-19T01:20:32,557.32
7422,8941,2024-02-08T10:26:38,586.24
4558,1749,2025-06-05T12:32:31,1211.22
702,6218,2025-12-24T09:58:17,329.19
4726,8698,2025-07-14T05:20:06,1904.33
695,7453,2024-03-16T02:16:24,749.53
148,8149,2024-08-31T15:22:08,1214.39
6160,9419,2025-10-23T22:18:14,871.33
6756,2701,2025-10-28T07:16:05,1031.83
2213,9690,2024-04-22T17:47:20,1741.2
3057,6209,2024-10-17T16:37:28,1201.1
7467,9427,2025-04-29T06:55:36,59.0
2958,2270,2025-05-19T04:03:00,1079.61
7692,6575,2025-03-06T09:14:22,961.98
9849,7846,2025-12-18T12:59:51,275.75
5262,8801,2025-12-01T11:30:56,1574.68
9107,6917,2025-12-19T14:04:22,555.61
8314,6464,2025-02-07T17:07:40,1274.9
7116,1569,2025-09-25T05:06:37,1618.79
4291,6295,2025-08-22T11:22:11,526.9
4773,4377,2024-04-25T04:12:37,620.42
7608,1848,2025-03-18T07:55:05,1007.79
7933,9438,2025-09-25T18:08:34,558.27
526,3463,2025-07-16T03:22:23,670.06
3013,2106,2024-01-10T13:04:32,1187.81
4729,7144,2025-04-16T05:47:52,123.34
8781,3265,2024-08-15T20:09:44,428.77
5652,1613,2024-05-06T21:50:13,534.69
3097,4717,2024-06-25T18:22:14,1448.06
7074,1669,2024-10-20T16:40:10,1721.9
609,7981,2025-04-13T01:40:52,337.46
1649,4365,2025-05-23T09:37:26,1377.09
7244,2102,2025-05-27T09:28:48,739.73
4222,8354,2024-10-02T16:53:23,1821.8
8079,3982,2024-01-06T10:00:24,1597.55
3259,6045,2024-10-24T07:41:48,1469.2
9023,4799,2025-08-14T07:20:08,1639.71
2742,8165,2024-12-29T16:14:16,162.97
9518,3243,2024-12-26T02:53:44,750.29
7777,1702,2024-07-25T07:09:40,1950.75
4227,1127,2025-11-26T15:10:43,1189.14
9638,1263,2024-07-25T14:51:55,39.84
7199,4638,2025-10-05T08:44:02,1564.81
1605,2275,2025-05-22T11:04:33,1035.74
7610,8734,2025-02-16T07:11:33,328.18
6225,9922,2025-06-29T21:30:06,1439.77
9334,5868,2024-10-05T00:02:06,68.74
5206,9672,2025-04-30T19:15:55,389.31
980,6134,2025-05-11T09:50:51,1195.96
2107,2167,2024-05-13T00:47:49,626.2
6636,5561,2024-10-06T20:46:49,1502.2
7067,4781,2025-09-07T23:28:16,1870.13
3286,6164,2024-09-23T11:25:37,1634.61
6178,8356,2025-07-08T19:48:12,1771.44
4200,8932,2024-10-08T09:42:19,1212.41
8661,2518,2025-04-22T18:55:20,1084.0
9461,8828,2025-05-03T17:07:45,1267.06
9526,5419,2025-12-20T14:33:21,636.73
9084,3690,2024-01-21T21:29:07,426.52
7855,8396,2024-01-27T21:07:35,347.47
1271,6238,2024-07-19T07:21:00,1822.05
8658,8912,2025-01-27T16:51:51,1984.84
8676,1929,2025-09-05T13:54:33,1727.77
9541,9347,2025-09-05T14:21:39,336.94
3718,4483,2025-01-12T17:11:46,1406.07
4970,6136,2025-02-19T19:49:55,214.09
7567,2031,2024-08-24T12:31:48,1530.12
5458,4985,2025-01-28T21:16:55,1813.7
1166,4239,2024-02-20T01:50:45,1805.48
708,1436,2025-09-10T20:35:10,1195.83
3556,7690,2024-04-13T18:42:02,1797.18
434,2204,2024-12-10T12:36:04,1799.04
8551,7523,2024-11-19T20:33:54,149.98
6613,6118,2025-02-01T10:47:27,307.62
6879,2187,2024-11-21T23:30:03,782.02
7211,3996,2025-03-09T15:00:56,1413.64
3413,8104,2025-09-03T21:21:33,760.99
2234,4018,2025-06-24T07:55:25,510.4
5408,3365,2025-01-19T15:15:05,1832.11
5613,8135,2024-06-16T10:31:26,1551.27
9467,9398,2025-05-17T15:13:10,738.43
116,5325,2025-05-07T15:03:08,1013.29
2138,8294,2024-03-16T20:24:02,356.47
6883,1966,2025-03-12T20:58:55,187.48
4485,7487,2024-12-22T07:02:23,334.86
4054,3182,2024-10-20T07:30:49,1977.8
3845,5646,2024-10-26T11:56:06,1205.59
6947,6854,2025-09-01T16:13:20,1744.49
3816,1484,2024-05-29T18:53:46,1074.23
4507,2521,2024-12-04T04:27:21,682.48
3712,9767,2024-12-29T21:15:44,1800.75
6582,6833,2025-11-14T15:41:40,1046.28
9576,2682,2024-12-25T07:17:47,812.57
8986,4784,2025-04-16T05:37:17,451.69
8410,7146,2025-07-19T06:05:01,169.3
7426,6215,2024-05-18T09:56:27,1471.76
2106,5641,2025-09-16T11:41:57,1150.3
8584,2676,2025-09-13T16:31:48,1246.66
3605,5940,2025-06-02T06:52:38,1251.39
9011,6287,2025-09-08T03:47:19,1702.41
6361,3125,2024-01-05T22:39:33,735.76
5717,8890,2025-07-12T04:25:46,873.49
3416,7664,2025-03-01T22:20:06,136.59
9784,4412,2025-01-17T21:11:41,726.96
108,8179,2024-05-02T12:36:50,1668.32
9811,8593,2024-11-07T09:11:16,334.54
5066,7479,2024-01-09T02:25:25,88.39
2218,5466,2024-12-01T09:04:19,673.26
1126,4201,2025-01-18T04:54:34,1466.26
6872,3669,2025-01-25T18:26:21,1839.49
8905,5901,2025-01-17T06:12:36,1975.77
5582,3882,2025-03-20T18:12:22,580.04
7970,6668,2024-09-11T06:30:24,1131.1
3434,1866,2024-07-26T16:08:10,1837.29
9345,6888,2025-06-27T20:50:21,1913.22
2120,4004,2024-10-31T12:50:36,1400.73
6671,5072,2024-09-01T04:37:02,824.53
9291,2350,2024-07-03T10:44:07,1840.56
6294,7374,2024-09-23T16:31:13,339.52
4727,7390,2024-02-05T17:30:04,1377.16
3453,9652,2024-07-08T16:42:25,1369.74
9033,4414,2025-03-10T14:57:34,1422.79
649,1907,2025-11-05T08:38:16,1663.62
212,7906,2025-10-08T04:11:33,508.28
7402,3996,2025-09-03T00:24:01,1851.69
9490,3999,2025-01-13T22:12:57,1986.88
1235,2525,2025-02-28T21:40:52,679.21
1586,1600,2024-06-14T06:08:47,1105.43
6886,2789,2025-11-19T02:31:58,1962.2
510,5703,2024-10-13T09:46:01,158.08
5079,2825,2024-03-25T22:19:04,461.15
6734,6546,2024-12-28T21:41:15,1480.84
1365,2442,2025-08-28T15:38:21,263.16
5503,5444,2025-12-26T14:01:14,1750.13
9890,1624,2024-03-06T16:14:45,1372.92
8062,6582,2024-12-05T20:30:50,450.8
9307,6582,2025-05-03T07:13:20,868.21
7106,7677,2025-12-23T14:08:42,299.3
4585,5740,2025-03-19T07:27:29,361.35
2344,1656,2024-02-04T08:23:55,1982.59
2586,9457,2025-05-02T15:51:33,1726.11
6962,4542,2025-04-28T03:40:44,1939.82
3720,9930,2024-01-30T17:38:04,315.7
1490,5695,2024-05-05T00:03:11,1368.36
2292,3753,2024-11-18T11:02:15,1394.11
6292,6535,2025-08-14T11:21:19,1446.23
3796,6867,2025-05-07T19:15:01,377.18
8844,8554,2025-07-09T11:02:05,1494.31
7148,6061,2024-09-03T00:21:58,430.91
9598,5385,2025-02-22T23:37:36,1858.42
7298,1811,2024-06-08T22:02:33,1390.97
6152,9659,2025-09-18T23:54:13,630.82
7232,6165,2025-06-03T15:06:30,462.08
346,2225,2024-04-29T21:30:06,941.63
6806,7695,2024-08-28T06:19:46,1733.38
1420,3732,2025-05-18T23:22:30,230.55
1308,1500,2024-04-06T05:09:26,487.67
697,9341,2024-06-03T14:42:28,805.77
3936,4740,2024-08-13T18:16:06,1052.91
204,7624,2025-09-11T22:27:04,1449.74
1838,4161,2024-12-06T18:18:46,47.6
5137,3553,2025-08-02T09:55:13,1284.27
21,5554,2024-10-22T06:03:59,909.55
922,7899,2024-08-02T08:18:07,603.01
1202,4300,2024-09-14T15:58:11,1613.86
5970,1490,2024-09-19T06:50:21,71.05
7863,2832,2025-09-07T10:25:19,1997.59
4735,3464,2025-11-09T19:37:13,1181.67
7718,9574,2024-10-30T20:50:36,214.1
5512,6922,2025-06-16T19:35:15,1426.68
9575,1609,2025-04-17T09:38:25,313.76
4819,1244,2024-03-18T18:17:00,700.59
1895,4817,2024-07-13T01:40:13,516.21
1947,7332,2025-05-19T09:54:04,466.18
6565,9856,2025-09-28T18:26:07,1689.28
8648,6536,2025-06-26T00:12:19,185.63
6275,6904,2025-05-30T09:50:36,1512.36
9409,1755,2024-06-24T19:39:10,562.67
3133,9615,2024-07-10T17:26:00,661.14
9605,4636,2025-03-11T02:25:49,513.82
9980,2675,2024-05-15T05:45:12,752.31
7123,8430,2025-09-10T07:44:47,805.75
4909,5354,2025-06-01T00:12:51,212.41
3576,3249,2025-02-13T03:51:50,1454.9
3745,1060,2025-07-15T00:23:15,1976.54
272,9056,2024-11-07T05:43:41,152.79
5011,2588,2024-09-25T03:53:18,1744.83
5324,7031,2025-03-27T17:29:48,1020.75
7624,7970,2025-12-25T05:55:15,1537.4
6703,6177,2025-08-16T06:25:48,1228.48
9058,8368,2025-09-21T19:33:01,579.16
7821,2086,2024-08-05T02:13:45,44.26
5886,6082,2025-02-05T03:53:41,1494.07
8506,7305,2025-11-18T01:21:42,1717.87
9584,9541,2025-03-25T19:59:53,407.92
884,2562,2025-10-28T09:32:21,1790.11
2792,6556,2025-04-01T10:45:08,1843.86
550,7256,2024-08-06T20:36:20,1008.3
6718,3688,2025-10-24T08:15:33,1279.0
3787,3069,2024-03-18T08:16:01,1010.99
3537,4116,2025-06-22T21:25:53,1482.73
305,6460,2024-11-13T04:09:36,645.51
4961,7342,2025-05-02T04:52:57,1494.85
3752,1265,2024-10-09T13:37:12,607.38
854,9037,2025-05-13T10:03:05,924.35
3281,1685,2025-09-04T23:53:16,198.2
192,3503,2024-10-24T12:17:43,1414.31
2763,6910,2025-09-23T13:53:16,1382.87
7944,6307,2024-06-07T00:38:39,1526.47
9994,2861,2024-04-22T14:22:40,1324.33
8796,8362,2025-01-17T17:46:14,937.54
509,8404,2024-12-24T15:30:13,80.03
1227,7783,2025-11-18T01:14:39,988.7
9823,3173,2025-06-09T12:26:26,1379.81
7927,1732,2025-04-24T20:10:40,779.47
7003,9362,2024-11-17T13:36:14,510.29
7238,7542,2025-05-30T17:18:05,462.33
6072,5699,2025-05-11T13:12:03,222.17
1165,2228,2024-07-20T00:45:59,48.49
9903,5033,2025-03-03T03:42:58,797.16
4634,2213,2025-05-13T16:24:37,919.19
7832,7666,2025-03-22T02:24:13,413.35
8213,2853,2025-10-24T09:33:33,1726.74
1458,7704,2025-07-10T19:09:59,218.39
8681,6553,2025-03-20T12:21:03,1459.74
240,2419,2024-07-09T16:21:41,561.46
6812,6397,2024-08-04T15:57:43,1905.23
5235,8608,2025-11-29T08:14:39,907.09
2154,9992,2025-11-30T21:16:06,1935.96
506,8682,2024-02-23T00:56:53,887.21
4921,6389,2024-01-19T18:05:04,202.11
8004,3130,2025-10-26T19:36:43,555.74
1571,3496,2024-08-25T10:12:14,1133.28
3359,1149,2024-05-31T23:16:29,727.64
3999,2387,2024-02-12T05:05:14,114.11
1122,6362,2024-08-29T07:49:34,177.34
1902,7251,2025-03-23T14:42:24,161.56
5857,4573,2024-04-13T06:35:33,556.72
2553,1739,2025-04-03T15:02:09,260.76
4963,8066,2024-07-23T17:03:53,743.61
4415,8713,2025-12-21T11:14:53,1994.48
5253,6046,2024-01-11T01:44:00,1264.86
4084,6400,2025-02-28T22:26:50,1848.73
7724,5507,2024-03-02T23:19:32,1890.79
6660,5279,2025-04-01T23:40:47,1957.9
8916,6114,2025-10-17T20:27:32,311.36
8403,4610,2024-01-26T05:52:10,956.53
1739,8972,2024-09-02T05:34:56,603.57
5601,9665,2024-12-23T21:25:32,1598.68
1033,2526,2025-11-05T21:36:52,1463.21
419,1046,2024-04-24T14:36:33,558.16
9203,5850,2024-04-24T06:25:19,1133.19
8852,4275,2024-02-29T20:02:09,1397.33
2787,9106,2024-03-31T19:56:00,1247.28
2653,3187,2025-07-25T00:36:05,525.06
9762,3456,2024-03-19T23:21:57,683.09
8569,2103,2024-04-24T00:26:25,1913.39
2103,9422,2025-03-10T16:10:49,209.24
5634,8541,2024-09-16T10:58:27,697.12
8096,6974,2025-10-21T23:38:21,1395.48
5418,4415,2024-10-18T04:56:22,611.05
4567,6386,2025-05-08T01:01:12,1085.21
3435,7064,2025-05-11T11:25:48,1416.47
2321,6336,2025-08-03T06:42:23,463.98
9390,1149,2025-11-11T18:00:52,1065.35
3164,1564,2024-06-17T07:04:00,1785.91
6988,7176,2024-12-22T02:37:01,1518.73
217,4266,2024-07-11T01:41:41,1679.26
9869,3048,2025-09-29T14:28:47,1829.19
9786,5167,2024-06-19T00:01:44,663.96
4433,9281,2025-06-18T22:36:35,821.46
1225,1020,2024-03-24T21:54:39,101.05
8221,4587,2025-04-13T20:21:03,1477.63
8937,7600,2024-10-25T05:19:46,367.68
847,1749,2024-11-17T12:13:03,1127.24
3320,2059,2025-08-18T05:33:51,1289.75
8838,1066,2024-01-13T15:32:56,1401.11
244,6813,2024-06-13T18:12:02,1596.68
7212,9077,2025-10-29T05:28:57,1334.11
3429,9711,2025-07-29T18:46:48,1105.59
117,1832,2024-07-14T01:14:21,189.14
6205,2548,2024-02-03T09:36:05,865.16
1209,5944,2024-09-18T09:57:11,648.59
7793,6241,2025-11-07T15:45:46,1510.03
6466,5697,2024-04-26T14:35:24,754.28
7907,9260,2024-01-31T08:22:04,319.65
2043,5496,2024-04-04T18:40:40,661.77
5225,2445,2025-08-01T02:10:26,640.2
4514,2661,2025-07-23T01:58:15,1313.46
7042,6095,2025-11-16T02:56:14,1733.13
6549,4664,2025-05-11T05:36:58,1297.81
7252,1008,2025-09-16T00:59:08,1623.35
3209,6427,2024-06-26T21:03:22,688.74
3852,7901,2024-08-01T03:28:29,242.92
2246,5243,2025-07-09T16:01:42,211.06
4618,2144,2025-07-14T19:55:04,18.73
2953,3190,2025-06-21T08:55:36,1294.65
2175,1620,2024-01-26T23:46:28,1138.46
5910,1599,2024-03-16T05:31:48,516.63
3426,2623,2025-04-16T20:00:16,1793.66
1594,3395,2025-03-15T21:39:51,1473.16
6527,8200,2024-05-01T14:56:45,1844.33
2061,6460,2024-03-29T10:04:15,686.02
5394,2339,2024-11-03T20:30:10,1647.77
931,7524,2024-05-17T23:23:55,1937.61
9142,2570,2024-03-15T05:40:26,582.11
336,4912,2025-06-25T18:18:47,1145.74
302,8245,2025-05-21T01:01:01,1832.57
6930,1159,2024-05-21T23:07:18,1190.16
344,8486,2025-12-08T03:51:46,35.62
7322,5417,2025-12-26T06:30:07,204.02
5845,5795,2025-02-13T22:33:13,691.81
3016,8887,2024-11-23T00:08:21,1450.62
2572,9142,2024-06-05T17:03:12,1272.71
2925,9264,2025-08-07T09:33:56,773.17
9839,6955,2025-02-10T16:06:01,994.34
4794,1264,2024-12-20T22:14:07,19.47
8517,8938,2025-11-10T16:01:12,1800.48
2702,8653,2025-07-02T08:06:05,875.68
8098,2891,2024-02-12T15:45:32,1678.27
3473,8985,2025-12-10T05:35:15,18.79
9026,3207,2024-06-18T06:29:39,1228.25
614,7655,2025-05-10T04:05:42,729.81
9531,9523,2025-08-31T19:31:32,855.55
6754,4759,2024-07-26T04:51:58,665.39
7572,5656,2024-09-30T08:41:57,814.23
2013,2494,2024-04-05T23:01:52,232.76
1049,6005,2025-04-30T22:06:32,1453.35
6004,9615,2025-08-27T18:24:47,373.61
5497,6359,2025-02-19T18:32:47,1839.06
6082,5816,2025-10-27T20:48:24,264.45
4868,2640,2024-05-03T07:18:38,1362.39
2151,1133,2025-03-28T14:49:05,1224.92
1277,7790,2024-03-28T09:30:11,303.54
5335,2748,2024-10-27T22:37:47,1486.91
5105,8805,2025-05-18T23:40:33,1874.74
2333,6629,2024-05-12T23:25:25,443.61
9344,5739,2024-12-05T04:19:02,239.73
2712,9161,2024-07-10T04:42:25,1355.43
2569,4373,2025-06-08T08:59:12,675.26
7596,2736,2025-10-25T19:05:35,1108.9
6707,9247,2025-10-23T14:27:27,1631.49
1300,7609,2025-01-28T15:20:55,275.62
5835,4033,2024-05-10T18:49:37,1298.73
2581,9268,2024-08-22T10:50:10,1609.23
3217,2503,2024-04-07T12:37:36,351.48
9201,1428,2024-07-10T08:18:56,828.85
5559,4393,2024-11-09T19:13:24,439.77
6363,4426,2024-08-11T15:05:32,1899.66
1535,2181,2025-12-30T22:13:49,1495.05
5376,1774,2025-07-09T19:10:44,576.6
7783,2678,2025-01-30T10:30:02,530.28
4542,4999,2025-06-19T03:44:27,1837.96
8713,6270,2025-05-28T20:51:39,519.29
2786,7834,2024-07-27T01:03:53,1778.84
4949,3179,2024-11-04T04:04:54,1842.91
4816,1560,2024-12-31T10:47:56,1471.23
4765,5813,2024-11-07T19:52:11,17.68
8780,3870,2025-09-12T02:48:43,1034.95
1550,1504,2025-09-30T13:28:18,950.61
7247,1277,2024-07-29T23:20:55,1141.3
112,3200,2024-03-21T10:59:32,532.61
2315,8424,2025-11-22T08:17:10,91.42
2635,3625,2025-10-29T12:41:20,1832.2
4105,9785,2025-08-07T12:54:14,1138.26
9271,2415,2025-06-29T04:10:46,1582.48
9191,5745,2024-04-29T16:33:25,409.08
1218,4619,2024-09-04T03:59:35,1281.1
7396,7116,2025-11-15T08:31:20,121.69
6758,5695,2025-01-27T08:47:57,1030.81
8018,3470,2024-03-26T19:10:36,178.33
1786,9767,2024-12-30T10:29:01,21.59
7613,3013,2025-11-21T03:52:36,99.97
4161,3945,2024-12-08T02:23:15,519.72
4030,8509,2024-12-29T10:25:14,557.42
9736,4962,2025-03-29T09:33:14,1617.8
5132,6532,2024-06-17T16:29:38,1105.63
8695,7484,2024-11-03T18:11:58,481.22
9296,3739,2024-09-18T20:39:17,1996.69
2592,8577,2024-10-09T22:34:19,299.75
1584,1511,2025-05-05T14:22:16,1626.22
5345,6363,2024-10-28T19:30:06,918.48
770,6095,2025-11-20T13:49:04,1382.13
3178,6359,2025-09-25T12:20:22,648.75
3815,5169,2025-02-09T06:05:52,1853.53
3818,6978,2024-06-17T00:14:45,234.0
802,1372,2025-08-10T08:12:21,1957.09
7951,5374,2024-04-17T03:32:25,1763.06
466,6585,2024-12-18T08:34:13,319.03
1725,4066,2024-07-20T17:10:23,1099.38
9959,6544,2024-09-24T06:48:30,782.02
5473,8778,2024-05-26T13:00:28,959.16
2512,5761,2024-11-12T08:17:27,1970.0
8843,3647,2025-10-04T03:00:28,685.31
2535,9518,2025-05-28T11:26:08,1536.31
5999,7149,2025-09-01T20:04:07,1460.55
3908,6467,2025-01-29T12:26:32,111.05
6487,3072,2024-04-10T23:08:40,1720.72
591,3986,2025-01-06T16:28:03,1623.94
6750,6389,2024-07-17T00:14:17,1430.94
3414,5055,2025-04-13T20:03:16,159.66
5680,9058,2025-01-12T21:23:21,1856.03
6232,9857,2024-10-19T03:19:33,291.54
1827,5523,2025-09-09T00:30:37,1171.47
8217,1532,2025-03-13T03:45:21,1484.16
3691,9964,2024-08-28T10:17:12,1735.73
2575,5871,2024-02-06T22:02:55,1992.47
4148,5598,2024-01-12T19:02:21,1600.18
6153,2969,2024-09-18T15:23:07,507.6
3516,9049,2024-07-14T22:31:26,730.34
4689,3892,2025-01-17T14:49:31,660.64
8629,2563,2025-07-20T04:02:56,645.32
8829,4400,2025-09-13T17:12:10,290.13
7085,7455,2025-06-28T00:53:27,1860.07
6099,2782,2024-12-04T20:06:41,973.35
5217,5676,2025-01-28T12:43:24,440.43
5134,3954,2024-12-01T09:02:01,1886.68
2699,8208,2025-12-17T19:13:23,111.18
7987,1753,2025-07-17T10:32:59,1941.44
7984,8035,2025-07-25T05:22:53,873.28
8189,7078,2025-10-06T18:47:15,1304.24
4223,8368,2025-05-04T23:33:38,1482.69
8630,8403,2025-10-10T16:39:23,524.84
8041,6094,2024-02-09T13:55:13,1224.55
7070,3163,2024-06-23T04:13:44,1536.97
7778,1613,2024-04-06T15:43:28,381.87
2123,2070,2024-01-24T12:09:51,953.29
8276,2602,2024-09-22T13:26:14,1173.98
3204,4900,2024-01-30T10:37:56,1847.2
5472,8870,2024-07-08T06:27:09,1603.44
6722,8843,2025-08-13T02:14:50,687.59
2906,9235,2025-01-04T14:13:12,1794.24
3703,6138,2025-02-02T01:18:20,750.5
2439,3243,2025-08-09T14:45:49,402.52
1903,6478,2024-02-13T10:28:29,699.12
7179,6065,2024-02-21T00:58:16,376.69
2334,3568,2024-08-17T06:12:33,1580.15
5951,3077,2024-03-30T14:14:00,1802.16
5245,5549,2025-10-25T04:15:31,459.34
8701,2937,2025-04-05T02:29:15,1976.93
1110,1201,2025-11-01T06:09:11,492.88
7533,1013,2024-03-25T09:34:20,1946.43
1396,2741,2025-09-01T12:59:16,997.99
4764,8084,2025-06-21T22:44:30,1779.35
3302,2645,2025-10-27T17:30:07,1469.88
5694,2349,2025-03-28T17:21:47,1976.43
355,5906,2025-06-23T01:07:09,1807.33
7412,9308,2024-07-16T20:22:14,1450.79
7174,1402,2024-02-18T20:12:06,1855.51
6441,4447,2024-03-05T04:40:01,1375.11
2070,6169,2025-07-17T02:18:40,1112.58
5264,4184,2024-09-14T03:25:08,1804.2
3790,6282,2024-05-03T12:57:57,411.51
6976,8977,2024-11-12T13:24:52,1140.94
9379,1708,2025-11-25T03:24:02,170.57
2435,6495,2025-02-12T00:19:16,136.9
9603,8569,2024-05-02T09:41:45,361.65
9809,6917,2024-02-16T06:31:42,1989.08
4771,6810,2025-03-22T04:18:29,1787.02
5042,4081,2024-02-02T08:05:12,1893.83
2332,8627,2024-03-27T07:13:36,919.86
4812,9151,2024-01-24T06:52:12,412.13
9405,6536,2024-04-22T03:47:26,1352.93
1944,5445,2025-05-27T22:14:30,1327.65
3853,3803,2024-12-17T16:31:34,1204.85
34,5040,2024-04-18T10:53:52,1491.25
5285,7930,2024-10-19T01:18:50,1402.79
71,8744,2025-12-27T15:14:57,489.78
4657,7223,2025-01-10T22:23:04,33.39
6041,1942,2025-05-11T09:20:19,1986.29
1989,4351,2024-06-06T13:05:30,136.94
8644,5566,2025-06-15T15:52:07,1258.54
9680,6536,2025-03-10T13:25:55,563.21
7520,2023,2025-03-14T12:04:20,123.98
1924,6254,2024-05-27T22:59:10,692.33
6391,4049,2025-05-24T01:28:06,1913.6
4474,6535,2024-10-16T21:13:39,967.7
8932,9988,2024-10-07T01:58:07,756.6
5341,5134,2025-11-17T22:02:45,437.53
4199,9284,2024-09-30T09:28:07,157.51
6349,2896,2025-10-03T10:21:10,1599.63
4196,4782,2024-10-08T03:30:57,914.36
5037,2349,2024-10-19T21:02:14,983.48
9665,9279,2025-11-27T03:14:45,1848.63
5266,4883,2025-04-18T07:47:57,1627.58
2995,2766,2024-07-10T23:16:35,949.79
8429,7493,2024-01-22T00:14:39,968.68
1193,3846,2025-10-13T20:14:11,356.32
2890,8883,2024-11-20T08:09:54,1148.25
4253,2965,2025-12-14T22:49:31,891.59
6495,6050,2025-11-24T15:31:09,1247.7
3980,3280,2024-09-07T11:27:39,1368.23
4267,4205,2024-06-20T01:00:12,534.25
1731,3148,2025-03-19T19:50:57,1958.65
1805,8183,2025-07-09T12:13:07,1455.58
399,3290,2024-03-31T14:59:49,95.47
3228,8897,2025-09-28T14:31:20,44.52
7309,5786,2025-12-18T04:24:45,1491.93
5189,5614,2025-01-14T16:27:34,537.01
8032,7877,2024-08-03T07:53:38,1076.0
7638,2497,2024-05-23T13:34:18,1861.38
9115,6279,2025-03-28T22:56:38,574.4
7579,7239,2024-03-23T23:13:43,589.47
4730,6614,2024-02-13T14:03:04,555.71
6176,8219,2025-01-19T16:28:46,888.18
8111,2222,2025-09-20T17:58:45,1629.02
6090,1907,2024-05-29T20:38:08,1042.91
4688,7671,2024-07-14T12:55:07,1204.7
6302,6314,2024-10-27T00:45:50,36.19
958,9199,2025-04-02T04:06:43,305.74
867,1194,2024-11-15T11:54:20,38.37
3199,3032,2025-04-23T17:34:19,621.15
2301,8379,2025-02-10T07:02:45,827.0
4062,7685,2024-10-06T06:42:10,1138.75
5889,5130,2024-08-07T16:01:21,1620.37
1862,2161,2024-06-20T10:34:15,31.11
7546,5364,2025-10-27T02:36:00,498.49
4807,5801,2025-05-28T09:02:30,746.55
4229,3895,2024-12-06T15:51:18,1019.79
4734,7779,2025-08-25T03:34:30,1649.5
6315,3842,2024-06-17T05:38:22,735.39
8605,3938,2024-03-07T22:09:26,1932.17
9718,7644,2024-03-21T15:49:34,1625.53
6069,6665,2025-04-18T14:25:34,272.18
3545,9602,2025-07-03T17:29:28,521.38
3757,6502,2025-08-17T06:08:46,231.19
2231,2415,2024-04-03T04:32:07,1713.6
8488,9372,2025-05-23T00:21:21,190.84
4211,8698,2025-03-06T18:05:51,1486.99
9019,4803,2024-04-20T09:22:35,1279.43
498,3419,2025-09-28T02:18:30,476.36
9630,8324,2025-06-21T06:57:35,1970.98
7260,8436,2025-03-16T00:52:30,814.94
6451,1522,2025-04-24T15:10:57,895.75
6810,7623,2025-08-06T18:46:49,1832.42
1651,7980,2024-04-30T05:16:54,1304.89
8720,9673,2024-09-29T03:45:40,426.67
5863,7735,2024-09-09T12:31:10,760.56
5551,7228,2025-08-06T01:57:13,50.94
9864,4848,2025-10-17T14:50:08,1846.28
6607,7523,2025-10-29T04:47:45,367.54
2856,7110,2025-10-15T16:15:08,523.21
894,7375,2025-03-16T03:58:39,1355.68
6617,7662,2024-07-07T20:47:40,554.06
8140,9192,2024-02-17T11:50:47,930.37
9382,2132,2025-03-11T01:44:36,601.19
4347,4427,2024-07-27T06:34:59,1511.3
6257,1586,2025-09-21T08:19:47,1392.08
7119,9183,2025-02-14T21:18:43,814.31
9580,9453,2024-10-11T03:15:37,1856.05
5,1520,2024-11-23T17:11:34,64.45
3188,9185,2025-08-19T04:04:41,1966.29
7170,1055,2024-12-29T12:43:20,227.39
5802,2908,2025-03-12T01:29:00,1187.81
2664,8129,2025-02-12T10:19:30,1547.85
2049,6797,2025-03-22T17:26:12,1854.58
3623,7911,2025-07-09T07:05:39,1056.26
9160,2912,2024-10-21T05:56:54,1594.23
6820,4683,2025-06-30T20:59:45,1973.63
9010,4716,2025-12-28T04:12:02,1955.66
5592,9206,2024-01-17T02:12:38,1011.5
7840,7250,2024-03-18T01:32:04,434.15
5716,6242,2025-06-18T04:08:17,1160.64
6670,7469,2025-03-07T06:24:44,418.25
5581,2511,2024-06-29T01:21:23,1243.78
4854,6987,2025-08-30T08:41:02,855.9
6168,5575,2025-04-20T09:46:02,164.81
1544,2036,2025-04-25T06:52:03,1513.14
877,5914,2024-06-24T10:17:03,1369.66
724,4684,2024-08-19T20:25:39,1883.26
4975,3807,2024-02-20T05:18:28,49.12
7340,6527,2025-03-28T07:47:45,1257.87
4063,2179,2025-11-02T11:16:59,684.72
6445,4395,2024-03-30T18:11:13,319.02
6719,2247,2024-11-26T02:21:13,298.81
7190,8940,2025-05-05T05:49:01,1569.27
3333,9819,2024-01-08T03:17:11,1705.46
6706,2512,2024-03-18T14:32:42,748.16
2889,2106,2024-09-27T19:17:14,1741.5
7748,7561,2024-06-09T11:00:22,144.01
6471,6656,2024-06-15T16:46:21,260.77
1484,7839,2025-03-28T16:17:46,1350.12
4885,3300,2024-08-02T13:04:27,1785.81
9843,8067,2025-08-10T16:01:38,1953.71
5735,6619,2025-07-06T12:48:31,1601.42
8637,6107,2024-09-04T17:20:45,238.87
2691,6132,2024-03-31T18:05:37,93.1
3015,9337,2024-04-07T20:28:03,516.29
1804,5622,2024-03-20T10:30:57,542.04
4991,3641,2025-07-21T07:16:35,1466.45
1459,4209,2025-04-19T11:06:08,379.15
1076,4949,2024-03-28T13:41:39,1001.67
9112,8503,2025-04-01T23:49:45,1054.34
5828,5408,2024-09-15T20:32:19,1483.48
3538,9110,2024-11-04T17:49:19,1370.97
4453,7318,2025-10-10T08:23:12,315.63
9047,5386,2025-01-13T07:23:06,1482.74
7381,8475,2024-11-28T06:19:40,733.57
4858,6030,2024-09-27T00:11:08,907.87
8511,3870,2025-05-08T16:29:30,1988.56
7990,5912,2025-10-23T20:51:31,768.72
5949,7152,2024-08-17T13:09:25,1546.25
5718,5956,2024-04-05T05:46:28,1875.19
2087,6084,2025-02-10T17:07:57,1552.19
7259,7611,2025-04-26T19:18:30,928.2
1950,9709,2025-04-08T18:52:12,180.6
7386,3843,2024-02-14T00:19:19,559.6
4814,6260,2024-07-24T23:20:18,61.81
7569,1063,2025-03-12T20:33:52,1108.73
2264,2749,2024-10-30T00:04:44,1263.08
3647,3843,2024-01-25T22:44:36,1009.07
7264,4037,2025-09-11T17:44:43,268.04
1811,7429,2025-08-25T11:13:05,147.41
331,5634,2024-01-02T23:49:11,1453.47
3293,5072,2025-06-27T03:14:14,740.02
1452,8751,2024-09-14T20:25:05,1434.73
4410,1212,2025-01-25T12:44:50,1215.51
6477,6028,2024-10-27T21:04:36,1526.33
4451,9569,2024-09-27T23:12:24,902.1
6959,4778,2025-12-10T12:02:26,1334.52
3793,9907,2025-07-03T14:10:15,1841.59
1488,1869,2024-04-22T21:05:10,1342.16
8215,8267,2025-08-30T19:13:31,869.3
6192,7575,2025-12-12T08:06:38,221.88
6147,7265,2024-03-13T14:55:03,1147.96
8129,3195,2024-03-17T11:48:38,472.25
1304,1541,2024-07-12T18:50:08,915.62
2701,8704,2024-01-28T20:31:14,524.15
6446,8542,2025-11-04T05:02:05,823.17
713,2800,2025-06-28T02:39:22,385.61
6300,7409,2025-07-05T22:49:44,741.62
383,4289,2024-05-16T10:10:05,268.66
2983,8644,2025-02-06T13:43:26,993.67
4881,4972,2025-09-18T19:21:06,785.52
1626,3979,2025-09-09T04:43:01,1248.31
7400,9113,2025-01-04T22:38:03,645.62
2785,6174,2025-03-23T16:56:14,1108.75
1429,6148,2025-05-23T17:35:32,29.66
3315,8803,2024-07-19T02:32:38,1903.25
4071,9170,2024-04-01T14:19:40,464.99
6956,4133,2025-06-30T22:57:00,1689.83
8977,9959,2025-09-19T00:47:32,204.04
2221,4961,2025-06-08T12:20:19,1469.96
2866,7974,2025-07-06T17:56:20,1657.73
1926,6729,2024-05-11T11:08:48,1234.36
2492,6770,2024-09-27T04:08:35,325.31
5210,1103,2025-01-29T06:03:32,163.72
3646,1983,2024-05-01T01:57:02,1762.91
8839,8379,2024-05-21T17:09:39,876.69
5813,6052,2025-01-22T00:44:37,1478.56
1582,2252,2025-07-23T18:15:45,1456.21
4492,7456,2025-03-03T01:33:24,1399.07
8895,5409,2024-06-14T02:59:11,1337.61
7245,5385,2024-11-28T12:43:03,148.68
394,7086,2025-09-30T18:58:10,221.15
8237,7763,2024-10-09T06:02:31,1693.74
7903,3094,2025-07-21T06:56:21,1668.04
9789,7862,2025-05-29T16:52:40,711.1
1333,7620,2025-09-17T14:18:00,1322.76
2004,9470,2024-02-12T08:49:24,1807.83
1310,8775,2025-11-07T02:56:15,1175.83
7601,7395,2025-07-13T09:34:22,1520.75
2715,2737,2025-04-03T12:42:25,1674.77
1331,5895,2024-07-21T20:07:52,380.78
8449,5298,2024-02-15T13:55:29,1297.58
1001,9808,2024-06-23T15:23:06,580.9
8378,2138,2025-09-20T06:05:38,949.4
8304,2793,2025-02-23T04:44:55,1183.45
6738,5677,2024-12-13T13:03:41,1540.65
8808,1878,2024-08-19T02:00:36,268.89
8896,8098,2024-01-10T09:51:30,1277.75
3342,1963,2024-10-19T14:21:28,1962.38
5878,8812,2024-08-02T01:50:47,1927.2
5687,9071,2024-11-28T20:36:48,1793.68
149,2894,2025-02-01T05:37:00,773.46
2604,5551,2025-09-05T08:30:45,1319.05
50,3646,2025-08-15T06:13:53,1081.06
2939,1008,2024-05-10T00:13:14,125.05
975,4371,2024-06-15T20:05:22,560.3
9376,1794,2024-02-21T18:57:37,780.07
2423,9381,2025-04-13T11:56:19,1887.09
8175,1144,2025-08-26T03:13:35,631.97
7046,4502,2024-05-17T23:18:19,1232.01
7666,2124,2025-11-09T17:41:14,1378.32
6462,1372,2024-08-08T22:32:25,1580.72
9561,2116,2025-05-10T14:15:05,127.2
3383,9830,2025-10-12T05:29:38,1428.93
6492,3042,2024-02-15T13:16:26,38.64
1170,8096,2025-03-21T17:58:36,1644.26
2453,1287,2025-07-23T07:18:49,1691.33
8939,2416,2025-05-13T20:15:00,746.2
4013,2995,2024-02-13T05:27:00,603.35
779,2838,2025-03-14T04:52:02,128.21
5374,8132,2024-02-04T06:30:51,1120.09
2697,3703,2024-12-04T11:26:29,634.51
6640,5737,2025-06-25T09:17:34,550.83
6675,1805,2024-01-06T23:08:04,54.42
4525,7282,2025-02-16T23:49:23,1741.28
6763,9766,2024-06-12T07:38:33,1758.62
9172,4973,2025-01-02T19:40:33,557.07
5996,5414,2025-09-11T14:12:29,1025.81
4478,5413,2024-11-26T19:14:37,1908.19
8851,1810,2025-02-09T13:42:12,771.92
5793,9099,2025-12-26T07:13:23,1117.13
9837,4001,2024-10-22T09:23:00,1613.22
3804,5292,2024-08-07T09:29:33,1789.74
9080,2536,2024-01-13T12:58:19,951.33
2162,7835,2024-10-06T20:15:10,312.76
6559,5736,2025-04-07T05:51:57,1167.81
6978,8020,2024-11-04T23:13:16,1886.09
816,6253,2025-08-23T01:09:21,477.62
3192,7366,2025-06-24T20:15:33,1357.41
9953,1105,2024-12-22T08:14:17,1060.53
9880,2754,2024-07-03T12:11:11,496.4
7195,8253,2025-06-22T10:39:02,457.54
2282,2594,2025-09-29T11:41:16,915.09
3063,9011,2025-11-19T01:08:52,422.43
9126,8960,2024-01-12T11:33:32,1597.87
8662,5622,2025-07-15T11:34:04,1731.98
1691,8923,2024-10-19T21:17:09,1541.08
6681,8125,2025-07-29T05:02:24,865.52
6982,4958,2025-06-24T04:09:43,1992.25
7068,8486,2024-12-07T17:38:31,921.9
8553,6648,2025-11-24T06:09:27,757.03
3861,7800,2024-03-14T21:09:42,1447.89
4573,2287,2024-01-26T01:29:28,1264.61
3159,1295,2024-05-12T12:00:40,1215.94
8394,1679,2025-03-17T00:55:53,565.34
3493,1131,2025-04-08T18:30:18,871.49
3458,7925,2024-02-09T12:58:01,993.54
1016,1972,2025-09-17T14:29:56,1142.3
1812,3975,2024-12-31T04:10:16,388.42
3248,6921,2024-01-27T19:16:03,1263.75
3405,7255,2024-07-21T11:19:25,1301.29
917,2387,2025-08-28T04:45:53,1451.06
9154,1451,2024-04-18T14:46:19,195.73
247,4130,2025-02-05T06:37:47,175.8
6478,4473,2024-04-11T05:35:40,1693.45
1160,5093,2025-03-03T06:59:48,193.98
8178,8591,2025-11-15T22:36:44,1002.12
7522,8493,2024-05-07T09:26:39,1513.79
940,7703,2025-09-10T00:07:06,1347.59
4705,3532,2024-06-12T08:07:32,650.91
1677,2422,2024-05-02T06:58:59,1993.65
2711,7822,2024-05-20T06:02:50,1841.22
3743,6184,2025-01-22T22:20:31,231.65
1618,1642,2025-02-02T04:21:17,1782.14
2250,1619,2024-01-01T16:10:26,1330.89
5241,4555,2024-05-22T20:19:25,194.22
1167,3110,2024-12-10T10:09:32,188.5
5594,8685,2024-02-07T13:12:22,316.04
6310,4866,2024-09-16T03:02:12,541.92
6991,1181,2024-09-27T06:03:00,150.39
1560,4617,2024-05-22T21:52:22,1235.69
24,2169,2025-06-29T02:52:43,1220.22
7339,7416,2025-04-07T01:50:38,384.68
4334,4671,2024-12-17T06:55:49,1157.87
7940,9212,2024-09-13T02:32:23,287.34
7578,9788,2025-07-23T09:31:46,1617.81
6919,4588,2025-03-01T14:35:49,1979.5
6614,1190,2024-12-10T19:45:40,310.13
8805,5984,2025-09-10T09:17:27,274.87
1057,7276,2024-06-26T19:52:44,183.22
8258,4157,2024-07-09T18:22:35,1750.92
8182,9633,2025-08-29T19:40:23,523.05
88,8973,2025-06-25T01:24:24,313.82
3428,3960,2024-10-29T13:59:12,693.62
8500,1315,2024-01-24T10:47:44,918.0
106,6718,2025-12-25T21:12:56,1762.32
391,1228,2024-11-02T11:24:10,532.59
8726,7691,2024-07-01T07:45:14,209.59
7590,5139,2025-10-09T10:45:21,720.35
1417,3996,2024-09-23T04:48:52,232.09
7557,3798,2025-08-16T04:45:39,1225.21
5705,3667,2025-05-31T12:39:30,1391.34
1056,3165,2024-11-24T00:30:08,958.01
7801,5439,2025-09-29T12:05:33,1552.44
4406,1174,2024-05-19T00:54:22,395.69
5642,8206,2025-07-08T18:58:46,1464.24
8622,4914,2025-06-23T21:09:55,1922.22
9073,1525,2025-12-16T22:05:39,273.18
8480,2829,2025-02-22T11:32:05,831.5
4205,5700,2025-09-10T03:49:48,686.44
6769,9230,2024-12-20T13:39:08,1027.42
662,5336,2025-05-13T05:33:51,1304.0
2978,9731,2025-06-22T06:11:30,1230.84
6751,1543,2024-05-30T23:10:07,776.29
160,3851,2025-12-02T05:30:54,1232.95
8807,8748,2024-01-30T04:47:41,1583.22
749,5742,2025-08-04T18:25:53,1754.1
2720,3118,2025-07-22T04:59:28,426.68
2896,6328,2025-07-19T08:22:16,183.18
2681,1962,2025-03-08T15:13:55,108.96
5118,3048,2024-11-08T10:07:42,1681.07
9171,8435,2025-08-05T19:36:57,1275.13
543,4891,2025-07-12T22:02:57,1939.33
9615,4666,2025-08-17T14:26:01,1113.36
3241,3039,2024-01-31T03:47:08,772.73
5155,8693,2025-03-05T00:00:48,1401.23
9052,2176,2025-03-04T14:30:36,1292.83
3522,2429,2024-10-25T07:11:56,1774.95
5720,3564,2024-10-09T21:21:14,784.63
5023,9978,2025-12-22T06:28:45,1664.38
9138,9228,2024-05-23T17:00:47,866.32
1313,2480,2025-06-19T01:06:17,573.71
8248,3748,2024-01-06T02:17:50,493.13
3579,1222,2025-10-04T00:14:13,1528.07
6306,9393,2024-04-03T04:32:52,1649.54
9550,3385,2024-05-25T20:47:38,526.79
8164,8785,2025-01-26T10:18:11,1216.73
3850,4229,2024-06-02T21:47:29,104.07
5756,9954,2025-11-29T15:46:53,1880.13
1129,6675,2025-02-24T15:08:03,1273.7
2417,6347,2024-03-12T19:58:23,114.79
4509,6096,2024-08-09T08:06:58,776.7
5858,1046,2024-03-28T11:16:07,1305.45
3680,4533,2024-06-28T20:46:44,1615.91
9758,9049,2024-12-13T08:31:08,702.41
525,7333,2024-03-14T09:43:06,571.87
54,6038,2025-10-07T23:22:08,482.71
1096,3877,2025-07-30T02:10:08,243.29
7735,6216,2025-06-03T13:52:12,394.34
22,6977,2025-10-09T20:56:43,329.49
1507,3131,2024-07-24T05:46:59,326.05
7527,7676,2025-01-10T15:55:48,1800.76
8216,1087,2024-07-06T16:58:49,1082.16
4463,6291,2025-03-31T19:07:54,747.7
6323,3905,2024-10-01T20:25:09,915.98
2893,3175,2025-07-13T06:23:49,1525.09
8541,7554,2025-12-30T09:32:11,825.17
1881,7090,2024-09-09T03:59:28,827.62
3616,6231,2024-09-30T21:06:13,990.94
9700,7840,2025-08-21T07:42:06,790.85
7437,9840,2024-01-02T04:06:21,1633.83
6074,8820,2025-02-15T13:50:16,689.19
1661,7562,2025-01-29T20:12:37,1573.23
4299,2807,2025-04-30T16:11:07,1896.02
8045,4319,2024-02-15T09:39:52,330.5
5595,4963,2024-04-12T18:04:57,1724.07
3865,5889,2024-11-01T12:09:21,1394.43
323,5781,2025-07-10T14:27:15,1020.2
6276,7241,2024-10-30T01:00:20,1456.74
1404,9095,2025-06-03T15:28:21,302.54
7035,1728,2025-02-05T09:10:47,1419.12
3821,5384,2024-04-08T07:37:36,550.96
4189,9982,2025-03-22T04:19:25,1469.23
6058,7671,2025-01-23T21:25:01,1558.93
8150,1816,2024-10-24T17:39:07,328.19
7774,8566,2025-06-25T00:57:57,1918.0
2071,4412,2024-01-15T12:56:12,1156.91
5147,4326,2024-10-04T01:18:07,1488.45
1361,6134,2024-05-17T08:14:35,1270.83
4736,4276,2025-03-21T21:46:41,1125.86
1198,9064,2024-05-26T04:55:47,1086.54
5730,3427,2024-09-16T20:34:51,88.84
8755,8536,2025-03-10T15:04:09,795.0
263,3939,2024-10-07T07:18:38,608.02
7262,3702,2024-02-27T15:03:51,855.59
7592,9841,2025-11-12T09:18:30,1148.4
2962,1138,2025-08-19T11:55:15,253.9
352,5708,2025-06-15T14:07:57,1994.86
4449,8202,2024-07-20T10:42:38,532.77
119,3143,2024-09-16T01:56:40,1276.04
7375,3202,2024-01-13T14:46:03,663.73
1704,3994,2024-07-27T23:56:10,1894.5
9551,2533,2024-10-14T01:40:44,1816.65
5800,8593,2025-10-31T12:58:20,175.02
2390,6616,2024-11-15T18:29:24,1313.24
4552,5275,2025-03-19T10:15:23,1989.86
8683,8961,2025-09-07T16:28:48,1608.79
7002,9863,2025-05-09T22:23:39,1113.79
6729,4810,2025-06-23T14:26:49,1009.41
9118,9656,2024-02-10T05:00:59,1609.76
6793,9552,2025-06-21T05:34:10,774.95
9255,3646,2025-12-17T16:23:27,1787.8
5349,1004,2024-03-24T07:30:03,1706.1
3220,3689,2024-08-29T22:05:26,1444.74
2910,6249,2025-02-18T09:58:42,806.59
1216,7415,2025-03-20T22:24:52,1702.26
3488,7370,2025-12-18T08:25:46,267.18
8404,5290,2024-03-01T07:32:56,1345.56
8557,9433,2024-11-06T13:08:01,930.66
98,2343,2024-01-31T20:50:17,841.35
9037,2482,2024-08-21T02:00:24,754.95
9097,1736,2024-08-19T22:52:37,57.52
1775,9856,2024-12-28T21:07:03,1870.04
9813,5593,2024-06-02T01:43:14,348.57
3928,8458,2024-09-14T23:49:25,287.96
528,7421,2024-08-28T23:08:19,262.26
9523,3359,2024-12-17T16:29:49,1549.47
8316,4147,2025-02-15T23:27:44,1659.94
8965,9095,2024-09-05T20:47:35,1207.04
2208,6653,2025-10-15T20:54:18,113.38
3699,3031,2024-04-19T02:07:34,1943.5
2088,2609,2024-04-21T07:12:47,1645.17
1197,3328,2025-03-13T18:23:11,1128.4
5272,5358,2025-11-22T23:46:36,138.52
6813,7212,2025-04-01T23:11:49,877.88
553,8873,2024-02-10T12:42:07,1748.86
2837,3473,2025-05-13T05:47:18,1805.51
9007,6101,2024-02-29T07:15:55,132.46
4743,4016,2024-06-15T20:24:04,645.93
7217,3378,2024-04-11T18:28:00,423.59
9845,2536,2024-09-08T19:08:00,161.39
4929,4430,2024-05-04T17:39:14,1119.16
1603,9918,2024-07-23T12:34:02,1142.47
4680,1836,2025-02-21T01:10:06,641.12
3731,4507,2025-02-11T14:34:11,1340.94
1863,4419,2025-12-16T09:20:26,1313.22
7929,2346,2025-10-16T12:02:43,1885.89
4012,9287,2025-10-08T19:08:46,890.41
6496,8255,2024-10-15T01:51:12,1182.3
7880,1394,2024-08-21T02:25:03,1941.17
7736,7464,2025-06-06T23:51:56,44.85
5390,3376,2025-12-14T06:19:41,1199.59
2824,3805,2025-01-27T06:18:21,175.04
7173,8197,2025-09-23T23:56:03,1865.2
5100,2700,2025-12-01T05:32:37,1370.21
1436,1894,2025-10-03T21:55:03,28.23
7690,1475,2025-04-01T08:34:31,1380.54
4385,5542,2025-08-22T14:43:32,1933.48
594,1686,2025-11-19T00:19:46,634.61
2433,2410,2025-04-09T10:19:46,291.56
6309,9544,2024-06-03T16:23:03,1666.88
7791,5558,2025-10-28T13:56:14,1877.28
1559,9397,2025-12-04T10:07:48,289.2
1195,6878,2025-06-25T20:42:06,1828.39
8398,9206,2024-06-25T10:07:53,1749.42
7874,8308,2024-08-24T23:18:24,1596.68
3239,7292,2024-10-16T19:55:30,981.65
3251,3414,2024-12-19T18:35:25,512.3
1463,3018,2025-05-06T20:27:28,1545.43
8712,9077,2025-09-24T19:37:20,1869.22
9460,8238,2025-06-11T23:30:28,52.96
1379,6885,2025-01-15T17:35:34,1501.48
3834,1553,2025-11-21T20:32:38,1916.4
6202,1805,2024-07-24T12:28:36,1453.34
3197,4808,2025-05-12T13:29:58,1009.32
2183,6119,2025-02-22T19:21:52,1228.01
5843,1972,2024-07-03T18:59:44,862.3
130,3532,2025-08-05T03:16:31,1851.9
8624,5390,2024-03-01T22:32:40,706.59
8558,8388,2025-01-19T19:31:33,1223.78
803,9920,2024-12-25T15:01:05,851.14
8787,6604,2024-07-27T17:28:18,258.04
2920,5882,2024-02-15T10:33:08,782.93
8773,8756,2024-12-07T05:04:19,1837.3
428,8405,2024-03-25T16:54:50,1010.16
4996,8772,2024-10-23T03:46:26,281.33
7242,5119,2024-09-04T07:47:14,1139.51
4348,9007,2025-09-09T06:12:11,1093.45
3945,9508,2025-06-16T15:56:35,1457.79
1368,4267,2025-02-18T14:25:44,1462.66
8523,3559,2025-12-30T04:16:32,1913.86
8738,2013,2025-03-20T08:22:27,749.97
5246,9177,2025-01-12T21:39:55,868.55
8353,1610,2025-01-12T08:57:58,644.14
5688,3488,2025-12-26T17:59:54,1983.72
5407,9265,2025-11-24T18:08:52,1600.87
5529,1892,2024-10-07T15:46:16,86.86
4865,9602,2025-02-16T02:23:02,98.76
6351,6308,2024-01-05T07:49:36,683.16
5755,5483,2024-02-29T02:42:47,1072.84
9806,6524,2025-06-20T08:01:02,1733.71
2736,7033,2025-09-21T22:01:50,1229.67
8699,9929,2024-01-07T05:23:49,1177.6
3924,4032,2024-03-14T04:48:31,1008.96
4094,1431,2024-02-12T23:55:15,1548.36
4604,8731,2025-04-30T20:04:27,1370.3
2626,1895,2025-05-29T08:44:22,1382.91
6137,6337,2024-06-20T04:30:15,1341.94
4258,2218,2024-06-21T18:36:54,657.6
5797,6823,2025-03-19T11:04:47,39.16
5936,3807,2024-01-06T22:05:57,752.2
200,9947,2025-07-24T14:34:17,1600.74
2110,1826,2025-12-02T14:35:27,216.32
3491,4874,2025-06-15T14:50:34,108.82
380,1546,2024-12-08T09:32:23,1161.25
7343,4578,2024-03-02T06:27:14,1889.04
8343,2093,2024-05-23T18:43:45,957.04
2533,6356,2025-06-11T13:17:13,309.71
8786,2377,2025-10-31T13:10:28,659.87
952,7547,2025-05-16T00:15:11,1933.79
926,1110,2024-08-24T15:14:12,1897.9
6711,9458,2025-01-03T14:54:42,1964.05
8694,7444,2024-02-10T06:15:06,476.83
4442,5042,2025-11-12T08:09:47,619.03
6946,8171,2024-05-21T13:12:58,1802.73
3517,2827,2024-08-24T09:37:12,198.29
5160,1326,2024-05-12T09:33:59,1174.42
2035,1803,2024-03-09T02:53:47,222.23
2281,1818,2025-05-06T09:39:51,1809.8
4262,8100,2024-01-30T19:01:24,205.38
5602,7471,2025-06-10T05:59:20,1102.88
2469,9247,2024-04-30T01:06:44,446.12
2115,8629,2025-12-17T17:56:25,1137.74
2108,6549,2025-11-24T00:37:01,1083.45
3396,9035,2025-03-24T05:23:30,1391.73
6630,4811,2024-03-24T20:31:44,430.62
1516,7609,2025-02-21T03:04:32,188.43
2565,1334,2024-07-26T02:08:10,1393.44
1528,4154,2024-08-18T05:55:46,644.02
1356,3250,2024-04-27T02:42:50,1984.73
2629,6945,2025-06-28T04:26:37,1806.8
4651,9467,2025-01-30T00:50:01,814.66
5117,9871,2024-11-14T17:52:41,1704.11
4957,1340,2024-07-08T06:31:41,1715.78
9494,7322,2024-08-31T21:40:14,1229.12
6095,4487,2025-08-01T18:48:48,204.39
8690,8965,2024-10-17T11:18:41,1626.84
1970,3378,2024-11-30T00:58:46,1314.18
4936,2659,2024-08-25T13:10:50,1828.77
9377,8531,2024-11-22T12:25:31,484.98
1433,2560,2025-06-18T13:45:14,868.53
834,1647,2024-10-19T22:55:14,1747.87
9944,8964,2024-08-25T21:02:08,859.68
3296,6278,2025-05-10T14:32:51,38.18
8117,6406,2025-11-04T23:46:14,469.18
6544,1692,2024-05-13T16:33:36,514.77
4372,8513,2025-02-21T16:02:29,665.42
6050,3027,2025-11-13T10:13:35,1091.03
9771,1223,2024-02-02T12:05:53,1566.01
1472,7859,2024-10-25T18:37:52,1959.1
9778,6351,2025-06-25T14:21:23,992.16
7363,2469,2025-05-22T20:03:43,1295.03
7307,5063,2024-12-03T13:59:18,600.58
5842,4072,2025-07-20T21:24:49,987.84
7964,1285,2024-12-18T23:15:36,21.8
5460,2415,2024-05-05T19:48:42,1142.99
9893,2756,2025-06-10T18:37:57,644.78
1846,8362,2024-04-30T09:53:03,594.87
1208,7481,2025-05-29T07:10:33,1174.1
8873,9581,2024-10-27T03:17:39,895.59
123,3442,2025-06-20T17:32:21,1093.45
2244,8065,2025-02-23T22:06:49,440.68
3560,9804,2024-01-13T03:31:21,1316.35
9153,1773,2024-05-16T18:45:22,748.01
3391,5891,2025-01-28T03:17:18,730.3
542,7731,2024-02-03T22:29:09,731.78
4842,3342,2024-01-12T02:58:35,1271.09
4993,9109,2024-01-23T21:41:16,1458.69
9076,9916,2025-04-02T00:15:21,84.04
2596,7757,2025-10-19T01:58:03,537.53
1551,4602,2025-02-18T08:33:35,277.08
9238,2760,2024-10-29T15:13:07,343.77
3470,2660,2024-01-07T21:13:55,864.45
1956,5953,2024-10-03T00:43:42,476.23
8097,3327,2025-12-30T19:28:12,183.44
3575,7594,2025-05-16T01:53:06,204.97
6892,8575,2024-01-26T11:57:32,146.41
5655,2871,2025-01-18T07:10:32,164.54
8028,6527,2024-06-24T00:46:41,1355.95
7258,8045,2025-08-07T00:23:24,1812.34
8035,2650,2024-03-17T09:10:57,1985.96
1554,7113,2025-11-19T22:28:13,1915.0
9303,6880,2025-12-11T14:59:56,854.71
239,5397,2025-04-05T04:31:38,648.0
6848,8545,2024-04-01T11:33:04,975.88
7334,1894,2024-06-22T13:20:11,1646.81
7969,3894,2025-05-03T01:08:23,1573.67
7428,3875,2024-05-14T02:40:50,288.5
5228,6227,2025-07-18T19:02:18,904.32
518,9266,2024-03-06T12:00:32,1294.02
3150,8572,2024-02-04T16:03:35,58.3
3938,5990,2024-03-18T15:59:40,1608.77
6513,7694,2024-02-02T23:20:13,908.66
7894,1158,2024-02-15T15:52:37,1002.9
3258,9735,2025-01-23T20:43:59,1318.68
5958,2215,2025-02-26T06:45:10,486.78
4312,8944,2025-09-06T15:42:40,89.36
669,8933,2024-11-18T19:45:03,931.56
1748,9821,2025-05-19T18:22:14,353.2
3365,6545,2025-02-04T08:24:29,1188.82
8960,2268,2025-02-11T15:33:53,1977.72
1145,4827,2024-07-30T05:37:29,154.0
1116,5444,2024-09-05T12:01:23,1652.86
4481,9586,2025-06-25T20:47:37,400.93
9973,5729,2025-12-21T12:15:50,1336.1
6293,8918,2025-12-25T00:44:33,359.91
1036,4470,2024-11-29T17:07:40,991.96
6724,7322,2025-07-20T14:47:43,1733.46
4964,4845,2025-11-30T02:12:04,643.71
576,3352,2025-07-12T02:38:13,586.09
7367,1957,2024-09-04T09:57:33,314.56
9808,6006,2025-07-16T09:27:05,641.66
2597,3631,2024-08-10T22:53:56,516.61
2973,3875,2025-03-15T09:32:37,135.39
3381,9788,2025-09-26T22:36:42,1568.03
6020,9656,2025-07-17T07:14:23,864.62
2008,6299,2024-11-17T05:18:15,904.52
8566,7593,2024-04-07T21:49:49,24.64
3820,2367,2024-06-19T16:38:38,1456.85
8370,5713,2025-09-26T16:21:28,237.03
4046,8805,2025-06-11T15:29:06,650.7
1023,3078,2024-08-03T09:41:07,1404.35
6766,2755,2025-09-01T04:00:20,36.06
6601,2843,2024-11-24T23:02:13,712.45
5451,1387,2025-04-15T01:51:25,879.0
6502,2941,2024-02-16T03:16:04,1595.53
503,8354,2025-03-13T20:47:27,1363.86
603,9151,2025-01-20T09:53:54,737.86
1787,9059,2025-12-17T04:58:24,1894.18
5521,3038,2024-07-15T03:36:23,1933.19
9065,7299,2025-05-16T14:45:51,1415.62
1048,3711,2025-05-31T03:20:31,108.32
3917,2078,2024-07-04T10:56:31,1066.6
3317,9757,2025-12-17T17:02:57,1268.93
4594,3910,2025-11-09T08:16:22,803.11
5808,2746,2025-10-28T22:31:30,114.55
5625,6812,2024-08-16T07:38:40,1643.08
7997,9761,2024-11-14T07:49:40,342.31
8030,9236,2025-11-02T02:07:43,1613.55
5116,3359,2024-08-20T21:45:07,89.9
4694,2826,2024-12-07T19:00:39,1954.57
3076,3200,2024-03-06T20:01:14,1504.49
5456,2096,2024-11-23T23:24:29,135.02
9815,8658,2025-06-25T07:57:31,896.44
4349,4862,2024-08-31T03:02:39,647.07
9270,8873,2024-09-08T14:24:31,202.27
9441,7308,2024-03-05T08:19:12,1303.52
1147,2785,2025-03-30T03:44:52,315.04
6646,9864,2025-02-28T15:18:29,1913.07
4556,8158,2024-06-16T03:47:29,553.2
8665,2642,2024-10-21T01:05:58,197.02
7393,1268,2025-09-13T00:47:02,186.28
10,3615,2024-01-06T01:08:44,1397.79
1893,6827,2024-12-23T13:54:54,316.43
719,8837,2025-05-29T08:48:08,1053.33
1142,4879,2024-04-11T12:34:44,586.89
8722,7654,2024-11-05T05:48:35,318.02
4213,3735,2024-01-19T14:06:53,1979.92
9948,1144,2025-01-03T01:56:04,916.22
9124,8886,2024-12-02T10:12:21,1072.05
6308,8933,2025-04-10T06:11:19,333.81
7434,6251,2025-06-11T11:50:55,1371.77
4603,5095,2024-09-09T10:49:03,337.09
7890,9779,2025-09-15T04:35:06,1770.37
3766,9247,2024-12-10T22:41:11,1164.56
4796,2639,2025-10-28T00:49:46,712.59
577,6780,2024-01-02T05:09:40,484.93
7361,7249,2024-08-05T22:23:10,1507.76
605,7955,2024-03-05T03:59:24,162.46
3475,7132,2024-11-03T02:01:21,602.07
9881,8723,2024-04-12T22:15:05,726.81
682,1379,2025-01-21T07:39:14,184.65
6223,4750,2024-09-19T21:33:42,1146.99
8359,1169,2024-10-01T22:49:31,34.38
911,5419,2025-08-14T08:31:38,208.95
658,3526,2025-03-27T00:02:07,346.55
5463,2094,2025-01-06T04:19:26,1941.88
393,5295,2025-08-04T18:35:17,1171.2
59,7932,2025-11-08T15:19:50,1928.9
440,4522,2025-05-20T13:57:57,862.99
3191,6314,2024-03-14T14:10:00,1962.92
7011,4048,2025-10-27T19:33:00,180.02
5089,1924,2025-05-15T07:32:59,785.67
8199,3952,2025-11-28T21:02:40,1495.02
2698,3478,2025-01-16T14:01:32,1113.57
7518,7847,2024-05-05T16:53:39,1685.69
5313,1396,2024-02-13T21:30:02,109.7
7172,6850,2024-02-06T05:27:27,1631.51
1034,6869,2024-12-22T02:06:48,1700.96
2640,6451,2025-12-20T15:09:35,1436.19
8220,6325,2025-04-20T22:27:13,221.91
1237,3703,2024-12-01T00:26:58,1216.6
4778,4421,2025-05-26T05:07:22,407.39
3257,5143,2024-11-27T13:27:39,1385.21
3237,9051,2024-10-17T16:40:16,812.09
4432,5514,2024-02-04T13:41:50,1219.02
8554,3528,2025-04-03T06:33:22,1178.04
812,4559,2025-02-23T05:51:07,1510.0
5699,2174,2025-02-12T14:58:54,1664.45
3895,3130,2024-03-23T01:39:14,441.48
7548,7713,2024-12-11T07:50:43,237.97
6404,9078,2024-12-25T15:27:25,441.64
2053,1025,2024-05-30T08:08:05,240.82
1945,6901,2025-12-10T01:06:26,1729.24
5877,4291,2024-12-15T00:21:43,1378.42
6484,2007,2024-05-09T05:01:22,889.01
1891,5521,2024-01-17T20:32:34,1838.63
41,8668,2025-04-07T20:09:55,1060.58
3982,4268,2025-03-06T12:35:54,605.62
2955,3843,2024-01-08T10:33:29,829.26
2685,7076,2024-11-02T13:40:54,268.82
6354,2644,2024-05-21T11:30:14,571.4
5148,6039,2024-06-14T10:49:43,1682.15
5429,2508,2025-02-26T07:57:15,170.51
9549,1851,2025-07-09T12:09:01,231.88
833,4120,2025-07-16T19:14:16,107.82
128,5088,2024-06-12T04:06:37,1335.53
3669,2527,2024-09-01T08:12:06,1887.3
8848,9946,2025-02-12T10:43:59,1299.62
8854,9789,2024-12-29T03:33:06,1945.07
9175,2509,2025-10-10T10:31:49,672.54
4855,9901,2024-01-20T17:45:03,256.83
8733,1445,2024-10-10T15:11:10,146.66
3283,5355,2025-02-07T22:53:03,1864.6
2477,2943,2024-01-23T08:06:59,448.6
6376,9498,2024-11-09T19:34:42,1413.8
2155,6885,2024-01-01T15:43:13,223.85
8311,1936,2024-10-05T01:00:55,336.03
1540,5237,2024-06-25T19:37:19,818.23
5017,2970,2025-09-08T10:39:40,1615.37
7128,7439,2024-07-29T09:05:38,776.39
9856,3732,2025-08-15T05:57:52,1523.3
7267,9690,2025-06-24T04:10:52,1071.86
7966,3285,2025-08-22T07:28:16,1105.56
6503,3009,2025-02-03T09:03:58,82.27
2778,2682,2024-01-07T02:47:14,1262.67
1117,7108,2025-03-19T22:12:09,243.2
9726,3645,2025-08-30T15:26:31,922.48
995,3236,2025-01-11T09:45:54,394.28
7750,7587,2024-10-21T11:12:33,284.02
971,4022,2024-11-10T14:37:53,376.84
7383,3326,2024-11-27T13:23:57,1552.93
4977,3422,2025-01-05T04:57:39,132.23
7421,2211,2025-11-22T22:44:53,911.56
2617,4865,2025-07-31T20:24:01,1871.32
8271,8533,2025-01-08T16:45:58,621.44
3914,1817,2024-03-25T19:20:51,1294.46
830,5177,2024-07-07T15:12:39,410.66
5252,4545,2025-01-18T21:08:40,835.61
4582,9807,2024-10-18T11:48:25,267.74
9367,6294,2024-09-14T19:41:32,1915.85
2993,1393,2024-12-01T12:06:42,1187.1
49,4258,2025-01-29T07:31:19,309.91
3527,4309,2025-01-03T07:42:03,1069.45
8914,3292,2025-04-11T09:28:17,667.59
3608,5348,2025-12-25T14:10:40,1622.39
3200,8020,2025-07-27T03:42:02,1515.71
4989,2960,2024-10-05T08:07:08,1550.37
3946,3423,2024-01-17T02:23:04,1957.38
1019,5740,2024-08-15T07:06:22,1147.61
1645,9908,2025-11-12T00:06:31,820.25
4723,9240,2025-04-24T16:04:30,883.01
2241,3915,2024-07-24T13:42:37,883.95
6348,3148,2024-07-02T15:12:41,1287.09
641,2077,2024-03-07T23:10:23,622.03
7277,6719,2024-01-19T06:25:31,975.15
2137,8584,2025-04-07T23:39:09,654.13
6498,3825,2024-11-26T05:44:42,1891.81
5438,9776,2024-10-28T12:09:51,1309.14
6428,1662,2025-09-12T08:41:56,407.98
9290,1784,2024-08-08T13:22:38,156.89
3179,4105,2025-05-01T20:08:45,1251.22
9891,3568,2025-10-26T16:24:20,1330.62
6874,5587,2025-11-18T18:31:17,15.09
1257,9871,2024-09-24T00:44:09,830.9
9510,5412,2025-11-12T10:43:23,1733.61
1996,1630,2025-11-11T05:46:40,1043.69
5417,5918,2025-04-09T03:20:30,689.62
8865,6286,2024-11-21T05:02:03,715.88
3082,1404,2024-10-23T23:54:38,363.23
4310,1328,2024-01-29T00:29:10,1511.47
2859,1085,2025-03-20T14:58:01,909.03
4589,2730,2024-10-09T02:04:00,1330.15
6114,3978,2024-08-09T23:02:05,1870.25
1607,6653,2024-10-01T02:29:44,976.29
7076,1477,2025-09-01T20:24:34,531.02
5921,4757,2025-01-26T05:39:25,1850.0
5880,3187,2024-12-06T07:19:18,39.21
4058,9659,2024-12-03T03:31:15,1618.3
7691,1790,2024-03-28T02:55:01,1066.87
2237,6298,2025-06-21T15:56:37,518.39
7536,3496,2024-06-24T05:39:12,202.8
9974,5946,2024-02-23T11:24:40,597.75
3503,7574,2024-04-12T18:10:21,81.54
8177,8760,2024-02-14T20:58:00,1002.88
4653,3553,2025-05-15T02:15:44,1176.34
6932,2755,2024-09-09T02:05:46,89.8
3723,7230,2025-08-24T08:14:13,129.49
851,5026,2025-03-18T13:38:46,1001.11
1929,4271,2024-06-30T08:33:41,1372.29
3739,4253,2025-03-11T16:05:28,160.23
7075,9698,2024-05-03T14:14:13,440.25
3913,9087,2025-02-15T07:45:54,1039.64
6387,8201,2024-05-21T02:14:53,1920.9
7635,6696,2025-07-19T23:05:52,440.23
9708,2446,2025-10-05T06:55:48,77.49
5879,3628,2024-07-28T10:26:40,963.3
6913,6897,2025-08-31T16:41:47,878.51
5893,7876,2024-09-11T06:44:36,1138.06
1757,6136,2024-06-26T06:17:26,637.17
2851,6115,2025-02-01T10:15:00,1045.07
6627,5067,2024-03-28T17:28:11,718.71
8373,9574,2024-10-28T15:34:58,727.21
3152,7542,2025-08-02T09:39:16,1712.27
1476,9393,2025-06-27T17:12:43,601.33
4781,3249,2024-01-22T04:50:33,1755.89
4798,5926,2025-10-20T12:17:22,462.57
9616,3734,2025-07-09T09:01:28,1900.51
5057,4741,2024-10-29T20:33:24,746.71
9240,5045,2025-08-25T19:00:20,1137.53
7615,3154,2024-07-14T18:49:56,1204.9
9661,6868,2024-06-09T19:03:28,986.53
11,5552,2024-09-21T06:43:45,315.18
1998,5025,2024-02-02T22:41:23,1039.81
2951,6269,2025-05-29T09:44:18,686.55
1919,4212,2025-05-21T14:47:31,1124.53
5955,9831,2024-05-19T15:34:36,1752.22
1730,5581,2024-11-07T03:35:14,904.2
218,3496,2025-04-27T14:32:10,480.9
5569,5409,2024-06-26T12:36:29,736.36
7438,5749,2024-06-06T04:12:06,592.38
893,3661,2024-08-20T10:55:32,1130.1
7372,3612,2024-09-18T13:55:26,401.95
1875,6864,2025-08-18T04:33:29,1350.61
1326,9380,2024-01-06T16:58:07,1998.86
3065,2062,2025-04-22T14:18:51,339.03
2806,4714,2025-04-24T16:12:26,245.77
5746,2028,2025-05-02T00:55:25,951.66
9186,8234,2025-11-13T02:01:54,1556.02
5984,9556,2025-01-16T11:29:52,1820.96
4626,1653,2025-10-05T08:46:31,729.93
7570,8492,2025-04-07T08:59:28,617.45
2483,4217,2024-02-03T00:34:23,220.1
4252,2795,2024-08-17T02:06:34,1433.92
5423,7287,2025-10-30T21:27:47,1507.07
5453,7034,2025-02-11T21:58:32,1271.49
1912,9269,2025-08-07T17:57:30,184.72
1904,8115,2025-09-26T16:37:31,835.96
1864,2310,2025-12-22T02:41:58,938.78
2289,4493,2025-10-11T16:07:51,1529.63
3668,8926,2025-09-05T18:52:29,96.13
3465,8586,2024-01-28T12:26:48,1785.53
6741,7523,2025-11-30T23:02:00,1529.49
2738,6599,2025-02-02T17:22:42,1946.68
2922,5225,2024-09-08T19:51:27,754.15
706,7035,2024-01-13T22:08:07,665.82
2407,1408,2024-04-04T08:44:17,812.1
2348,2361,2024-07-05T19:27:33,1119.18
9042,5778,2024-08-20T22:22:31,1590.44
761,2562,2025-06-03T19:50:00,373.64
1395,2928,2025-04-24T18:43:28,569.0
194,8633,2025-02-25T11:00:17,834.47
8904,7187,2024-10-01T21:52:22,1504.83
9947,2633,2025-06-26T17:37:56,1562.18
8371,4221,2025-08-04T15:52:13,922.23
427,6931,2025-08-27T07:17:19,1028.91
7131,5593,2025-12-04T16:02:04,257.31
7923,3494,2025-08-07T20:21:05,1641.7
9014,7447,2025-08-05T13:58:57,1639.18
6508,9468,2024-01-11T04:44:33,199.37
7811,2846,2025-04-28T15:45:28,1884.45
3624,4593,2025-08-26T04:44:04,1407.67
606,3956,2025-04-12T22:32:36,1093.22
8432,2970,2025-11-20T11:15:23,1098.25
8931,1510,2024-11-29T11:54:16,1474.97
4324,9394,2024-11-26T05:25:15,1488.25
3639,1204,2024-02-29T20:36:04,1140.52
8842,9154,2024-08-24T06:26:02,603.84
1655,8904,2024-11-16T23:07:52,361.55
1617,3639,2024-04-09T07:57:04,273.77
4879,3298,2024-11-14T17:57:15,291.86
2540,1517,2025-08-16T09:20:17,1981.47
4704,5916,2025-06-15T20:35:47,1855.47
2566,1364,2025-04-01T16:54:49,1971.6
6733,7019,2025-05-22T01:28:12,573.99
5357,8486,2024-07-23T01:33:40,1860.6
1818,2539,2025-08-21T20:24:23,1044.67
6269,6244,2024-04-10T13:49:20,1034.65
7050,5566,2024-08-03T11:33:50,977.11
3642,9641,2025-08-04T01:43:39,1398.64
589,3868,2025-05-14T06:34:43,1661.62
7807,4834,2024-06-21T18:40:10,432.83
33,8517,2025-05-14T07:37:38,290.03
3839,5019,2024-10-04T20:50:28,149.92
3736,3632,2025-02-19T22:33:38,1931.35
439,2874,2025-06-29T02:06:59,1706.32
208,3223,2024-11-28T21:55:16,1734.37
9370,9924,2024-01-17T04:46:53,1520.32
3321,7252,2024-10-19T19:58:54,1309.57
2019,3459,2025-05-27T06:32:11,328.44
7008,6480,2025-06-10T21:08:31,1915.59
100,4346,2024-07-21T13:01:29,1341.1
3829,7942,2024-12-12T12:58:58,1194.68
6592,9186,2025-01-31T19:50:03,1350.31
4234,7990,2025-10-17T14:31:11,574.09
2068,7782,2024-12-25T05:04:01,1855.94
4168,4734,2024-02-02T14:06:31,126.32
2226,8306,2024-03-21T16:58:19,706.28
4841,4242,2025-09-08T20:51:54,1959.16
9783,7232,2025-07-13T12:30:15,1087.79
4784,4417,2025-07-31T20:05:27,763.93
6447,3287,2025-08-07T14:35:47,111.74
5207,4232,2025-09-27T00:15:14,1417.93
3102,7843,2025-06-26T02:34:05,423.12
8835,9743,2025-12-26T21:28:04,1612.14
7452,3621,2024-05-12T10:16:56,1824.54
4911,7157,2025-10-12T10:29:29,1215.22
3801,3355,2025-12-27T05:12:50,1256.74
3277,1486,2024-09-22T18:10:26,1173.36
4269,9138,2025-07-23T18:33:44,568.79
2381,2791,2024-02-29T18:24:06,333.71
3612,8838,2024-12-12T23:00:20,1630.23
7440,9496,2025-10-14T22:15:07,1000.7
504,6295,2025-11-16T02:34:09,1729.17
7087,6925,2024-10-08T05:06:57,125.59
2365,1669,2025-04-25T21:29:02,734.31
3183,7588,2024-01-12T15:31:08,1309.72
6621,1673,2024-06-26T01:20:03,1761.27
3246,7313,2025-05-20T13:46:24,1853.4
1851,9830,2024-02-19T04:46:33,1639.0
2639,8718,2025-01-16T21:48:02,1475.2
1358,8496,2025-11-24T11:50:21,290.73
9912,1837,2024-09-03T20:08:50,25.65
3335,4586,2024-08-18T13:11:31,1002.17
2420,9821,2024-03-05T22:13:19,1699.66
2723,7248,2025-04-12T19:31:40,189.64
5276,1050,2024-06-22T11:14:05,657.79
7409,1657,2025-04-10T02:23:20,1606.32
4937,7652,2024-03-11T05:47:01,629.28
8346,2382,2025-08-13T12:14:24,1151.97
8188,2228,2024-03-23T15:45:13,1672.65
666,8912,2024-08-22T15:26:32,493.53
297,8078,2025-11-21T20:02:39,1470.4
5616,7493,2024-08-22T13:10:07,492.76
8677,3254,2025-06-11T07:32:25,1837.48
1978,2749,2024-05-25T23:20:10,267.43
3249,1462,2025-06-09T09:29:13,1396.46
9476,9228,2025-05-26T15:09:43,1703.66
2849,3064,2025-07-12T08:54:16,1043.34
6792,1034,2025-11-21T11:29:01,37.47
4560,1082,2024-07-30T19:06:45,817.33
9599,9979,2024-11-28T05:58:05,972.33
5758,6016,2025-07-23T03:27:06,1538.96
536,3538,2024-04-16T20:24:14,158.94
1915,1807,2025-01-04T14:34:25,1098.56
2873,9020,2024-12-07T19:41:05,1464.78
3694,3645,2024-08-17T14:32:09,140.98
6219,4795,2024-11-26T21:35:51,1750.09
3495,8027,2025-08-14T00:12:07,499.26
7357,7492,2025-06-08T03:07:51,1563.95
1837,6690,2025-09-04T11:51:28,1612.02
139,4728,2025-09-29T07:54:24,449.73
3157,8171,2024-07-07T04:40:48,284.81
36,7543,2024-11-28T18:35:07,727.18
581,9316,2025-09-02T19:47:18,1110.53
7701,3796,2024-12-06T05:39:55,1124.27
3314,5593,2025-08-18T05:01:54,444.65
5162,3979,2025-03-30T07:09:44,897.43
9794,6786,2025-12-20T21:20:46,1311.55
729,6654,2024-11-02T10:37:04,1909.44
2367,4354,2025-08-23T20:29:33,281.12
5038,2709,2025-01-16T13:21:58,646.42
9177,7077,2024-11-10T00:24:12,1629.08
8746,8540,2024-09-05T00:31:01,250.6
7766,8965,2025-01-01T06:04:58,367.51
5801,2572,2025-10-16T19:04:34,1191.32
873,9625,2024-05-29T01:52:22,508.57
8301,2530,2024-04-29T02:11:34,1005.93
2023,2926,2024-05-20T08:25:05,1797.59
1882,8054,2025-05-06T20:27:52,1653.18
6512,2383,2024-12-25T23:26:01,394.99
7523,4998,2025-12-26T02:51:51,1716.3
6393,3542,2024-05-14T00:27:02,1155.41
4303,6460,2025-07-01T09:07:44,1824.9
5026,3316,2024-10-11T01:01:16,482.71
4757,9413,2025-09-12T06:48:53,1693.37
5140,3139,2025-07-27T13:59:53,1526.43
5065,8998,2024-05-27T04:28:15,510.58
2116,8672,2024-03-13T04:04:58,199.04
2176,7038,2025-07-01T11:57:46,230.76
9873,9700,2024-06-26T23:41:52,1839.92
1760,6950,2025-08-29T14:24:40,1497.05
7156,9994,2025-07-20T22:07:32,896.04
224,6111,2024-01-20T22:40:49,1153.71
2194,3077,2024-03-05T02:06:03,1013.66
5945,8357,2024-06-16T10:50:37,852.65
8050,8779,2025-12-28T14:58:16,1627.52
448,1982,2025-03-08T03:30:08,1175.0
2202,9640,2025-09-12T21:22:27,1724.72
4913,2615,2024-03-24T17:29:39,1153.37
3870,8138,2024-09-07T18:31:43,456.55
5419,8838,2025-04-25T23:48:05,1272.26
2688,6557,2025-12-23T14:33:04,1756.4
3750,6703,2024-06-16T21:05:27,423.48
6522,7978,2024-12-13T01:19:31,1408.3
6264,2277,2025-08-29T00:52:32,1927.23
6490,1124,2025-06-15T15:02:54,447.56
3882,8830,2024-07-05T19:40:55,1324.23
2579,8786,2025-02-16T11:44:38,857.08
9400,1471,2025-03-30T08:25:38,771.42
3193,3177,2025-08-22T04:03:27,667.43
6800,4854,2025-12-13T11:08:12,1795.99
2898,7478,2025-11-30T05:46:20,681.3
8544,9666,2024-12-26T01:59:40,818.47
857,9882,2025-12-13T04:14:36,1980.7
1622,5644,2025-07-19T10:25:29,1894.77
179,8478,2024-04-04T06:17:17,271.01
567,8685,2024-04-17T19:16:59,899.96
1743,2577,2025-05-04T05:28:57,902.46
4314,5051,2025-05-05T13:02:52,72.39
3759,3664,2024-05-17T09:33:53,1087.81
9827,4718,2024-09-23T17:46:10,1770.01
9152,3137,2025-04-01T00:27:10,372.46
2425,8006,2025-07-10T02:31:55,742.41
820,3869,2025-04-04T13:28:28,1253.86
3713,2787,2024-12-27T01:29:16,176.22
9110,3438,2024-06-02T18:29:06,718.41
392,8451,2024-04-05T23:51:39,740.33
2252,7411,2025-12-03T15:17:35,1151.41
6102,5321,2025-02-11T09:14:31,584.35
4691,5909,2025-05-16T04:53:03,532.08
12,6514,2025-08-16T00:33:43,208.91
8915,1287,2024-08-05T18:24:48,939.94
2959,8293,2025-11-24T06:45:05,1346.13
4116,7011,2024-08-23T03:05:22,1561.52
316,3146,2025-03-02T14:11:46,1855.71
3690,3336,2024-01-12T14:32:04,1533.8
2555,1440,2025-03-29T13:56:00,1531.56
7474,2546,2024-04-27T22:30:10,1899.76
7856,2788,2024-03-13T15:25:02,412.37
9380,3357,2024-09-04T06:25:32,891.1
6517,5514,2025-02-16T04:51:20,986.61
3645,1216,2025-06-24T00:20:38,577.1
9159,6957,2024-05-15T09:21:40,367.16
7233,5995,2025-03-10T02:28:26,1545.48
2580,2256,2024-09-26T18:26:54,1304.82
6870,3228,2025-10-04T13:37:55,560.5
1897,4562,2025-03-18T00:08:21,1469.86
5767,5230,2024-04-10T21:05:29,342.2
5714,3066,2024-12-14T16:28:44,302.91
704,9351,2025-01-29T01:02:12,1067.02
2801,1770,2024-06-11T16:06:46,1998.53
80,2235,2025-11-10T05:35:58,889.05
2557,6654,2024-11-28T13:15:38,1983.93
9473,3433,2025-02-21T18:41:52,1748.03
7120,5375,2024-10-17T09:17:37,742.74
6969,2536,2025-12-07T16:58:08,1911.05
909,6909,2024-09-02T23:18:36,217.57
850,6404,2024-06-01T09:16:47,463.89
4225,3205,2025-06-27T19:03:54,1468.22
7920,2474,2025-08-19T14:45:22,247.03
6191,3805,2025-12-23T19:50:50,409.22
1623,8359,2024-06-17T05:35:38,1215.02
8167,4829,2025-04-04T07:02:12,356.85
9196,7854,2025-06-26T00:43:13,1902.05
7685,2069,2024-11-04T17:45:35,1973.94
2145,7389,2024-08-14T10:00:52,1233.07
1806,2477,2024-06-29T19:54:08,305.61
371,5837,2025-06-27T03:30:24,48.77
520,9586,2024-12-07T07:24:57,1047.88
8054,2719,2025-08-04T22:22:48,1769.83
1732,4744,2025-06-16T20:11:20,1629.31
9231,3974,2024-03-26T07:30:56,1285.85
5482,1977,2024-11-11T15:41:09,1505.98
4524,3930,2024-03-27T17:43:10,1961.57
7747,4476,2024-08-20T12:02:36,1430.69
3353,7451,2025-03-01T15:38:50,199.15
3983,5871,2024-03-07T11:39:39,1135.5
5950,2491,2024-12-27T01:46:29,1750.08
2489,4027,2024-06-04T08:43:32,1342.85
1172,7990,2025-06-14T16:00:42,349.75
4910,8993,2025-08-29T13:26:23,1123.54
5543,4620,2024-11-11T15:53:10,487.84
5389,1700,2024-05-07T14:19:45,690.19
3100,6581,2024-12-24T09:08:26,1584.87
2584,8425,2025-02-04T07:10:43,1344.76
6010,3907,2025-05-15T00:52:51,1097.22
1026,7434,2025-06-09T05:55:32,981.47
5044,1785,2024-08-31T14:55:38,1070.91
8101,1158,2025-12-21T14:23:42,439.08
836,6455,2025-11-06T08:10:02,609.86
1017,5605,2025-02-17T10:25:59,1195.73
8845,9055,2025-06-24T15:55:58,133.11
4652,3791,2025-04-25T08:55:47,1944.94
4108,8185,2024-04-08T10:09:19,365.28
8328,4004,2025-02-18T05:07:39,708.57
7306,5615,2024-09-27T19:53:01,830.83
8261,9804,2025-09-22T13:54:04,58.17
3721,3384,2024-12-31T00:49:48,1282.23
2161,7301,2025-03-07T09:48:31,1687.44
201,4613,2025-11-28T08:24:59,979.02
699,6456,2025-07-08T06:18:58,1608.91
3140,4005,2025-12-08T11:09:34,1398.55
7792,8443,2025-01-30T11:11:51,1531.7
7712,1235,2024-12-24T22:34:49,1852.83
4701,2781,2024-05-30T08:52:54,1526.89
8832,5214,2025-04-03T15:18:01,1786.91
7101,6252,2025-03-06T22:19:10,536.78
6245,9877,2025-04-17T23:51:38,581.16
7493,3953,2025-05-26T11:24:15,228.03
996,9281,2024-10-25T05:14:17,1307.87
6456,4153,2025-03-20T04:41:15,865.74
2160,8780,2024-05-14T16:35:55,282.44
998,8272,2025-10-14T08:43:04,979.96
4811,2792,2025-12-19T10:24:05,1574.18
5172,7844,2025-11-23T02:19:58,1983.45
3119,5650,2024-10-26T17:35:15,415.76
5563,4998,2025-06-17T05:08:29,1292.73
3116,3910,2025-06-08T04:46:41,68.96
7126,4930,2024-10-07T00:04:09,875.99
5698,5774,2025-04-05T21:13:17,1232.79
8727,3286,2024-11-22T05:21:00,622.65
4367,3217,2025-07-13T08:12:03,332.66
901,1485,2024-09-10T12:06:06,1270.08
7543,7065,2025-05-03T16:11:59,1651.92
7597,4875,2024-11-19T02:41:27,34.06
7796,8433,2025-11-24T10:11:24,275.89
3007,7735,2025-04-24T11:20:34,470.06
2460,4002,2025-05-02T19:19:36,1530.56
630,2213,2025-10-24T09:50:03,906.83
3785,7604,2024-05-14T22:19:28,1808.82
1923,7939,2024-11-17T05:43:41,733.71
6819,2417,2024-08-20T07:27:24,1419.37
2002,5684,2025-08-23T22:23:05,925.39
8498,5849,2025-05-20T20:46:34,1666.68
8225,2931,2025-03-20T17:53:13,1645.38
1568,2639,2024-07-01T04:00:33,573.85
3219,7983,2024-03-01T17:05:31,1451.35
8454,2142,2024-02-17T12:42:22,807.43
4397,4504,2024-03-01T17:44:50,1910.94
2057,4478,2025-05-10T03:55:38,27.54
1223,4435,2024-07-24T23:55:05,502.83
7594,9861,2024-08-24T23:52:21,1104.38
5686,1139,2024-03-04T22:22:27,304.34
7582,3730,2025-04-14T20:40:31,1327.45
6917,8133,2025-02-27T20:01:35,82.64
1312,5237,2025-11-25T18:32:16,1499.18
1186,5602,2025-09-21T16:20:42,121.89
122,2232,2024-03-27T21:28:49,1890.38
1273,7510,2025-03-08T03:22:49,1106.35
2482,8934,2025-08-24T17:18:40,1515.88
2481,2830,2025-08-31T23:22:24,160.08
2309,4409,2024-12-26T13:36:48,556.47
4520,2899,2025-07-30T09:05:39,1209.25
2646,4010,2025-05-13T04:03:19,1262.16
5010,3978,2025-01-21T23:08:47,1072.75
3203,7156,2024-04-27T19:20:40,412.75
3881,3004,2025-06-03T00:48:28,1045.92
7842,8350,2024-11-06T04:32:27,1390.44
2674,4858,2024-07-22T08:17:44,1237.27
680,9163,2024-05-03T18:21:28,1991.96
3411,9379,2025-03-13T19:03:04,1211.86
1587,9842,2025-02-26T03:00:08,946.85
6551,2970,2025-06-16T04:13:41,1628.26
3127,6075,2024-06-08T18:05:50,867.24
6884,7091,2025-03-22T02:51:50,1949.58
8046,4303,2025-06-26T19:49:54,214.54
276,4697,2024-11-19T06:02:45,1552.51
5032,9715,2025-03-13T07:01:08,1045.74
5201,3272,2024-02-13T15:01:04,403.05
8190,7978,2025-01-15T16:02:49,1215.46
7655,6998,2024-06-27T21:29:45,1279.06
6319,1750,2024-09-03T11:16:40,37.03
2408,3381,2025-01-22T21:48:21,1895.84
4533,9892,2024-01-19T06:38:14,538.13
4319,7805,2025-06-30T09:59:23,45.21
3997,1097,2025-06-04T11:10:56,928.3
1042,3588,2025-12-22T21:53:04,885.37
4745,5243,2024-06-03T13:21:09,514.44
7948,5478,2025-11-22T17:26:32,1727.14
1473,5067,2025-12-12T09:48:15,550.82
7700,8500,2025-08-06T09:11:38,1167.76
7287,7877,2024-03-10T03:34:53,1633.35
4443,4130,2025-06-12T20:43:14,1496.08
5814,1372,2024-11-12T00:37:22,57.16
9618,2899,2025-12-15T11:19:07,246.14
7998,2663,2024-09-03T21:09:33,1500.16
9008,8919,2025-11-20T13:07:08,1902.19
6653,9944,2024-07-24T20:27:04,847.26
569,3449,2024-06-16T12:05:44,1099.86
6633,5169,2024-02-04T00:19:14,645.83
6875,8954,2024-03-10T02:19:24,1042.74
8001,9345,2024-01-03T22:42:47,787.01
6326,3156,2024-02-16T17:08:03,1516.74
6624,2116,2025-03-23T04:45:45,852.7
8957,6291,2024-12-12T21:45:08,1408.02
4232,1791,2024-09-21T22:53:08,1130.44
838,2922,2024-05-27T14:17:54,1495.02
2150,6640,2025-12-11T19:02:03,1980.63
9617,8784,2025-09-08T05:16:03,940.94
6035,2785,2025-07-21T14:43:40,739.9
8306,8915,2025-02-25T13:14:57,987.81
4249,7054,2024-01-21T00:31:25,410.27
3023,5768,2024-09-23T08:07:30,740.82
5401,9570,2024-11-02T18:35:51,1315.5
646,9476,2025-06-12T06:09:01,692.31
2945,2469,2024-08-21T12:18:18,793.63
1512,6866,2025-03-20T19:28:22,150.4
837,1251,2025-12-07T00:52:45,427.56
8023,2440,2025-05-14T06:59:51,1534.0
3835,7714,2024-07-15T13:26:54,590.48
6092,2448,2025-11-18T01:00:47,1637.25
3132,7541,2025-10-02T11:20:03,1211.67
7060,6884,2025-01-21T19:53:47,1701.72
320,4681,2024-03-13T09:32:43,1984.55
2351,2486,2025-05-18T00:53:17,36.78
8131,6935,2024-09-22T03:31:35,522.9
1063,8210,2024-05-07T11:21:15,705.62
307,9117,2025-06-22T19:00:52,579.99
2047,5705,2025-01-10T16:07:53,856.97
1044,3161,2025-06-18T20:16:58,1764.88
1360,6449,2025-01-13T17:09:56,1263.91
35,5304,2025-02-22T15:15:53,1495.29
457,2882,2024-10-12T11:50:04,1526.4
3312,1478,2025-07-09T22:49:46,324.67
5177,6023,2025-06-28T02:32:38,529.91
2682,4847,2025-12-24T04:18:08,944.51
9900,1877,2024-03-05T18:20:19,1463.65
8297,8948,2024-12-09T00:19:48,1835.06
1272,2097,2025-12-11T01:26:14,178.62
2760,7470,2024-01-05T12:59:50,237.77
1191,1916,2025-12-13T10:57:21,1529.28
1285,7581,2025-06-12T19:16:17,82.37
3094,7616,2024-09-26T05:41:43,1891.9
8841,9700,2024-05-29T23:48:15,1407.88
4962,6963,2025-07-02T22:41:56,1607.84
4276,9691,2025-01-11T02:45:30,1315.6
818,4621,2025-02-08T20:49:26,830.05
2943,5609,2025-01-31T09:12:40,95.74
7696,9553,2024-11-14T03:28:26,584.57
5679,2937,2024-10-14T16:23:07,619.47
4068,8004,2024-12-06T21:16:48,1252.81
7304,5751,2025-04-21T23:18:33,1832.75
4195,4982,2024-09-12T07:07:23,1599.02
9184,4590,2024-10-13T23:29:34,502.18
9967,8219,2024-10-23T11:04:57,1090.09
9577,9636,2025-04-15T22:25:31,1389.36
3386,3948,2025-04-10T08:04:55,15.62
9508,1356,2025-06-29T09:05:14,1229.71
2574,4507,2025-02-20T04:40:12,578.27
3382,9004,2025-02-15T17:33:00,132.54
5275,1967,2025-08-27T02:29:01,950.13
4640,9548,2024-04-24T23:22:00,580.42
9528,8295,2025-08-17T22:06:21,28.44
7848,1510,2025-02-26T07:19:40,24.9
872,9591,2024-03-15T19:25:15,302.05
2278,8720,2024-01-15T19:21:36,1814.82
5849,9153,2024-07-17T01:31:52,7.9
9327,3760,2024-11-12T15:01:54,388.39
8693,6417,2024-02-07T14:35:23,1856.61
6851,4029,2025-04-12T16:23:22,1569.2
1852,9586,2024-05-27T11:25:23,1368.03
5067,8358,2025-08-18T20:16:35,262.13
2517,8177,2024-11-03T20:52:04,1047.71
9226,4360,2024-11-10T22:18:45,1834.74
9310,4018,2024-04-23T03:00:40,899.27
8809,5427,2025-01-20T07:12:35,41.91
1831,3583,2024-07-12T04:31:08,1002.34
2385,9870,2025-06-14T00:55:15,1863.78
652,6669,2024-06-24T03:04:14,1895.23
4754,2099,2025-05-07T17:35:08,1470.2
246,5526,2025-06-28T15:00:44,1113.8
7868,4695,2024-04-22T09:23:55,1520.35
487,7843,2025-07-05T02:01:09,582.58
5499,3248,2024-10-26T21:18:39,941.31
6328,9425,2024-07-01T12:54:09,1055.93
1801,9060,2024-07-30T08:56:52,379.64
4311,2679,2025-02-12T23:42:13,1005.49
9497,3698,2024-05-04T01:49:13,560.97
2311,8772,2025-06-16T05:52:09,997.54
6324,9670,2025-04-23T05:49:46,1896.21
6501,2811,2024-01-03T02:55:43,93.03
8736,2538,2025-09-20T08:10:08,635.49
1657,6641,2024-08-26T04:25:40,1549.52
109,5956,2025-06-30T10:56:05,1225.3
1758,5382,2024-08-14T07:16:33,1212.74
7845,4873,2024-09-17T08:58:31,784.89
798,9835,2025-06-14T07:00:58,270.31
3093,5906,2024-01-07T15:04:58,567.28
2539,9856,2025-10-29T17:27:12,1095.51
1107,2685,2024-07-17T03:42:30,1789.07
3919,7628,2025-06-27T07:51:14,786.86
4178,7139,2024-11-13T00:14:07,944.02
6835,6965,2024-02-26T10:15:14,66.12
1941,1984,2024-05-12T06:59:18,571.61
6979,9970,2025-12-06T21:52:45,122.29
9247,1746,2024-08-06T14:32:58,1651.92
3289,2641,2025-09-18T05:57:57,11.15
4064,9653,2025-06-14T00:08:05,994.87
4654,6149,2025-01-24T05:05:35,1049.06
7743,9701,2024-02-15T21:09:34,659.54
7776,5908,2025-11-08T10:50:40,822.14
4802,6296,2025-11-27T23:27:57,95.51
4617,3609,2025-12-06T22:43:32,493.5
9875,2481,2024-09-24T07:32:18,1316.85
8536,7555,2025-11-09T15:01:20,1655.0
9767,3655,2024-05-20T17:01:55,457.99
6098,9340,2024-11-29T19:55:49,1102.83
4156,8207,2024-01-14T09:52:27,22.7
257,2976,2024-06-28T01:32:26,1443.96
8721,5636,2025-11-19T10:06:34,1525.37
2424,6915,2025-12-06T14:40:42,798.13
2803,3862,2024-05-03T04:37:12,1656.76
9311,2415,2025-07-16T15:59:57,914.09
5392,3285,2025-03-21T14:24:18,1954.58
195,7883,2024-06-09T15:40:20,782.01
2632,7438,2025-12-07T15:41:52,1855.38
8906,6273,2024-01-11T23:58:30,999.04
2377,5788,2025-02-17T21:08:44,906.7
9338,2667,2025-11-22T05:03:57,1410.54
3072,4325,2025-11-26T01:51:30,906.9
1135,1719,2024-03-13T06:08:32,1842.94
9782,9127,2025-06-10T20:13:46,515.15
9100,4412,2025-07-19T22:13:32,1664.33
2152,7622,2025-01-31T10:59:26,1696.04
9738,6593,2024-09-08T05:42:35,1246.86
848,3390,2024-06-20T20:50:53,37.36
104,2638,2025-04-27T11:14:51,151.16
7345,5249,2024-05-26T22:03:34,1393.05
9546,8124,2024-08-10T04:10:38,1754.03
7756,8048,2025-11-09T17:05:40,185.24
4486,3416,2024-01-01T15:43:06,404.81
8235,8124,2025-02-28T04:37:49,606.2
8868,9564,2025-05-31T21:59:59,1894.31
883,6427,2025-05-15T21:56:32,1133.88
3406,7554,2024-05-06T20:29:37,914.86
1318,1145,2025-11-02T13:52:12,950.82
6413,9154,2025-12-08T07:59:51,1438.94
7742,7989,2024-07-08T00:21:35,89.31
887,2218,2025-12-18T19:34:38,1370.44
3941,5153,2025-01-12T20:53:33,731.76
7779,9959,2025-03-11T03:11:33,7.44
5633,1395,2024-10-15T08:54:28,899.48
4057,4296,2024-06-24T03:33:36,1485.6
3101,4077,2024-08-31T04:08:16,860.44
815,6224,2025-07-22T04:28:27,1157.06
1639,1711,2024-10-14T16:20:09,1396.8
5547,7335,2024-12-04T00:35:26,895.1
151,8144,2025-07-04T12:42:55,8.37
9779,2507,2025-08-30T07:34:18,1614.49
6510,1499,2024-04-25T01:22:59,1737.52
3950,2462,2025-08-01T03:58:17,391.72
3907,7503,2024-04-26T23:45:40,1006.87
5764,4281,2025-05-24T14:38:15,33.35
3848,7909,2025-05-16T23:20:53,1365.85
6313,5811,2024-09-09T15:01:28,910.09
1968,3262,2024-06-06T03:20:09,621.45
1753,3745,2024-04-22T12:10:07,1282.96
6480,3558,2025-08-27T16:41:04,56.16
6213,9053,2025-11-13T02:29:21,1789.06
2714,2998,2025-06-13T04:34:57,791.37
3511,7849,2024-09-29T15:34:16,497.7
9125,2702,2024-05-12T16:30:23,1890.85
4336,7059,2024-12-13T06:16:25,956.23
2864,4154,2025-02-05T03:21:35,1646.57
1104,2262,2024-07-23T05:44:12,994.81
266,3068,2025-06-25T16:48:08,1277.55
5897,4268,2024-07-30T05:21:29,1259.55
134,7745,2024-09-15T00:23:09,1605.46
1201,9625,2024-01-16T11:29:04,958.59
4822,7800,2024-12-26T17:39:52,1713.0
1717,3101,2024-06-21T12:06:34,113.03
3596,7303,2025-11-13T17:33:47,1375.1
5373,1031,2024-12-13T23:07:21,1991.7
5127,7688,2025-03-01T19:17:29,752.76
400,5986,2024-01-29T21:41:03,1991.88
4127,2871,2024-12-18T10:45:18,47.47
8298,3288,2024-12-24T01:34:43,525.55
6149,4549,2025-12-18T06:34:06,34.79
8524,6967,2024-12-22T03:36:23,501.04
2488,4365,2025-12-15T15:52:16,1177.27
1698,9462,2024-10-01T06:11:29,1073.63
3295,4079,2025-05-27T19:32:58,11.24
9929,1794,2024-02-25T16:02:36,1743.34
2994,6477,2025-05-01T11:01:27,1681.81
7585,1514,2025-11-20T10:37:03,332.23
6823,5405,2025-12-17T10:41:08,1545.99
5480,7774,2025-08-08T04:39:00,1680.34
8017,7199,2024-11-21T15:52:25,1097.63
373,1803,2025-03-15T13:40:53,1821.68
3532,8910,2024-02-22T14:10:40,840.91
7365,8631,2024-02-20T00:42:48,530.67
2494,2623,2024-02-23T01:53:41,1640.08
3482,6426,2024-11-23T01:02:54,1802.49
689,7606,2025-08-16T07:19:19,735.05
828,7761,2025-03-12T19:38:02,1935.73
7311,6002,2025-09-06T22:29:25,1225.91
8967,7399,2025-04-17T15:43:07,339.46
7411,9745,2025-08-11T22:47:39,567.09
4598,7850,2025-05-22T06:44:43,1948.62
7028,6997,2025-06-17T03:20:19,1133.26
3053,8106,2025-02-13T06:37:34,1757.38
3682,9218,2024-05-05T02:08:02,1035.02
3424,9021,2025-09-18T15:48:28,195.6
7664,4641,2024-01-24T12:33:23,394.5
4220,2765,2025-04-23T22:48:31,1988.3
9330,3426,2024-04-20T22:27:19,366.06
8613,5438,2024-01-01T01:35:32,989.3
3562,7258,2025-06-18T11:24:02,1891.58
8559,8107,2024-10-16T01:43:54,29.65
4623,9751,2025-04-16T10:52:11,1430.95
2159,9931,2024-12-04T00:31:49,426.38
8765,8848,2025-04-13T21:51:55,429.34
3175,2582,2025-11-16T07:00:15,1594.86
2132,2082,2024-10-25T02:51:26,684.72
651,6286,2024-05-05T19:16:58,1869.8
3781,4156,2024-10-30T23:31:25,1234.45
3373,9351,2025-01-14T23:41:33,453.75
1675,3776,2024-06-28T22:39:35,1349.68
4495,2569,2025-08-15T16:23:52,778.21
4978,2071,2024-10-02T06:43:25,1909.69
2327,8454,2025-04-18T08:39:53,360.23
2840,5986,2025-06-28T07:40:47,1444.49
2092,2897,2025-02-09T17:12:51,13.2
5256,5618,2025-02-15T09:08:38,685.49
9438,3336,2024-12-15T03:13:56,457.67
7062,4177,2025-07-11T13:44:14,87.65
9579,8142,2024-03-20T20:54:11,191.35
9113,6190,2024-12-28T09:14:51,431.24
4785,8185,2024-12-13T01:11:11,801.36
9213,8725,2024-02-15T18:32:54,1383.81
8044,9277,2025-07-08T05:09:45,773.18
9313,6924,2025-05-22T12:26:52,813.16
3633,3344,2025-06-30T18:49:07,758.03
4946,2244,2025-06-24T07:35:47,401.25
3280,1118,2025-08-06T22:32:36,1332.32
6297,6625,2024-06-21T15:25:16,1061.83
408,8264,2024-06-17T18:12:01,892.17
1819,8746,2024-06-10T21:44:10,781.3
4371,4264,2024-05-25T18:30:17,1389.62
236,5425,2025-05-20T05:24:18,1233.75
6399,6326,2024-05-09T08:58:29,1308.37
5833,3601,2024-07-24T06:34:41,1183.75
5935,3606,2025-10-09T11:47:48,950.09
5957,9329,2024-02-09T10:12:03,1717.31
1830,7084,2024-04-30T09:15:33,1542.74
4226,9345,2025-07-16T02:53:05,172.16
3819,1483,2024-06-17T12:23:10,658.44
146,1626,2024-07-25T04:39:06,221.26
9038,7108,2025-07-25T23:16:02,142.6
6961,5716,2024-10-31T23:54:25,1915.0
2882,2929,2024-04-29T01:48:11,746.08
1727,6621,2025-04-21T04:42:53,735.02
3753,9226,2024-08-26T10:15:00,1639.01
1583,1305,2025-11-23T22:02:45,1699.93
5180,1514,2024-09-15T14:03:26,265.65
1265,3415,2025-06-10T06:09:56,244.96
3666,1530,2024-06-05T16:26:37,484.47
2379,8501,2025-11-17T14:33:45,179.18
5479,3698,2024-02-26T09:10:38,497.9
5516,6527,2024-06-08T19:09:23,370.24
920,5933,2024-07-27T21:00:46,540.47
4539,3065,2024-03-14T10:57:38,1454.94
5230,9013,2024-08-21T05:00:46,630.38
7196,4114,2025-04-23T10:06:50,1787.77
15,8527,2025-07-20T19:11:11,1074.78
6752,4760,2025-09-07T19:21:03,653.37
1283,1613,2025-01-02T10:13:41,348.54
4000,2753,2025-10-06T14:21:02,670.3
7645,6320,2024-09-06T12:08:27,346.08
1279,2654,2025-03-13T01:11:07,1572.56
3926,4909,2025-10-24T04:56:37,344.61
99,9565,2025-03-29T08:26:24,636.16
7755,6470,2025-05-01T17:15:16,1091.38
4293,7966,2024-12-09T06:34:26,800.37
9417,2953,2024-05-17T08:24:52,721.57
9301,9893,2024-12-28T09:01:23,1196.44
7986,5236,2025-08-22T13:19:51,627.55
1314,1813,2024-10-27T06:06:23,330.0
6215,4168,2024-03-20T11:43:04,525.89
4394,7181,2024-11-01T10:38:56,1548.97
4562,5375,2024-08-01T10:03:32,927.57
6216,7879,2025-12-23T19:22:18,347.38
7177,3490,2025-12-16T04:29:15,970.27
2737,7979,2024-12-03T04:19:15,190.43
3128,8778,2025-07-05T05:14:15,321.77
4844,1191,2024-09-07T12:26:21,1146.31
8202,5401,2024-11-04T18:19:20,993.43
289,4241,2025-04-30T11:55:32,853.15
5143,1578,2025-11-11T08:16:06,1354.0
2872,9172,2025-03-29T20:12:42,1274.74
375,5689,2025-12-02T07:55:36,1552.6
4882,7865,2024-05-03T20:13:59,785.04
8627,9337,2024-10-01T23:22:08,7.9
9629,8920,2025-05-26T14:04:01,1698.29
5612,4255,2025-01-13T10:28:07,1501.87
6696,4750,2024-09-26T12:59:11,1851.08
4321,2565,2024-04-27T22:38:37,1473.07
8549,7339,2025-02-11T08:10:27,373.12
2887,3999,2024-06-16T10:43:46,1639.15
6012,9448,2024-07-12T09:58:56,391.74
4389,1004,2025-01-04T07:17:28,650.06
7860,2965,2024-05-24T04:32:26,54.78
3876,2229,2024-08-24T08:22:42,531.14
4164,3406,2024-05-15T12:49:42,1743.12
3340,8836,2025-07-02T18:31:46,1264.0
933,4971,2025-08-30T09:03:31,655.14
4285,2860,2024-09-04T16:50:16,698.42
4546,2656,2025-07-16T04:48:00,766.92
1992,5043,2025-11-20T09:49:09,857.97
3162,1183,2025-06-05T11:39:24,1356.38
939,2133,2024-08-14T06:48:26,1638.84
5378,9922,2025-01-01T23:34:32,331.97
3201,2300,2025-04-26T09:16:47,124.55
6548,9670,2024-11-02T19:20:15,1979.45
2303,3949,2024-01-30T05:18:36,1435.81
314,9167,2025-08-10T13:07:20,1252.69
1697,6172,2024-06-27T14:12:30,827.79
7346,7355,2024-11-04T00:12:17,446.47
4407,9618,2024-10-07T09:22:01,393.8
805,3541,2024-09-25T20:53:06,554.92
8146,9684,2024-06-26T07:16:41,36.81
4103,4801,2024-07-03T23:48:52,188.52
7733,1338,2025-02-22T05:38:28,1510.32
4207,3431,2025-01-27T06:21:56,1154.14
6809,1276,2024-06-03T05:20:50,916.8
3978,5948,2025-12-15T17:39:42,1196.09
1219,9129,2024-03-21T20:45:19,285.58
4915,7911,2025-06-06T10:20:52,1631.49
1774,6328,2024-10-04T04:00:10,1729.16
6936,9315,2024-12-25T09:20:52,1883.1
8240,3814,2025-10-16T07:33:39,1192.07
787,8575,2024-02-14T20:17:29,1347.17
9574,2494,2024-01-29T00:47:52,1924.32
3421,7203,2024-06-21T14:35:05,1903.81
6180,3130,2024-11-15T17:38:22,1194.64
6270,9092,2024-06-01T08:34:04,1988.41
2331,1977,2025-06-21T15:44:22,564.81
7066,1941,2024-01-03T05:47:45,692.15
362,4804,2024-04-21T03:54:27,924.99
896,3292,2025-07-28T13:50:58,1582.04
7950,2564,2024-02-11T16:27:13,121.83
4857,5844,2024-04-03T10:08:22,256.97
6271,9718,2024-01-30T15:43:31,639.92
9682,7564,2024-03-29T23:12:36,1908.95
7767,3595,2024-01-22T21:11:00,1091.68
4139,4547,2025-04-04T00:16:02,1515.72
197,7232,2025-08-17T15:43:02,956.57
3461,2931,2025-10-22T19:38:01,583.68
5675,2086,2025-05-29T21:01:20,1551.06
1768,2702,2024-03-05T15:54:53,528.59
5619,8621,2025-07-07T17:14:16,746.28
9957,6953,2025-12-27T00:49:08,843.53
2508,2347,2024-02-01T12:59:54,659.59
7498,9714,2024-07-15T11:03:43,437.83
3774,5333,2024-07-26T20:35:45,618.26
7580,9744,2025-03-29T19:45:59,60.77
4880,3625,2025-09-30T19:24:58,1530.36
3441,2424,2025-10-28T08:48:55,1895.17
5343,3964,2025-10-06T08:37:34,1721.41
5470,9692,2025-03-30T19:52:08,22.67
2937,8612,2025-09-23T04:46:36,1922.42
6625,2038,2025-04-29T02:01:05,182.92
4104,4721,2024-01-08T19:20:20,829.07
8239,2692,2024-01-08T22:41:34,1132.26
8822,4564,2025-12-19T17:03:23,1961.98
8496,3461,2024-11-08T07:53:43,1059.74
9068,3017,2024-12-23T01:03:02,1201.57
2576,4700,2024-11-08T06:19:58,1251.02
449,6400,2025-03-12T04:43:46,1341.68
1261,8779,2025-12-28T07:02:32,1147.57
8563,5047,2025-09-23T13:15:14,195.81
341,3068,2024-01-29T18:05:44,1007.07
2562,1322,2024-05-11T20:54:52,1079.14
600,8159,2024-10-12T20:22:28,1779.53
9928,3165,2025-10-06T18:16:10,895.58
3754,9177,2024-04-06T21:25:18,1299.58
7,4257,2024-01-21T14:39:58,1433.46
6383,9371,2024-03-11T02:05:05,1634.25
76,6559,2025-07-19T14:53:06,1602.18
7007,1106,2025-04-23T16:02:11,566.77
2589,9728,2025-05-10T11:48:33,1618.82
1946,5792,2024-01-15T19:38:44,1735.48
9234,8397,2024-11-14T10:55:01,1979.2
5867,4977,2025-10-28T12:23:47,982.38
2988,1415,2024-03-04T13:01:42,1980.58
5384,9102,2025-06-06T11:15:10,1353.04
8798,9294,2024-11-17T16:38:28,1401.19
5486,4681,2025-04-16T00:47:45,1498.47
5500,9022,2024-03-11T16:08:00,1950.58
610,6759,2024-12-10T19:03:07,897.02
6981,5305,2025-01-05T21:15:26,92.96
6926,5533,2024-12-11T02:58:36,1410.85
1099,9474,2025-02-10T05:31:35,1567.06
3363,6825,2024-03-15T14:27:34,1948.45
6103,2897,2024-02-01T08:01:35,487.99
986,2931,2024-08-31T06:12:19,480.95
3528,1717,2024-04-29T08:39:37,260.02
9915,4998,2025-02-08T11:21:15,1123.12
6881,7113,2025-09-09T08:54:56,17.46
9818,6658,2025-09-04T10:07:37,1335.57
2016,3619,2025-02-01T10:09:14,760.46
3356,3253,2024-05-07T03:29:09,886.56
2275,9791,2025-06-10T16:17:12,302.16
8313,5504,2024-12-02T13:07:46,119.37
9710,5006,2025-06-07T18:40:04,21.69
7808,8780,2024-08-08T13:29:07,901.77
4219,6515,2025-11-28T18:31:49,1185.0
7711,8403,2025-05-11T13:22:25,1797.93
1890,4519,2024-06-21T08:16:04,1712.16
7723,9055,2025-04-18T14:38:58,1669.41
3541,7393,2024-10-25T09:04:58,804.69
7826,2233,2025-05-14T14:59:05,123.7
994,6882,2025-11-03T06:30:13,1903.92
4065,4399,2025-10-08T13:06:53,1142.89
2933,9199,2025-05-08T20:09:08,410.9
9123,2063,2025-12-29T19:31:44,504.09
6197,9409,2024-07-03T20:08:16,1959.19
4074,7396,2024-07-14T06:05:50,1408.03
5669,5075,2024-06-19T01:34:17,931.37
2730,6080,2025-12-16T21:43:47,1807.95
902,8381,2025-08-31T14:23:45,983.75
3854,7272,2025-04-04T04:13:40,476.66
5841,5477,2025-11-10T16:32:17,1155.5
7814,9928,2024-05-24T16:41:30,259.79
561,9224,2024-11-03T22:26:15,751.05
6244,4853,2024-07-27T13:31:43,862.77
2081,4541,2024-08-23T01:24:28,1052.58
9773,5287,2024-04-15T17:06:57,1572.07
8130,9155,2024-10-16T00:44:42,1015.85
5641,7191,2024-04-29T02:16:42,663.65
5974,2328,2024-05-08T02:24:17,169.85
9990,9868,2024-08-04T03:57:41,443.68
6087,1759,2025-09-06T04:18:40,1041.08
5862,3019,2025-07-16T14:11:43,1738.26
2862,3293,2025-06-02T00:20:02,1430.13
175,2746,2025-10-30T07:46:28,1557.95
2829,7706,2024-11-17T02:30:36,1796.64
6003,1278,2025-09-02T21:51:19,1545.87
6737,3525,2024-05-30T08:00:59,1869.64
7216,8251,2024-09-08T21:36:39,1508.73
6918,8336,2024-11-29T10:06:55,391.54
9509,4530,2025-03-29T20:16:04,518.51
4804,3096,2024-01-08T04:52:44,1039.65
618,6933,2024-10-11T12:51:27,768.79
4235,6219,2024-10-25T07:32:30,1515.81
9472,5024,2024-09-18T11:38:56,1141.75
3984,8555,2025-05-03T00:42:42,1093.93
292,1977,2024-02-25T11:10:33,336.02
6658,7244,2025-01-28T14:00:17,1136.61
8532,5191,2024-11-26T00:58:34,1004.96
4184,6636,2025-07-07T16:18:18,1880.18
1906,1187,2024-06-25T02:19:25,1269.6
8155,8351,2024-02-05T11:47:01,836.16
7640,3345,2025-08-27T21:54:06,1268.45
718,4397,2025-02-06T20:57:21,1123.97
7012,7938,2025-04-05T22:08:00,626.81
3050,2818,2025-09-03T14:27:44,680.07
6661,1807,2025-09-16T03:48:13,225.74
3042,6896,2024-05-30T23:56:34,92.59
1281,7732,2025-11-12T21:07:19,531.95
5085,4447,2024-05-26T18:38:43,1451.2
9088,7175,2025-09-20T08:55:34,1628.04
9150,3238,2025-10-24T10:50:45,559.36
584,6850,2024-01-13T14:46:37,1578.1
2504,7677,2024-06-25T17:55:04,230.13
9103,8882,2024-11-06T04:03:15,285.66
8056,6812,2024-04-30T20:22:19,1369.07
2451,8799,2025-05-02T18:41:41,1948.65
5531,5397,2025-02-19T17:16:23,259.21
9624,3399,2024-03-05T10:11:30,151.0
6700,8404,2025-09-11T23:22:31,859.22
7399,2664,2025-08-25T21:11:28,1664.24
1248,6052,2024-03-30T17:14:32,1570.83
9156,4403,2024-03-29T10:43:26,515.77
2240,5230,2024-02-16T15:34:27,1911.43
429,1710,2025-04-22T18:25:21,1455.85
5721,2082,2024-09-25T00:51:45,102.58
7302,4381,2024-11-17T04:40:24,856.0
2186,8687,2025-12-04T18:05:27,1150.06
4815,6432,2024-01-21T01:30:24,61.85
6587,7861,2024-02-06T08:49:53,951.24
444,5176,2024-08-30T17:51:41,751.73
4085,2021,2025-05-30T05:28:53,475.06
7477,2845,2025-11-17T04:26:11,1423.9
9697,4770,2024-02-09T06:44:13,103.49
2657,4677,2025-10-10T07:32:42,46.37
2921,3334,2024-09-05T14:00:19,828.58
2996,1891,2024-09-21T17:00:32,1644.16
736,9700,2025-06-04T06:36:36,455.21
5806,6194,2025-05-10T14:40:43,495.84
3994,9900,2025-04-27T06:13:25,1800.33
233,9031,2024-11-22T06:27:44,215.55
7114,9710,2024-10-10T05:57:03,475.52
786,7806,2025-02-02T15:37:59,916.31
2676,8506,2025-06-15T11:39:46,176.05
7785,4766,2025-02-14T18:49:27,1186.0
6730,5148,2025-11-13T11:13:20,727.25
7139,8318,2025-10-17T17:45:53,367.54
9095,8187,2025-01-12T11:05:33,754.38
395,8724,2024-06-30T14:45:22,54.92
3275,2307,2024-05-09T00:48:56,589.79
595,9444,2024-08-28T20:14:00,799.46
7686,4439,2024-06-23T08:40:59,1628.2
368,5949,2024-12-20T20:02:12,402.44
2842,9647,2024-08-05T07:29:27,1222.75
1886,8331,2024-12-17T09:24:43,1919.85
7324,8299,2025-11-25T13:23:54,262.53
9373,5883,2024-02-07T22:25:25,721.78
9302,5520,2025-04-21T13:59:33,1043.59
9513,7082,2025-05-25T02:34:48,1802.56
6709,7361,2025-05-11T15:36:47,1986.78
9879,3878,2024-04-22T10:23:11,1571.94
1564,2198,2025-03-02T22:29:27,584.85
3067,8606,2025-02-07T00:51:17,362.1
8703,6977,2024-04-21T04:44:25,274.83
9725,7496,2025-07-20T00:08:01,1758.8
5190,8370,2025-12-10T10:12:54,1837.96
178,5082,2025-03-08T22:47:49,1835.35
2077,6050,2025-11-02T13:11:40,1412.01
3897,9412,2025-11-05T02:03:37,410.03
6211,4058,2024-05-12T06:57:40,154.98
8831,3159,2024-04-09T01:52:18,1491.88
1250,2493,2024-07-24T20:02:24,1285.52
7682,7250,2024-08-04T20:58:10,995.65
8069,2834,2024-12-29T11:11:16,1891.26
832,7079,2025-10-19T23:42:39,189.47
2542,7165,2024-09-01T07:48:30,887.9
3467,8542,2024-01-05T13:49:05,660.46
1885,5162,2025-12-20T08:37:47,723.22
1482,6281,2025-06-23T06:54:47,1422.15
414,1349,2024-06-13T17:56:20,105.9
1706,4847,2024-06-04T02:03:14,1472.18
9001,1536,2025-12-03T23:41:45,718.17
6868,6606,2024-06-19T12:50:40,822.97
5154,7712,2025-02-17T10:53:15,320.77
7203,1802,2025-12-05T19:07:29,1104.7
2789,1340,2024-12-04T19:55:00,326.86
2272,1606,2024-01-13T18:03:32,681.87
1905,2974,2025-11-05T01:32:39,1740.22
9491,6659,2024-09-02T09:13:31,445.11
162,5978,2024-01-01T07:34:02,577.39
2018,6491,2025-12-09T13:37:27,1133.16
1814,1206,2025-10-05T07:44:14,248.31
8753,6280,2024-05-31T07:29:22,1428.4
4186,7243,2024-04-26T13:35:41,1526.41
6767,6251,2025-06-17T00:26:54,485.64
9300,2065,2025-07-13T18:08:57,1868.8
9194,8779,2024-09-20T02:50:47,168.18
9410,3290,2025-12-09T02:21:29,1212.18
1624,8891,2025-01-01T03:47:01,345.28
3742,8514,2025-11-27T07:59:31,1867.97
2740,3540,2025-07-08T07:07:46,1861.68
1823,5895,2025-01-08T18:46:11,401.45
9283,5826,2024-10-22T14:14:04,1721.07
4571,4451,2025-01-22T13:33:41,1066.82
9870,7861,2025-06-30T17:37:29,884.22
8291,6797,2024-02-18T18:34:34,1383.71
1430,9598,2025-11-05T10:53:12,1536.22
9116,9119,2024-12-08T09:20:09,1303.01
5644,4216,2025-08-14T22:44:13,190.91
8100,2191,2024-10-28T16:12:40,13.8
1501,7025,2025-12-08T23:20:15,1511.44
7088,5701,2025-03-27T10:36:19,1558.71
4833,4024,2024-07-13T16:50:26,1461.41
5504,9413,2025-04-06T17:02:58,459.55
9963,9208,2025-06-08T20:30:48,1003.45
6057,7378,2024-09-11T07:56:37,195.14
1737,3893,2024-01-08T13:36:34,845.93
6994,8526,2024-03-23T03:39:21,1076.79
7637,7461,2024-07-12T12:14:51,259.81
2271,8361,2025-09-22T12:38:25,1933.32
158,3085,2024-08-17T15:24:44,387.72
9776,8392,2025-09-17T04:59:10,730.14
9943,9360,2024-12-27T20:11:49,1187.06
4707,3587,2025-10-24T01:05:29,1222.2
9322,2681,2025-09-19T14:42:33,1754.51
1894,7014,2024-07-24T19:44:15,1779.8
7430,4609,2024-07-13T00:06:45,1117.32
1610,9430,2024-02-29T21:01:43,1288.74
5096,1929,2024-09-03T15:37:38,227.17
1841,5828,2024-12-05T19:35:28,1087.75
4677,9561,2024-04-12T22:53:28,609.01
2193,1447,2025-04-29T22:06:45,577.2
7261,9572,2025-03-15T22:21:44,951.76
6648,3383,2024-12-24T15:10:44,198.31
2980,1849,2024-11-27T17:59:27,1708.45
3629,3283,2025-10-21T16:38:32,592.92
3547,2951,2024-07-27T13:28:33,346.36
6019,3138,2024-11-22T01:38:01,739.67
502,9095,2025-08-23T06:55:57,930.59
6144,3412,2025-03-02T14:48:10,815.43
5779,2364,2024-08-04T03:53:54,715.74
5932,4345,2025-07-16T09:29:31,736.45
1177,1999,2025-01-07T01:47:01,180.0
4905,5116,2025-06-02T01:22:48,1966.26
4037,5963,2025-08-15T08:02:08,1847.34
5073,7524,2025-07-09T09:00:06,573.19
9320,3949,2024-11-22T23:37:23,525.05
7499,5610,2024-03-28T14:08:45,1466.81
2037,3906,2025-04-19T15:32:19,1932.76
5254,6089,2024-09-19T23:35:53,1369.69
1443,8341,2025-09-14T08:35:34,180.6
2328,3234,2024-10-17T02:15:59,918.19
9387,7517,2025-10-21T08:15:40,595.04
431,1510,2025-05-14T16:44:22,126.35
5396,1687,2025-02-26T12:50:03,1041.54
2129,8552,2025-02-17T19:05:49,804.63
2606,1326,2025-01-12T08:45:02,115.38
2662,2459,2024-04-25T22:14:38,1916.28
5781,4101,2025-09-18T12:08:57,1092.88
6042,4912,2024-08-14T07:38:49,413.26
8115,7359,2025-08-16T03:28:48,1398.08
2044,9595,2024-11-17T09:00:23,423.64
4005,9115,2025-03-12T13:21:26,277.12
8533,9729,2024-03-02T11:38:03,1631.23
3700,1648,2025-01-14T05:48:26,730.13
1194,6210,2025-04-05T05:21:51,1613.39
8206,2317,2025-09-18T05:05:38,803.12
2554,6715,2024-10-11T14:22:45,1620.06
5284,5627,2025-01-26T13:39:01,500.21
6888,2324,2024-11-27T23:22:55,1496.33
7084,1664,2025-08-07T23:36:05,769.41
554,2680,2025-03-06T17:23:19,1424.24
3331,3069,2025-09-11T10:48:56,1041.9
3714,2775,2025-07-22T09:19:58,1835.33
9359,6641,2024-06-21T10:37:21,997.96
9362,2890,2025-08-23T11:47:40,1336.93
7554,3468,2025-09-30T09:29:15,1404.48
8604,2017,2024-09-28T13:14:14,455.38
5212,4102,2025-02-24T23:34:59,1401.43
5761,5711,2025-03-05T00:43:22,1560.45
9466,9467,2024-10-21T00:41:53,1442.32
4708,6335,2024-05-02T01:09:54,1913.63
8784,1148,2025-04-17T07:57:10,1600.39
9365,4924,2025-12-13T19:23:50,1644.93
4958,8191,2025-01-10T08:52:01,831.98
1174,3435,2024-12-12T10:15:20,74.13
1662,1852,2025-09-14T00:59:44,325.67
5896,5115,2024-11-25T23:45:12,1393.57
350,8994,2024-09-02T22:59:30,1745.4
87,8454,2025-09-01T00:08:07,574.07
2658,4747,2024-01-18T20:11:36,1814.16
3299,8938,2024-06-30T09:50:55,803.33
1936,9814,2025-07-28T18:50:30,427.69
6385,4950,2025-05-25T20:00:14,1460.46
5969,5527,2025-06-13T05:04:42,1985.54
3810,8387,2025-05-07T02:15:41,1618.06
2468,3671,2025-12-16T06:57:27,209.32
6077,3583,2025-07-15T12:50:25,1883.49
1340,8794,2025-05-10T19:01:39,1813.52
6301,9022,2024-01-20T22:19:24,1040.28
3534,5491,2024-05-09T15:53:46,1394.93
1362,8406,2024-01-04T15:51:57,550.69
7762,2659,2024-03-30T20:37:15,762.76
6469,2081,2025-10-14T04:08:13,1621.88
163,6279,2024-11-29T21:41:45,932.65
4876,5915,2025-12-29T16:15:33,5.71
7071,1375,2025-06-15T02:42:48,1305.26
9593,9342,2024-07-11T05:05:02,330.37
2892,7181,2025-08-29T21:24:27,953.08
676,2586,2024-04-19T10:08:58,105.96
6532,1310,2025-01-03T22:42:18,69.01
7515,5426,2024-05-19T09:23:05,492.32
7484,1015,2025-10-12T06:00:39,89.95
7614,5843,2024-07-29T18:57:06,609.52
5682,4852,2025-10-21T18:53:48,576.5
3404,2218,2024-11-23T18:55:48,1101.95
7889,5678,2025-08-11T07:51:18,1466.35
3419,4698,2025-09-11T21:36:47,550.93
5051,4630,2025-11-24T02:43:22,1426.26
7844,1575,2024-04-27T15:09:57,68.44
9028,4412,2025-01-28T01:07:07,1737.87
7519,3800,2025-04-23T10:02:12,1321.67
6240,3854,2025-02-10T02:23:47,150.14
6504,7759,2024-01-21T16:42:23,1109.92
6833,2938,2025-03-15T10:23:42,947.59
1986,4707,2024-05-30T02:37:27,69.3
5222,6639,2025-01-18T15:23:34,1805.87
4414,1498,2024-02-14T10:47:18,1727.05
4713,6166,2025-10-06T01:59:29,902.17
1294,5414,2024-09-06T05:25:08,1458.95
1341,6873,2025-06-05T20:32:10,1017.09
2509,7304,2024-03-30T21:13:32,570.8
6563,3286,2024-11-30T14:27:06,57.48
3674,9250,2025-11-27T08:10:46,206.5
2236,5528,2025-12-17T16:17:19,1539.87
6038,8629,2024-04-14T06:40:23,1222.14
4322,7408,2025-09-07T15:30:28,392.6
5004,1997,2024-01-16T20:17:51,1964.11
8168,6482,2025-06-22T23:38:17,1561.44
1782,2467,2025-09-17T00:50:24,886.51
1825,2850,2024-06-18T03:52:01,475.75
8623,9818,2024-05-09T07:00:54,1188.21
5001,6754,2024-06-25T00:52:46,1971.34
9412,2485,2025-06-20T01:29:16,888.03
2179,5578,2025-08-05T23:51:59,932.55
9560,1585,2025-08-11T05:41:38,575.25
539,3147,2024-09-18T13:44:34,1196.51
8383,3994,2025-06-25T15:14:00,87.15
95,2113,2024-02-23T05:19:48,1352.05
7200,3116,2024-06-24T03:39:32,457.14
105,9288,2024-06-14T13:29:03,534.07
6455,4507,2025-04-28T21:04:38,78.86
9249,2165,2024-02-18T05:11:12,1730.63
3450,1227,2024-11-10T22:32:08,1234.49
2690,8093,2025-02-15T23:48:58,287.88
7097,2924,2025-10-09T19:19:17,181.48
4026,8488,2024-08-08T03:22:23,244.65
8441,4362,2025-08-06T15:40:05,1147.42
7915,1297,2024-01-17T00:24:24,1099.34
8548,5203,2024-02-09T05:20:44,376.06
3245,7032,2025-01-14T12:34:16,1394.43
1494,4675,2024-03-20T14:21:56,1486.11
6715,1223,2025-09-02T04:31:25,1862.32
1511,5934,2025-08-23T22:05:07,983.65
9649,6481,2024-03-29T13:26:35,988.22
7667,9538,2024-07-05T03:19:25,1837.3
9972,4562,2024-04-18T13:52:18,1376.34
5823,9993,2024-03-02T21:01:42,1870.74
891,3362,2025-03-31T23:08:46,1505.75
1981,1427,2024-06-28T08:31:07,721.73
8897,8792,2025-10-01T18:22:05,1194.77
1215,1029,2025-07-20T02:23:37,1897.83
2721,5635,2024-02-07T19:30:10,649.73
7769,5085,2024-09-23T12:08:06,593.5
822,7244,2024-09-24T12:21:27,1572.68
481,3878,2024-11-30T11:59:28,262.73
5158,1645,2024-03-16T09:29:45,275.52
8420,3735,2025-06-24T10:14:28,1155.85
7999,8517,2024-04-08T00:51:59,1338.02
7967,2756,2024-09-14T21:13:07,1100.16
693,5582,2025-08-16T17:31:31,1651.5
6230,3400,2025-02-06T13:23:25,1720.9
4878,2094,2025-07-23T16:41:40,123.15
435,3430,2024-09-07T04:35:58,136.04
1892,3534,2025-02-01T02:47:28,193.1
8303,6264,2025-06-08T14:28:40,1402.32
6406,6449,2024-01-16T04:37:50,525.77
3380,1323,2025-09-23T08:57:23,790.62
9965,6806,2024-07-05T19:34:27,804.58
7830,8776,2024-01-22T20:57:51,306.29
9894,3409,2024-11-12T21:40:32,1368.22
4866,6941,2025-02-18T02:45:10,1081.22
2144,3444,2025-05-28T07:43:19,908.68
2999,8314,2025-04-30T17:20:44,1159.97
8709,1811,2024-02-02T08:35:57,1248.45
1134,3332,2024-02-16T12:31:30,1424.75
6827,4314,2025-03-01T19:50:12,591.93
9681,3346,2025-10-01T22:38:14,993.54
9822,2801,2024-09-29T18:10:24,711.92
5690,5774,2024-04-13T16:18:32,1967.48
8509,3186,2025-02-15T23:04:12,1682.14
3322,8159,2025-09-01T18:59:13,1617.85
1375,5885,2024-02-05T12:15:06,1897.18
7201,2427,2024-11-27T12:31:44,1017.02
2360,9887,2025-06-26T04:41:16,1152.58
1045,3604,2024-08-22T11:10:51,1749.47
3402,4539,2025-04-12T16:47:05,1185.61
3915,4597,2024-03-27T06:44:00,234.8
1869,5979,2024-02-24T16:07:47,160.48
3957,9520,2025-03-26T02:58:36,1405.16
2903,2395,2024-04-06T03:27:23,388.89
8560,5047,2024-04-04T07:23:47,513.34
9602,9444,2025-09-04T14:18:18,685.24
540,3658,2024-04-29T19:28:47,365.79
9496,5808,2025-02-01T03:29:45,1179.42
78,8350,2025-02-20T13:05:27,284.66
2352,5994,2025-06-03T15:43:39,327.8
4650,5250,2024-01-10T08:56:23,731.5
409,6942,2024-07-02T09:27:30,203.21
5907,2681,2024-02-26T09:26:09,1363.52
251,2524,2024-01-14T09:26:15,592.0
5133,7296,2024-05-01T17:27:37,1874.56
415,4990,2024-09-16T01:03:40,1977.7
3431,5244,2024-04-09T02:07:05,23.95
7080,2941,2024-06-06T16:38:33,842.5
4762,3976,2024-02-26T17:17:57,1297.44
3858,1606,2024-11-08T20:56:14,1792.18
2401,1674,2024-03-31T19:29:49,1987.58
1027,5402,2025-03-24T11:59:31,1257.49
2432,3286,2024-11-17T17:07:54,1671.85
5249,2096,2024-03-23T08:11:51,1906.14
154,6409,2024-02-24T08:24:22,1248.2
9392,5104,2024-04-19T09:25:18,352.35
8675,8868,2024-08-18T02:47:46,1454.19
2214,5731,2024-01-10T05:08:35,1854.81
1855,2577,2024-03-26T19:12:02,1048.79
6604,4672,2024-08-08T16:20:00,669.95
9027,4582,2025-01-07T15:29:00,1517.97
385,5465,2025-12-10T12:37:53,1661.79
4681,2196,2025-05-07T08:51:31,396.87
5025,2072,2025-06-03T09:33:58,680.0
1284,3356,2024-11-08T23:58:44,1238.4
6840,3174,2024-03-08T13:20:25,866.07
353,2480,2025-08-03T00:44:02,870.77
5306,6850,2024-10-06T20:47:39,679.63
8118,2486,2025-03-03T03:49:21,191.48
9563,7646,2024-09-27T17:50:00,773.0
4248,9001,2024-01-06T04:14:47,1665.85
7327,9496,2024-08-22T01:43:52,698.76
7931,7365,2024-07-19T09:42:54,493.66
2519,7563,2024-11-02T15:49:08,1391.6
6975,2157,2024-10-28T07:23:48,71.35
5825,5874,2025-03-05T00:51:44,205.37
6166,1417,2025-10-01T11:53:10,100.59
3327,7229,2024-08-31T09:40:58,1155.95
7485,3910,2024-10-28T13:49:26,1142.18
2766,2833,2024-05-28T04:48:31,1632.86
904,7227,2025-06-11T22:25:49,175.96
3904,9698,2025-05-29T02:26:24,908.02
2965,6862,2025-06-12T14:27:09,387.07
9796,9102,2025-10-08T07:56:03,435.59
7103,9408,2025-10-22T07:57:04,1274.28
4945,3914,2025-02-22T01:47:18,798.95
1350,5817,2025-03-30T19:49:44,930.2
4059,2409,2024-05-29T08:39:13,1166.31
4251,3067,2025-02-08T14:09:57,1662.92
3789,5263,2025-05-02T06:03:43,1675.49
7347,4650,2024-02-26T07:06:22,1869.42
5101,7245,2024-01-05T14:00:50,11.82
2493,4962,2025-01-23T20:30:06,1012.29
7045,3662,2025-01-05T07:40:31,7.43
2807,8968,2024-06-23T01:26:43,519.36
7237,9334,2024-02-14T12:44:40,1570.17
5159,8746,2024-10-22T21:24:24,761.84
1619,1916,2024-04-24T01:45:50,336.85
2505,3025,2024-09-01T02:36:32,934.47
5205,2301,2025-07-10T21:27:38,776.87
1567,3100,2024-10-04T09:32:29,1344.23
2434,8776,2024-08-23T12:38:17,1976.82
7989,7864,2024-12-07T14:34:41,1975.21
6157,1664,2024-07-30T04:36:37,1710.0
9626,3307,2024-08-04T10:33:46,390.96
1408,5327,2024-08-17T22:15:12,931.23
9372,8043,2025-04-13T03:56:26,1135.05
3778,9502,2025-10-15T01:04:54,1640.97
6467,4172,2024-01-14T07:02:41,1402.75
7870,2521,2024-04-22T00:32:35,1297.65
3558,1170,2025-05-01T04:39:09,1648.74
8283,5126,2024-11-05T15:13:19,769.27
6224,1375,2024-12-15T05:57:28,988.19
8804,3776,2024-08-31T06:19:15,1249.69
8022,5528,2024-11-06T10:22:40,1603.05
5961,9993,2024-09-14T22:20:33,276.68
3849,6206,2024-12-04T00:49:11,1627.72
8092,8735,2025-06-01T14:15:25,44.75
4712,6467,2024-08-25T20:35:07,1454.79
8921,6058,2024-03-29T07:07:34,138.05
2461,3738,2025-04-10T01:44:30,1089.71
1457,9067,2024-05-07T12:04:40,285.2
575,9443,2024-01-13T18:22:37,1152.22
5678,1501,2025-01-02T12:36:18,670.9
1948,9331,2024-10-22T16:47:05,1953.34
4469,3666,2024-08-25T21:23:29,936.35
4237,4451,2025-07-24T14:24:59,863.92
654,4216,2024-07-13T15:37:17,1271.94
4926,5532,2024-07-12T04:07:27,894.78
8586,9932,2025-12-29T07:51:25,1842.83
9731,4190,2025-06-18T05:16:15,897.85
3158,5573,2025-09-29T05:51:43,1683.92
1299,2075,2024-05-03T11:27:40,625.69
8651,4878,2025-07-15T02:02:39,688.38
4775,1646,2025-10-18T02:19:04,1560.03
7530,7594,2025-08-05T13:48:22,358.18
6773,1998,2025-11-18T05:51:10,615.62
3832,6782,2025-03-16T12:17:37,751.05
6642,8701,2024-02-19T01:45:10,1512.43
9275,8601,2024-08-23T16:48:47,1339.67
2450,8144,2025-03-15T07:04:28,1737.35
1504,2220,2025-06-14T05:41:00,378.02
7702,7077,2025-11-12T01:30:51,1648.65
6486,1366,2025-10-31T12:10:44,827.62
907,7225,2024-04-29T18:53:13,1424.8
7039,3532,2024-10-18T14:39:58,1019.5
5702,9435,2025-08-25T19:05:22,196.76
7786,4463,2025-09-08T21:50:09,1853.5
3765,9924,2025-08-05T11:57:48,203.91
6804,7899,2024-08-02T15:47:26,1567.16
2739,4673,2025-06-09T09:45:22,1296.98
3823,5822,2025-03-04T08:39:04,936.75
9024,8000,2024-11-24T18:06:32,1907.79
7406,8686,2025-06-10T08:05:33,1259.7
7687,5209,2024-04-16T01:30:30,1777.87
1351,8709,2024-04-01T11:36:20,112.09
4928,5311,2025-05-08T01:39:58,1538.38
2314,6477,2024-07-14T06:05:45,1235.55
8964,6779,2024-02-21T12:05:15,1168.46
9899,3314,2024-11-27T22:34:52,1372.19
5292,8470,2024-07-31T11:22:47,555.52
4951,6305,2024-03-04T20:32:07,1998.88
6571,2371,2025-09-12T17:54:13,474.25
1729,7099,2025-06-28T06:13:48,733.33
6901,6646,2024-11-16T02:34:01,267.35
3518,3134,2024-01-11T14:40:13,665.77
634,5914,2024-08-13T12:44:42,1703.47
1024,5090,2024-04-13T01:32:12,296.76
6641,7822,2025-09-03T19:45:15,807.12
2644,9973,2025-09-23T19:23:52,1476.88
7492,3118,2025-07-16T12:26:53,439.33
3048,2657,2025-12-08T07:43:36,46.88
8260,7991,2024-05-06T18:28:50,268.86
5175,9021,2024-01-19T05:02:03,640.54
4388,3400,2024-03-11T22:40:07,290.95
9781,7020,2025-05-30T05:39:09,1803.08
8433,3998,2024-04-15T08:30:00,1471.12
7451,8768,2025-01-21T19:32:40,641.22
4862,4634,2025-10-14T10:58:25,1552.94
9557,1983,2025-11-25T20:07:16,1084.08
4142,7358,2025-03-05T18:09:02,1905.18
2790,4149,2025-07-18T01:31:10,941.13
4797,2069,2024-08-28T18:28:41,871.13
9814,4213,2025-08-11T21:05:41,1136.45
6177,7401,2024-08-06T15:33:29,328.81
1620,3949,2025-12-17T11:39:21,1035.7
6972,6670,2024-10-05T23:29:30,1521.13
9489,2042,2024-10-13T10:56:05,1611.94
4714,7447,2024-11-26T08:07:39,1526.58
2201,4869,2025-06-28T07:23:25,972.41
6811,7063,2024-01-03T17:23:58,1635.65
8538,6771,2024-04-02T07:38:40,1749.19
6896,6116,2025-03-21T20:10:55,1125.74
8443,9438,2024-05-11T09:22:12,1388.73
4630,2831,2025-08-11T17:02:00,1445.38
1224,6742,2024-02-22T15:47:10,517.03
5776,8393,2024-03-29T01:23:02,678.37
1859,1521,2024-03-17T16:54:01,1144.17
1952,1352,2025-03-11T11:58:23,84.31
1035,9756,2025-09-10T00:30:41,798.44
2891,8411,2025-03-15T10:36:17,1801.07
5906,9765,2024-11-16T06:56:42,1991.93
5930,4696,2024-12-15T02:40:20,1239.2
4504,7523,2025-08-06T20:24:50,1829.6
1268,1699,2024-04-08T00:16:39,849.63
4607,4162,2025-11-01T15:39:21,1701.37
6950,6525,2024-03-27T05:04:27,433.12
977,9796,2025-09-12T23:48:14,377.98
379,1645,2025-12-02T16:39:56,621.32
1071,1439,2025-06-20T07:24:25,1696.54
4682,8240,2024-03-31T09:58:20,171.36
9925,3395,2025-07-16T00:54:26,483.99
2871,7468,2025-02-07T01:50:09,1744.67
1058,2678,2025-09-18T00:07:27,210.89
5058,7585,2025-10-12T17:29:14,94.29
227,4978,2025-06-20T09:59:08,208.29
7961,6873,2025-09-05T08:29:24,1276.16
9501,3123,2024-11-17T00:01:04,1941.54
3960,9174,2024-01-07T11:22:24,1854.83
6939,7374,2024-12-11T18:51:13,112.7
4992,3938,2024-07-12T05:57:33,1672.3
4067,3258,2025-04-25T09:16:53,1604.18
3542,4390,2024-07-29T21:01:06,372.21
4633,5333,2024-06-12T04:16:04,198.77
9985,5100,2024-01-22T03:17:23,779.65
5918,1104,2025-05-25T12:54:16,1852.83
363,8529,2024-07-16T06:28:50,514.38
2990,5095,2025-12-13T06:01:47,397.77
9413,8952,2024-03-18T01:23:07,594.5
58,3705,2025-01-04T03:54:20,533.79
3771,8601,2024-09-29T07:54:45,828.8
9348,9854,2024-04-09T03:06:59,39.3
9886,2393,2024-05-30T17:57:36,1045.07
8783,9606,2025-04-14T15:29:31,302.95
5765,2305,2024-11-29T14:28:09,660.91
4098,7342,2024-02-10T11:58:04,1532.53
2804,9248,2025-11-25T17:53:44,68.78
4355,2862,2024-12-05T21:28:43,82.93
5437,5501,2024-12-25T18:18:02,1395.78
8679,2040,2025-08-06T02:20:32,582.1
2195,5552,2025-10-23T08:05:23,507.84
619,1530,2025-03-16T14:12:23,1212.16
3977,2607,2025-12-03T06:49:00,1786.6
7746,1999,2024-09-11T13:31:17,1759.24
1103,5456,2024-11-29T11:11:24,1050.09
1877,3955,2024-05-09T13:33:03,1102.18
1258,4727,2025-08-10T13:22:42,1109.44
4870,3491,2025-08-06T09:35:48,1083.94
3649,8443,2025-06-12T02:19:14,1110.54
9165,5889,2024-11-06T11:27:59,1546.17
2127,2752,2024-11-11T02:32:05,655.11
8445,1394,2024-11-06T12:54:15,1485.07
721,6608,2025-02-18T02:12:31,1094.82
6518,7563,2024-06-03T22:50:51,354.09
402,3222,2025-02-21T12:35:42,780.35
3492,6605,2025-10-06T13:15:35,862.18
7992,4876,2024-09-15T13:38:12,18.65
5278,5468,2025-08-31T16:56:01,1913.55
5794,7345,2024-12-21T15:00:07,647.82
4382,3921,2024-08-05T11:18:31,529.56
3260,2456,2025-08-07T10:54:46,223.0
1771,5655,2024-07-11T03:48:19,889.11
4550,2298,2024-07-18T12:10:48,1674.52
5643,5376,2025-05-08T09:04:25,292.18
9474,2198,2025-06-30T01:35:49,418.32
7390,4850,2024-05-12T12:43:25,62.94
1162,4641,2024-02-17T21:35:48,265.78
4043,7615,2025-10-06T14:12:04,139.8
4159,2303,2025-03-26T03:58:25,556.51
8989,8440,2025-04-16T20:05:51,1843.03
8381,9100,2024-03-08T05:16:19,1241.35
110,9666,2025-09-18T21:26:00,20.61
7893,4504,2024-04-08T13:37:09,929.9
1546,6860,2024-02-26T09:09:55,1856.46
6595,3464,2025-01-27T00:02:31,929.4
4448,3901,2024-06-03T17:48:59,1958.66
6021,6072,2024-03-21T20:25:55,1921.74
2395,4715,2024-07-20T22:53:25,971.07
9155,1759,2025-05-30T03:58:01,1701.42
6284,5819,2025-10-03T22:29:16,375.45
7443,7130,2024-01-09T00:27:38,1229.63
8719,7378,2025-04-07T08:07:59,698.98
3943,9484,2024-09-16T05:20:36,1550.18
454,9313,2025-03-24T21:10:55,429.41
3263,6047,2024-11-05T02:42:09,17.81
5909,4514,2024-06-20T10:44:44,440.85
9760,1272,2025-05-14T02:11:41,1549.01
7878,3138,2024-06-23T11:45:59,943.3
8510,2966,2024-07-05T11:55:57,915.3
6761,6889,2025-12-13T02:11:59,527.0
1400,9980,2024-01-31T14:34:32,995.23
2260,6571,2025-10-24T19:26:57,165.51
2072,6793,2024-09-14T15:41:44,137.1
3665,6064,2025-08-10T14:34:54,379.55
4679,8819,2025-08-14T14:45:12,931.22
5576,1820,2025-03-05T09:23:12,504.53
5579,4047,2024-08-04T07:52:01,462.03
3324,2824,2024-03-09T02:28:48,182.83
1402,1208,2024-01-03T03:02:24,1344.91
2913,1394,2024-11-18T06:58:32,1720.0
801,4648,2025-07-19T08:15:32,1670.47
6390,4559,2025-09-03T10:41:19,1851.96
147,6663,2024-12-03T12:51:20,1458.45
6060,4028,2024-01-09T06:56:21,421.36
5327,5610,2025-05-02T12:47:57,534.97
2618,3363,2024-06-18T07:58:15,218.09
9836,8112,2024-04-25T17:19:17,1681.78
7164,1414,2024-05-07T01:44:13,1384.54
1079,7337,2024-04-12T12:20:21,1722.32
3401,4526,2025-10-08T17:18:26,1915.06
3325,4082,2025-07-29T05:26:04,1490.51
8355,7848,2025-06-16T02:57:13,1662.75
7275,3371,2024-04-06T20:22:31,96.13
7115,5271,2024-07-09T16:52:21,1898.72
456,6736,2024-03-25T01:20:12,1691.52
559,8391,2024-06-21T11:05:18,1769.84
5704,7445,2024-01-25T21:09:07,1705.05
8492,1696,2024-08-19T17:31:54,895.3
8912,1725,2025-05-20T09:26:06,1603.85
1127,5016,2025-02-28T12:36:09,305.38
8447,5959,2025-10-17T10:21:51,1144.15
9631,7999,2024-03-13T23:05:15,1869.68
4341,8758,2024-11-09T04:06:03,1049.19
2257,6880,2025-02-19T18:47:28,670.21
3264,9056,2024-05-10T19:10:44,8.15
8494,9837,2025-05-03T15:20:46,67.73
2225,7737,2024-01-10T06:58:36,199.91
3003,8240,2024-02-18T03:48:19,114.3
9664,5131,2024-03-11T21:45:46,771.89
9253,2360,2025-03-25T05:04:28,1544.46
8205,1316,2025-11-17T06:20:36,1843.57
7270,6058,2025-06-16T00:09:57,410.02
5925,1349,2024-03-16T17:44:24,1336.26
674,6228,2024-03-23T11:24:43,487.27
30,4456,2024-02-21T09:50:42,1826.71
9230,2309,2025-05-31T11:27:01,1986.98
8126,2821,2025-08-17T03:06:42,277.95
5762,4847,2025-10-26T06:42:54,1851.63
5986,5734,2025-08-15T19:36:48,1005.32
9755,1714,2024-10-07T10:39:52,13.7
5580,3730,2024-08-30T00:36:51,1043.41
1206,9622,2025-10-19T11:32:50,1722.04
9791,5385,2025-08-03T15:07:27,1015.82
1230,4695,2025-03-24T23:44:07,329.5
650,3507,2025-02-06T10:07:25,611.73
5610,7756,2025-12-03T06:51:39,768.23
2773,3497,2025-12-01T22:14:28,1478.87
8486,5138,2025-05-20T06:02:17,1765.56
8350,4640,2025-04-04T17:33:33,767.73
8968,4442,2025-10-04T04:11:19,1013.53
1465,3205,2025-01-26T14:55:26,1927.89
339,7246,2025-09-22T05:45:29,775.23
9468,9158,2024-06-20T09:35:28,172.16
644,3053,2024-02-27T06:48:46,1944.9
2656,7447,2024-05-21T06:39:41,1753.4
159,7211,2025-05-31T11:10:58,1356.25
9662,4062,2024-03-10T07:54:18,220.05
3859,9642,2025-12-14T01:24:11,83.04
55,2290,2024-07-06T02:10:18,175.88
4150,9893,2025-08-22T02:48:17,595.17
4561,7788,2024-01-15T12:56:47,1316.14
9022,5807,2025-01-02T09:53:39,54.36
1498,6122,2025-09-04T03:27:49,1931.84
7787,7746,2025-03-22T21:11:53,1152.39
1595,6878,2025-01-10T13:09:24,85.64
1921,5362,2024-02-25T15:32:26,1554.66
69,5562,2024-07-03T20:43:40,1339.61
3499,4250,2024-11-29T08:06:08,950.42
941,5961,2024-04-18T02:29:12,487.83
2462,6180,2025-11-08T15:31:07,1654.51
7716,7970,2024-06-09T02:10:53,995.2
8407,4639,2024-08-16T01:06:03,913.94
4731,8178,2024-10-13T23:01:31,1847.59
5461,4219,2025-05-31T05:48:19,894.97
7502,8315,2025-11-01T01:54:34,311.08
3883,6274,2024-08-05T21:40:28,1546.42
927,7224,2024-09-15T00:58:39,1609.13
6697,7971,2024-01-08T02:40:55,324.73
4721,7265,2025-09-06T07:49:00,654.74
1423,8908,2025-12-08T18:29:52,1605.52
3349,8756,2025-06-10T12:56:50,1980.68
6531,3264,2025-10-07T05:14:26,1400.46
2968,1602,2024-10-08T22:47:42,565.11
4649,5963,2025-03-29T00:12:07,300.98
2538,9887,2024-07-22T05:47:39,690.51
6600,2448,2024-07-19T21:36:44,1581.28
1291,2609,2025-06-15T22:34:01,1945.13
6566,2458,2024-03-23T02:13:35,824.43
2062,1477,2025-07-16T15:43:55,1664.93
625,9176,2024-05-24T12:11:13,1037.9
5732,5552,2025-01-19T18:08:08,1815.08
6534,6088,2024-03-18T19:15:05,1930.34
6770,9828,2024-07-17T10:03:33,1472.01
1663,1086,2025-05-08T21:35:57,1609.72
7930,9972,2025-11-04T02:36:33,853.39
7962,7743,2024-05-29T15:19:10,626.59
8940,9677,2025-09-22T16:05:57,1847.03
7535,3569,2025-09-06T11:12:32,406.24
1307,7503,2025-01-27T08:14:17,1272.64
9847,6122,2024-10-04T15:53:38,1512.82
6364,9615,2024-02-24T01:18:41,440.79
4297,4625,2024-11-14T07:26:27,1147.15
4636,5259,2025-08-10T23:08:26,688.17
3867,2989,2025-12-08T04:25:29,1686.94
6645,9955,2025-03-21T05:52:01,1262.82
4424,4181,2025-10-24T05:09:58,1311.93
1080,7895,2025-03-17T11:22:42,734.0
5422,5190,2024-01-25T02:38:00,1402.76
4725,6332,2024-05-04T14:24:26,1447.08
6355,9516,2024-08-08T20:54:35,1051.96
4849,9429,2024-08-04T22:37:34,1848.15
8154,9457,2024-05-24T10:06:26,1668.64
7558,2543,2024-10-01T21:12:32,281.04
3398,4438,2025-01-31T14:05:38,1377.42
8827,6160,2025-04-02T16:55:30,1628.67
4590,6206,2025-06-17T11:41:52,1007.1
2671,5636,2025-10-02T02:07:49,1454.78
7403,7329,2024-02-08T20:55:59,722.72
5875,2069,2025-02-15T08:19:01,1175.04
8864,3169,2024-11-07T07:00:27,19.78
9341,8258,2025-08-28T15:56:30,1855.65
7368,7006,2025-02-20T18:13:53,1894.76
7389,5232,2025-07-24T16:06:04,1633.05
281,4457,2024-06-10T09:26:50,532.97
3937,3401,2024-05-09T22:47:10,1551.64
7513,2578,2025-11-09T01:18:22,12.68
616,8179,2024-04-20T21:36:07,74.42
7273,9396,2024-01-24T23:35:34,1345.87
2041,8001,2025-08-12T02:23:00,1687.4
1003,9115,2025-08-23T01:19:54,1101.7
1383,1612,2024-10-11T17:45:35,753.51
7909,8072,2024-08-01T01:42:54,379.05
7975,3093,2024-03-07T05:13:55,1125.31
5916,4951,2025-12-29T18:39:08,93.12
1874,7802,2025-03-09T12:30:49,1493.49
345,7717,2024-04-21T23:15:06,1742.51
1479,5760,2025-04-29T19:19:37,1374.79
5561,5762,2025-07-09T07:19:54,1797.41
225,7149,2025-12-06T06:50:03,796.33
3252,3644,2025-04-12T16:52:37,29.61
4460,5273,2024-12-29T06:20:23,67.74
3659,1895,2024-05-08T00:32:55,1607.66
5223,8046,2024-02-16T22:00:42,164.5
4343,5129,2025-01-18T05:58:24,826.66
4511,3941,2024-11-23T13:44:43,331.27
3476,3984,2024-11-28T16:51:49,1075.17
9317,5496,2025-05-22T21:45:23,226.91
4565,2044,2024-06-20T16:48:52,1224.72
3930,3908,2024-01-17T04:14:26,1948.87
245,5581,2024-09-21T08:22:33,1761.24
6560,2866,2025-12-09T08:20:46,1991.36
2729,8083,2025-01-16T06:00:56,1473.1
2992,2584,2025-04-30T16:20:17,60.61
1082,2195,2025-08-21T08:40:57,38.3
2480,7960,2024-03-02T01:18:09,1383.18
8980,1435,2024-04-13T22:29:39,1299.47
3361,3418,2025-10-28T18:18:33,756.23
9797,5910,2024-10-31T04:38:36,1037.58
2029,2300,2024-12-09T05:09:13,1204.43
2655,2382,2024-06-03T07:21:36,831.92
53,6947,2024-03-27T21:21:55,1758.05
6572,9404,2025-06-15T13:08:13,1192.97
4337,6089,2024-03-25T14:56:46,668.21
7883,2834,2024-09-29T10:33:28,767.62
7410,6623,2025-03-30T07:56:47,773.63
2548,9837,2025-06-16T08:18:01,1146.56
2868,3130,2025-11-21T03:00:49,955.12
2967,4838,2024-06-20T18:29:29,1960.34
8286,4744,2025-09-20T02:21:26,57.77
8930,3757,2024-06-19T17:03:14,1942.29
81,2604,2025-10-31T00:42:39,105.92
6417,1460,2024-04-25T22:01:38,1625.58
8357,3126,2025-11-06T23:43:27,784.89
6550,8589,2024-06-03T07:21:40,1182.68
6265,8559,2024-02-19T07:22:23,992.32
6173,7736,2024-12-10T07:57:53,1255.82
5176,1852,2024-05-09T14:54:16,1300.56
4741,6143,2025-06-27T02:59:21,1914.61
9343,1125,2025-12-18T07:57:15,1584.13
874,5379,2024-10-02T07:15:39,1590.9
2011,5097,2024-03-11T01:04:14,651.53
2791,4802,2024-12-06T06:58:30,1017.73
7759,7321,2025-10-30T13:59:37,1641.72
8414,7352,2024-04-12T00:58:53,1511.26
9383,1959,2025-11-29T05:03:06,284.33
4356,9113,2024-11-25T11:19:47,345.59
2354,3271,2024-12-26T05:07:29,1749.03
9750,6775,2025-11-01T06:58:06,1735.47
4553,9422,2025-04-23T03:16:13,1080.62
8440,1764,2025-09-19T20:30:55,777.49
8341,6614,2025-12-14T11:12:50,1656.92
4351,2334,2025-10-28T22:27:01,1842.85
2080,8404,2024-10-15T14:49:11,1659.77
2171,4044,2024-06-24T08:06:56,852.42
7703,9032,2025-11-22T03:41:17,660.54
7058,3445,2024-08-03T03:37:15,441.94
3134,9043,2025-03-18T03:11:56,923.11
6435,3743,2024-04-25T21:34:34,1559.54
271,2869,2025-01-06T01:31:03,1645.12
398,5951,2024-12-26T14:34:26,1300.23
6838,7177,2025-11-27T13:25:04,51.63
5861,8324,2024-06-09T06:20:03,293.05
3952,9927,2025-11-12T07:08:59,1798.95
8911,5111,2025-07-11T02:04:53,544.18
8247,5051,2024-05-29T11:07:38,416.55
4144,9761,2025-12-29T13:08:28,929.69
1119,9450,2025-09-16T17:56:50,1962.92
741,8793,2025-12-27T06:15:41,957.51
2503,7948,2024-10-21T20:32:15,432.48
4906,1211,2024-03-05T12:58:21,206.76
1152,3582,2024-03-11T05:34:03,1616.16
6378,6735,2024-05-20T07:50:36,962.76
2647,3229,2025-09-06T09:40:07,11.14
9471,5011,2025-12-30T07:28:39,909.84
8640,9841,2024-03-04T06:03:23,53.15
8836,2709,2024-02-27T23:12:03,662.44
3586,8279,2025-08-13T01:18:28,1631.85
9029,9162,2024-10-02T18:55:58,735.27
1563,9992,2025-12-25T04:38:02,925.22
1070,5668,2024-07-11T18:10:07,1559.04
5361,2410,2024-03-28T10:46:10,1450.99
2817,6925,2025-12-08T14:00:20,318.28
5014,3908,2025-07-02T15:38:44,1017.12
3268,3200,2025-06-30T20:23:27,400.05
19,5741,2024-06-26T00:19:54,1970.52
7514,1760,2025-05-05T17:45:37,656.64
9619,9212,2025-08-13T06:35:46,588.52
1857,3926,2024-04-10T19:10:03,1747.62
5798,7103,2025-05-31T04:40:24,1299.19
2119,5227,2025-04-24T04:38:02,1826.16
4637,8285,2025-06-19T07:30:34,664.67
3096,3445,2025-02-02T04:25:55,1731.6
7764,1697,2025-04-21T11:25:51,1321.75
7799,2963,2024-11-25T23:11:09,1578.73
6949,1831,2024-11-20T10:08:01,162.49
6837,2270,2024-12-18T06:29:31,1140.85
226,4249,2025-07-09T08:50:24,156.61
7288,6694,2024-10-26T13:09:57,856.13
9378,5478,2024-12-17T08:21:40,745.65
9475,8165,2024-07-20T16:17:04,692.44
3287,7528,2024-10-07T13:27:14,759.98
6452,6618,2025-07-15T13:41:05,1325.13
185,8777,2024-05-03T14:55:06,902.89
9876,3494,2025-05-20T00:50:48,119.08
2294,1666,2025-12-19T23:50:33,271.07
2067,9797,2025-11-23T21:10:20,1792.38
9901,4745,2025-01-14T22:49:23,1641.09
7611,1572,2025-11-13T02:35:23,67.3
4829,3126,2025-02-03T19:20:16,1611.87
5053,1255,2025-03-19T14:55:14,95.24
1767,7504,2024-01-21T11:28:39,1050.35
1173,4066,2024-06-15T18:35:53,553.59
6454,5074,2025-12-25T05:14:26,399.91
8212,7172,2024-08-05T05:17:44,1157.26
1982,8808,2025-06-18T11:52:59,272.5
9399,5616,2024-12-22T03:43:42,1692.46
7714,6385,2024-07-23T00:56:10,1622.72
5607,9187,2025-10-28T08:54:55,256.85
1578,6004,2024-10-05T15:25:41,976.51
8161,8796,2024-11-07T09:04:13,838.05
1344,3096,2024-12-31T15:59:29,1483.13
1653,6990,2024-11-24T23:45:34,1225.7
2355,4030,2024-11-10T20:27:54,1580.77
1376,9524,2024-12-20T03:04:56,1194.76
7507,1326,2025-03-02T20:24:20,118.74
5351,1000,2024-08-01T00:02:32,610.38
7382,1175,2025-09-25T15:20:10,877.89
4421,2956,2025-10-09T20:05:16,116.82
3334,3370,2024-09-02T09:17:30,1633.22
9669,3272,2025-01-19T08:46:08,1635.49
6497,6702,2025-08-27T14:03:39,747.08
5413,2983,2024-08-17T17:48:53,418.14
1536,1389,2024-04-29T10:11:35,921.15
1413,1751,2025-11-22T12:14:45,24.3
3437,8191,2024-05-22T05:18:56,1972.56
4892,8444,2025-02-24T09:48:28,311.58
4538,3871,2024-07-12T02:44:16,172.67
9131,9977,2024-11-11T18:34:10,1305.14
1010,8368,2024-01-26T00:49:05,529.32
2930,2663,2025-03-31T07:03:03,496.4
1953,9673,2025-12-17T08:21:39,613.33
6221,9442,2025-10-20T17:17:01,358.55
3587,6435,2024-08-26T18:04:17,960.42
7753,5019,2024-11-07T10:07:24,421.93
452,1842,2025-07-14T01:32:43,1936.96
700,8487,2025-02-07T09:03:48,302.14
6434,2533,2025-03-19T03:11:28,50.57
5490,5712,2025-02-08T20:57:45,996.78
572,1782,2024-04-04T15:25:04,480.69
3638,3314,2024-10-10T16:38:44,162.59
7560,3662,2025-01-28T23:26:55,690.14
6217,6572,2025-02-28T04:30:33,1470.42
6619,4637,2025-03-21T17:43:06,535.51
6107,9660,2025-12-09T22:24:49,277.31
7204,1746,2024-12-22T14:31:06,1025.34
1506,8020,2024-02-01T13:28:37,561.83
4828,4215,2025-08-04T13:07:55,256.04
7943,1197,2025-09-17T04:47:37,141.49
4072,9856,2025-04-12T04:34:42,665.18
1826,6316,2024-12-03T05:21:35,35.06
3083,5351,2024-06-30T14:10:08,1292.48
1183,9231,2025-03-15T08:30:03,646.6
3329,4110,2025-02-20T00:21:51,1695.0
6762,1876,2024-11-28T01:07:50,1652.57
7317,3807,2025-06-09T01:57:23,296.48
4629,3391,2024-03-21T11:40:22,1694.91
4666,9313,2024-09-12T22:36:22,139.06
1681,2477,2024-02-23T07:07:00,1101.44
5360,8807,2025-12-24T22:32:38,353.29
6201,9932,2025-11-23T08:54:37,596.97
8281,8757,2024-07-31T21:01:31,640.41
3838,8035,2024-09-07T15:12:46,1582.84
3069,9106,2025-01-10T09:18:36,950.15
8230,3812,2025-10-02T01:38:38,909.97
3597,2841,2025-07-09T05:47:31,986.18
3738,7375,2025-03-18T23:28:37,1646.92
8481,1091,2025-01-24T21:55:11,775.8
9140,6348,2024-01-15T15:42:15,1831.45
7235,2175,2025-11-21T02:26:31,443.4
3628,6723,2024-02-16T06:36:10,724.91
7064,6496,2024-11-20T14:45:19,1773.24
6288,9948,2024-05-31T03:00:24,1921.15
5119,4409,2024-10-01T03:18:14,1884.05
277,8381,2024-10-22T10:45:37,1817.47
3903,5370,2024-05-25T06:29:15,62.03
9586,1682,2025-01-05T02:25:29,1440.24
6405,7440,2025-09-19T18:43:11,583.24
3357,5769,2025-01-09T17:21:55,1794.95
9369,6014,2025-04-05T02:19:30,1397.26
1084,1990,2024-01-31T22:25:35,1897.62
4255,3241,2025-11-02T11:29:57,1986.19
1790,1118,2025-09-10T20:49:14,1098.68
555,3042,2025-02-04T17:14:52,573.7
3341,9110,2024-06-16T13:02:01,586.53
8948,4605,2024-04-22T04:01:46,1309.26
5881,8961,2024-07-01T01:55:24,772.24
5325,3689,2025-10-05T22:21:49,797.38
7815,6712,2024-04-13T11:46:42,532.69
9687,4289,2025-07-07T14:57:54,1624.59
7555,7039,2024-10-19T17:22:23,1393.38
1491,2016,2024-04-23T17:37:22,1382.74
4895,2848,2024-07-17T09:58:38,1255.66
5972,1396,2025-06-20T15:00:09,1726.46
4835,9518,2024-12-24T23:05:05,1036.22
5928,4425,2024-06-01T03:01:17,399.3
3105,1158,2025-07-27T01:40:59,1002.1
3555,9999,2025-07-01T22:45:34,531.76
9389,3954,2025-01-22T12:07:00,649.6
94,2312,2025-01-29T10:36:33,1703.43
9456,7664,2024-02-12T16:13:53,1326.05
6076,4190,2024-11-12T08:13:52,345.35
2858,3043,2025-08-10T15:17:58,900.23
7031,6444,2024-10-15T11:55:36,1102.72
4329,5563,2024-11-11T14:33:12,969.28
3115,2527,2024-08-24T15:00:11,346.99
8377,5545,2024-02-04T22:54:53,1760.6
7837,2767,2024-03-18T10:08:49,1069.47
2113,6444,2024-08-30T16:18:57,1635.8
9374,9516,2024-04-29T00:20:35,1217.44
4988,1867,2025-04-18T11:39:50,1425.67
86,7396,2024-01-02T16:10:44,534.08
4752,6358,2025-11-09T03:24:26,1581.32
9117,2552,2024-11-26T01:11:33,1030.1
6212,3645,2025-10-09T18:06:04,1279.93
203,6507,2024-10-29T00:49:25,1339.4
8689,5934,2025-02-19T06:02:59,37.81
9502,6357,2024-11-21T07:07:18,769.24
2199,3476,2025-07-27T23:20:51,1320.02
2768,8882,2024-06-11T12:19:12,1299.0
4153,1202,2024-07-13T13:54:21,252.99
2426,1199,2024-10-16T14:04:35,572.88
1722,1137,2025-06-19T07:48:57,28.58
4724,2750,2024-07-31T19:02:27,153.48
5597,8576,2024-08-04T22:06:05,495.35
3174,2035,2025-06-12T03:21:51,445.03
1364,9021,2024-05-03T01:26:40,1571.5
1243,9043,2025-10-14T08:01:21,311.41
3735,7866,2024-09-28T06:58:52,965.84
8711,8593,2025-11-01T08:14:08,700.89
4631,7764,2024-10-11T15:23:36,1314.79
4193,5410,2024-09-03T04:10:40,394.07
1228,6754,2024-10-21T03:42:50,1094.32
9183,8745,2024-07-26T01:48:12,1566.6
8943,7250,2024-04-23T22:20:22,1647.54
3427,6210,2024-05-12T14:57:45,1893.29
2877,4483,2024-04-01T16:45:48,913.59
6089,1294,2024-11-27T06:50:03,1878.0
5519,8521,2025-12-25T06:45:36,1077.13
2376,9714,2024-12-31T04:29:21,1358.23
2966,5967,2025-09-26T00:34:38,1617.79
3683,9573,2025-07-20T00:20:14,1860.8
8788,1943,2024-10-29T03:33:38,1830.1
8427,8277,2024-07-11T14:39:25,537.68
8165,1494,2024-11-11T16:32:03,1595.68
8483,2866,2025-06-10T11:07:23,690.76
8978,9847,2025-12-22T02:35:56,1048.37
7810,1138,2025-07-11T06:25:34,1212.06
8739,5188,2024-05-19T05:19:36,607.93
420,3129,2024-04-22T09:10:45,1082.73
8614,8273,2024-01-20T22:34:25,1500.84
862,2113,2024-06-28T18:13:52,1415.8
962,8460,2024-09-23T11:13:35,1569.62
6816,7388,2025-11-27T15:10:53,847.05
3388,4378,2024-04-10T01:18:14,1307.02
3911,4177,2024-11-24T05:37:05,591.54
6577,9326,2024-08-13T01:38:30,65.92
2449,6927,2024-02-21T19:50:27,1164.23
9168,8045,2025-02-01T16:20:59,861.65
5883,2799,2024-04-22T09:15:27,539.01
4750,7119,2025-02-01T21:14:58,37.32
8890,3521,2024-07-26T23:48:09,1833.03
2949,5282,2024-09-23T03:11:02,1959.38
7695,2392,2025-07-01T00:34:36,1082.9
7300,7029,2024-05-19T05:23:32,702.78
4782,3017,2024-12-07T11:30:04,1669.14
6953,6567,2025-11-22T17:55:37,68.82
8082,8627,2024-09-30T07:51:14,1734.93
4869,4707,2025-05-08T03:31:50,1687.26
8119,1279,2024-09-10T02:18:53,1641.27
422,1422,2025-11-03T23:45:33,267.95
9691,9536,2024-12-10T08:57:54,232.35
1329,8892,2024-03-24T23:12:52,132.35
8994,6543,2024-05-28T08:39:51,711.85
6924,9850,2024-04-17T02:38:15,99.63
2793,8675,2025-10-24T21:31:54,266.66
7017,9530,2024-10-01T17:52:36,377.14
161,7653,2024-08-21T18:06:44,1098.13
8925,3115,2025-08-09T03:02:09,1679.0
2822,1107,2024-11-18T22:08:19,494.41
760,6372,2025-02-04T05:31:39,178.04
9747,7349,2025-08-29T09:27:37,662.67
960,2406,2024-11-19T02:20:38,236.56
6912,4495,2024-08-18T12:11:32,1941.79
1780,9745,2025-05-11T17:40:14,622.77
6570,9941,2025-12-24T01:01:32,1887.71
5943,6407,2025-12-24T22:42:53,1773.34
3595,5699,2025-05-24T00:52:53,455.64
8055,7356,2025-08-11T11:59:59,1768.79
7154,6837,2025-02-16T07:23:34,1839.91
5742,1645,2025-07-21T23:52:51,912.63
2487,2581,2024-01-08T23:29:28,1565.83
4806,4437,2024-02-17T12:30:18,1733.36
354,2646,2024-03-17T11:06:46,890.14
8290,3723,2024-05-28T09:27:53,1411.78
4370,1091,2024-02-22T01:51:55,627.12
7348,7078,2025-03-03T18:21:09,100.88
2302,3859,2025-12-29T15:15:28,1223.02
4447,4084,2025-10-10T18:39:34,549.23
2476,3821,2024-09-22T16:11:00,1421.24
3,2679,2025-07-26T00:49:06,1355.02
6386,1869,2024-10-31T20:38:51,1101.0
953,8052,2024-09-14T13:24:37,216.36
2788,6681,2025-05-16T21:39:53,899.41
7113,6990,2024-05-24T23:34:32,1335.09
2163,3056,2025-11-08T20:58:20,272.88
8029,5710,2025-09-04T19:11:15,1003.38
7342,8049,2025-03-07T08:58:55,1941.85
4095,4214,2025-09-22T04:54:20,1070.7
8058,2614,2024-07-19T16:22:31,1165.76
6185,2094,2025-03-15T04:13:05,1539.38
7475,2249,2024-05-14T07:00:38,747.37
2731,3151,2025-04-13T18:18:32,721.29
3697,5226,2024-12-23T20:50:15,1972.36
5942,9697,2025-02-08T02:23:02,1900.18
5920,6418,2025-11-20T07:36:27,204.69
6789,4474,2025-07-06T18:52:33,339.73
6132,3539,2025-01-02T08:56:26,799.0
3443,2302,2025-05-07T23:13:51,158.0
6482,3653,2024-10-08T00:51:42,961.22
4753,5630,2025-01-17T03:43:16,1151.76
2165,8974,2025-11-18T07:31:14,1317.56
1451,4652,2024-02-12T03:45:47,1689.41
1850,4912,2024-10-09T18:51:12,644.78
9911,1925,2024-06-01T14:57:53,512.32
366,6661,2024-12-09T02:26:23,1975.37
1937,9573,2025-02-28T10:05:08,1501.96
6229,4865,2025-01-20T14:46:02,1801.12
3871,4131,2024-03-09T08:45:02,1449.6
9641,7223,2025-06-07T20:55:26,1365.89
9698,4614,2024-07-22T21:34:49,1268.55
656,9740,2024-08-23T05:03:35,191.39
6904,2443,2025-07-23T02:33:49,1918.88
1911,7436,2025-06-07T05:28:15,1942.23
9846,5987,2025-05-31T22:58:43,691.32
5475,9870,2025-03-05T13:16:25,1718.09
5203,2500,2025-07-11T21:13:56,12.66
5541,5419,2024-03-11T19:40:35,1620.05
3728,3885,2025-05-08T18:04:12,171.76
9832,2647,2025-09-11T10:14:22,227.79
6546,5876,2025-04-02T23:47:35,1294.94
4810,3975,2025-07-30T07:15:40,733.31
7629,7370,2025-01-08T03:18:39,610.63
5853,2965,2025-03-26T15:47:19,1934.51
9304,5625,2025-04-14T12:51:54,1015.83
5375,9004,2025-06-29T23:52:50,1584.97
8969,9384,2025-03-03T13:57:09,889.37
8418,1549,2025-03-19T16:56:05,1877.07
2660,3764,2025-10-23T15:16:42,104.32
2541,2951,2025-11-14T14:43:53,770.34
1839,6868,2024-10-20T10:07:24,1450.18
2293,3703,2025-03-05T20:16:04,880.13
8457,2312,2025-01-30T07:53:30,1347.44
77,5073,2024-03-25T20:55:20,387.22
497,6724,2025-08-25T21:56:34,705.44
8363,4652,2025-10-27T22:54:08,1348.23
9862,2373,2024-06-30T18:50:51,1209.0
5466,5920,2024-04-24T11:29:49,270.76
7092,4089,2025-04-14T15:39:49,1435.97
3808,2250,2025-01-12T21:20:22,424.54
8594,3505,2025-01-08T01:17:23,1516.6
3308,3753,2024-12-28T13:50:22,1793.34
6822,7534,2024-03-19T02:47:24,1230.17
8853,7063,2024-07-17T09:20:00,804.62
3716,7578,2024-06-03T22:24:32,660.8
4566,8547,2025-07-19T13:57:36,1177.89
6194,3691,2024-06-08T03:55:49,1357.68
945,9300,2025-02-19T01:19:49,1847.37
2121,6412,2025-05-31T15:51:55,1578.61
4577,1484,2024-12-29T00:35:48,316.02
9993,3967,2025-03-23T21:35:36,1494.91
3672,7400,2025-08-06T23:21:20,1452.75
1959,1482,2025-11-22T14:17:52,1888.55
1711,9071,2025-05-30T07:07:16,1229.58
2628,6067,2024-10-25T19:08:43,1279.7
4839,1560,2025-12-26T22:39:42,1497.13
4549,4013,2024-01-18T09:15:29,1900.97
5171,9105,2025-09-12T20:21:40,36.83
5199,8549,2025-05-01T07:50:29,1263.85
6233,3800,2025-05-26T18:58:57,365.0
1900,2562,2025-06-19T14:59:03,1192.49
6629,4351,2025-11-09T04:22:30,1430.9
4431,2375,2024-07-26T02:27:14,349.31
2076,4070,2024-10-29T14:02:30,1192.41
9133,4242,2025-09-30T10:35:48,492.56
7891,8847,2024-07-17T07:07:23,1114.23
9004,5590,2025-07-06T04:17:31,530.5
2704,8949,2024-10-03T22:00:59,918.23
40,2040,2024-11-23T21:37:55,772.61
3130,8519,2025-01-25T06:48:47,554.5
5724,6301,2024-11-04T17:44:37,901.98
9312,7622,2024-10-29T16:50:16,270.87
7456,1455,2024-04-13T22:36:30,1309.97
9666,7346,2025-05-07T02:36:23,1706.86
1062,1138,2025-03-13T12:30:33,1222.59
9314,5243,2024-01-21T02:37:50,768.65
2486,2085,2024-02-03T14:49:32,606.78
4696,9348,2025-11-24T21:34:17,943.66
7318,6377,2024-02-07T02:01:01,1003.51
467,6314,2024-08-30T01:20:29,1554.79
8196,2696,2024-05-16T11:41:04,1671.91
9202,7443,2024-03-19T15:46:26,1462.8
8279,4803,2024-10-16T05:36:40,1446.48
3366,7619,2024-04-25T09:30:51,493.78
2830,9456,2025-10-24T01:42:36,1590.24
268,5658,2024-01-10T12:38:37,941.45
9600,4408,2025-11-05T23:27:49,13.58
220,8619,2024-06-18T07:09:12,1400.43
8993,4691,2025-08-31T03:04:13,1993.1
8348,3910,2025-02-22T10:54:11,273.27
7021,2488,2024-03-29T23:04:36,1603.3
1335,9148,2025-05-24T01:33:07,1994.95
8077,8330,2024-02-01T07:35:20,1757.22
8074,7294,2025-06-09T17:19:33,506.37
1638,8069,2025-11-27T16:42:47,1046.48
9219,4407,2025-03-21T17:10:06,240.06
5553,9053,2025-06-06T23:25:47,876.12
8946,7887,2024-01-19T04:16:27,1856.06
196,1320,2025-08-20T22:01:59,1714.18
7901,9668,2025-03-19T17:26:32,1866.91
6024,7387,2025-05-05T14:28:47,317.56
9571,9459,2024-11-09T06:21:10,1863.14
9297,9140,2024-05-16T07:33:49,1480.49
3104,3102,2025-03-24T13:32:15,614.62
8645,1344,2025-06-22T13:24:45,1321.84
9421,6815,2024-04-08T00:34:26,1504.29
1449,4389,2025-03-12T18:38:20,1310.92
772,4590,2024-06-20T12:55:41,1914.93
4985,9322,2025-03-18T14:54:40,1892.8
1336,7857,2024-07-20T12:03:22,812.17
2670,4385,2025-10-27T03:17:32,1202.17
426,2041,2025-08-02T04:12:29,955.11
8995,1217,2024-12-12T11:44:24,1601.73
9146,3321,2025-04-02T08:27:50,43.09
3567,8848,2025-12-01T17:37:59,191.91
6184,1781,2025-12-17T23:38:45,1964.05
4157,6877,2024-01-29T17:48:00,963.01
5539,7279,2024-05-13T11:22:23,410.27
5104,9938,2024-01-28T08:05:11,152.48
9360,1408,2025-12-09T22:27:36,1349.01
1384,5190,2025-05-12T08:27:00,1543.64
5346,3707,2024-10-30T12:11:23,1842.03
3921,5395,2025-11-14T03:35:02,992.87
9936,4227,2025-08-21T19:31:00,1371.86
5933,5908,2025-08-10T15:50:54,1670.32
6689,9297,2024-05-29T08:29:56,1611.5
70,9834,2024-06-15T09:39:48,268.96
1355,1885,2024-11-16T20:52:38,1742.34
9785,5147,2024-08-24T01:38:42,1879.79
9351,6397,2025-07-07T06:08:30,488.96
3782,1845,2024-11-01T11:58:26,1603.66
6031,7181,2024-12-30T22:18:15,618.92
3261,6642,2025-03-20T18:15:20,1629.38
3800,1847,2025-05-27T01:27:15,553.55
2320,6340,2025-04-05T08:51:10,841.04
172,4185,2025-11-19T06:47:21,1438.1
4528,8454,2025-09-23T08:20:40,872.6
6011,9166,2025-01-02T21:19:21,1761.51
7463,3525,2025-09-22T23:33:46,1293.28
411,6876,2025-05-15T20:26:34,125.8
9685,7894,2024-09-05T18:13:58,1690.81
1853,3525,2025-08-17T18:19:05,1228.01
2855,2809,2025-01-27T11:00:03,1465.31
2304,2442,2025-04-20T09:26:07,1256.25
57,3060,2025-02-17T18:21:45,261.14
6579,7537,2025-12-21T20:35:08,1788.86
2816,2934,2025-05-04T06:40:26,1742.38
5586,5408,2024-03-19T20:17:21,1635.49
2270,9748,2025-01-23T02:47:15,1930.08
6521,9652,2025-02-16T23:27:05,1354.35
4080,8716,2024-03-27T02:50:59,1874.17
1098,9133,2024-05-07T06:03:41,1906.27
4041,5247,2025-02-12T02:47:52,263.2
5442,1652,2024-05-06T09:48:31,584.12
1932,3419,2025-12-20T19:29:37,1738.16
2870,7598,2025-02-12T18:06:55,1178.54
4543,9577,2025-12-02T19:57:39,1140.29
8596,6072,2024-01-06T05:24:39,499.58
177,9486,2025-06-24T12:44:08,931.78
7612,4343,2025-05-05T03:07:42,858.31
6411,1908,2024-05-05T21:34:07,665.56
2330,6503,2024-06-06T01:29:03,258.79
6507,9458,2024-11-25T04:18:10,90.03
9657,8679,2025-10-18T02:15:54,1819.92
9391,4017,2025-06-08T12:43:49,484.57
6124,2686,2025-03-15T02:41:56,592.34
1133,4902,2025-02-15T12:27:28,842.53
2022,8311,2025-07-21T03:12:05,581.12
870,8054,2025-06-26T01:02:09,1613.3
7384,6691,2025-04-18T13:07:09,1503.05
1876,7997,2025-06-29T16:29:20,1766.23
8620,1558,2025-05-04T05:43:11,1955.03
2142,3276,2025-09-26T14:36:36,1775.09
4889,2681,2025-02-11T04:33:35,1544.46
3760,5669,2024-10-23T08:51:21,1690.96
254,6632,2025-02-16T09:06:07,853.88
7972,1996,2024-01-25T15:03:50,931.97
544,5668,2025-04-19T06:19:25,1506.02
4099,3051,2025-06-24T03:57:04,862.29
6340,5719,2025-10-15T16:07:12,359.66
9992,2290,2024-06-25T07:49:56,1532.19
3780,8045,2025-03-20T10:20:49,487.45
5291,6146,2025-08-12T02:44:54,219.95
607,2680,2024-09-06T11:48:54,164.74
8580,3479,2025-07-05T00:33:54,115.94
1366,8035,2024-12-02T20:58:00,809.77
1789,5799,2024-11-30T07:53:44,1196.02
4891,5895,2024-12-06T09:58:55,1645.37
9358,4658,2025-06-07T14:46:52,50.03
7036,6565,2025-08-05T20:42:07,1834.75
4206,2335,2024-04-01T15:00:31,819.96
6564,1835,2024-12-28T22:30:56,1033.56
5383,5791,2024-09-26T20:41:50,299.53
4873,5857,2024-11-07T08:48:41,782.6
6343,8014,2025-09-23T00:34:01,1970.85
2652,8397,2024-09-05T02:01:52,959.34
3706,1934,2025-05-15T02:32:48,1483.38
8988,8154,2025-10-21T20:31:26,1324.4
3644,8274,2024-09-19T00:25:02,1563.89
6389,4523,2024-12-21T02:12:20,400.65
8209,5771,2024-01-26T13:15:56,1168.69
9055,8856,2025-06-02T13:49:46,776.27
4912,7268,2025-11-07T01:18:36,88.99
809,2653,2024-02-22T06:23:36,1189.92
6468,6733,2024-10-11T20:17:25,1444.54
4620,7313,2024-12-31T05:20:06,145.38
685,1828,2024-02-07T19:03:12,566.31
2414,8847,2024-03-28T05:42:53,1800.85
8176,6270,2025-06-13T13:53:12,825.93
8952,1927,2025-06-11T15:14:59,76.64
3040,6863,2024-02-27T06:26:54,64.89
6817,2209,2024-03-12T11:31:03,31.02
1077,2163,2025-04-06T07:39:12,1058.93
7910,1159,2025-07-08T21:40:39,340.5
6899,8673,2025-02-09T08:58:35,829.34
8325,7419,2024-03-03T06:09:43,341.7
43,9797,2024-03-29T23:23:57,1503.0
9612,9768,2024-01-06T22:40:55,1832.61
8369,6717,2024-10-29T05:09:08,555.66
6181,1318,2024-09-24T14:53:11,1113.15
7620,7190,2024-01-30T23:55:01,287.82
3887,4373,2025-07-25T02:23:38,1391.46
1777,9835,2025-06-25T20:37:58,358.19
7136,6598,2025-09-24T20:20:17,374.8
7917,7607,2025-07-31T17:00:11,909.61
6911,2125,2024-05-22T06:38:45,939.2
174,1090,2024-04-24T14:55:45,1785.86
758,4164,2025-03-17T00:12:32,355.11
7912,3431,2025-01-16T21:21:19,1733.11
7680,2759,2025-02-01T14:12:37,715.7
8812,8429,2024-11-28T11:00:48,843.39
6470,1020,2025-07-25T15:43:19,1611.7
7892,9416,2025-09-06T12:21:37,1350.56
8326,3828,2024-05-03T12:25:18,371.22
8863,7835,2024-04-19T07:00:12,171.93
9176,7285,2024-05-17T22:01:34,1963.76
188,5499,2024-07-04T19:51:58,882.55
6377,8471,2025-05-31T15:25:51,358.0
3393,1001,2025-05-26T04:58:47,500.43
2769,4961,2025-05-19T16:01:41,874.4
7257,4306,2024-02-26T22:15:16,1145.29
3025,3369,2025-06-10T20:26:07,119.35
1824,1853,2025-11-20T08:33:50,1728.0
1597,7052,2024-07-24T07:58:25,471.87
978,4228,2024-09-10T04:47:57,917.81
4374,6741,2024-02-21T20:43:13,1274.51
5303,2112,2025-12-20T23:34:36,284.12
3981,5096,2024-06-03T23:04:25,275.7
3250,3422,2025-05-16T05:53:20,526.35
3995,5806,2025-11-12T19:28:32,111.8
4277,5916,2024-05-19T20:38:32,1682.18
1221,3750,2024-09-05T04:15:35,1274.19
458,4705,2025-03-21T21:59:59,1615.41
2717,8861,2025-10-07T05:21:21,910.84
8947,3187,2024-07-01T23:16:44,923.04
6259,4854,2024-05-19T01:35:25,1790.92
4263,9540,2025-07-01T16:05:07,638.47
1316,4688,2025-05-17T20:02:09,1357.0
8138,6867,2024-01-29T11:44:10,133.99
8922,7969,2025-11-29T13:10:28,1476.94
1634,1639,2025-12-01T07:11:43,1756.12
4931,7575,2025-07-29T07:44:15,1507.87
7027,9009,2025-02-09T15:31:10,1446.96
7284,9133,2024-12-04T01:48:19,804.82
3546,4609,2025-10-24T03:17:14,596.25
1643,8817,2024-07-16T16:33:35,1532.89
3377,8105,2025-05-15T16:09:08,600.23
950,6816,2024-07-11T19:21:38,336.85
2366,2097,2024-05-16T03:13:16,1123.71
5540,1285,2025-04-23T16:36:07,1909.17
300,5415,2025-06-06T04:14:13,1154.61
3074,7178,2024-11-26T03:00:00,1144.88
7376,2766,2025-03-21T12:59:38,434.97
6260,8333,2024-11-07T23:21:38,784.04
3504,3395,2024-05-29T06:26:46,855.47
8462,8596,2024-06-30T06:31:34,185.42
8576,9849,2024-01-26T18:22:16,872.38
1599,6918,2025-09-06T17:53:32,779.25
1793,7385,2025-07-09T07:24:35,1657.71
1252,7052,2024-10-23T06:39:13,377.23
4693,9242,2025-06-10T11:54:03,621.06
4591,7425,2025-02-17T14:40:33,454.07
5195,4882,2025-03-20T05:09:10,1558.86
6141,1050,2024-08-09T03:13:09,1795.02
2964,1324,2024-06-21T01:26:46,1518.05
3519,6920,2025-07-29T18:41:10,1487.15
6100,8950,2025-10-20T05:16:19,851.82
9427,1798,2025-06-05T12:15:30,216.95
4471,8478,2025-04-23T22:29:12,1189.18
4328,2524,2024-11-29T15:06:17,448.39
7398,9953,2024-07-20T03:03:24,927.83
5218,6648,2024-07-13T22:02:35,1472.21
6461,3885,2024-08-07T01:41:58,205.42
5016,9807,2024-01-31T02:48:17,1777.03
5459,3253,2025-11-11T01:07:03,246.42
2405,3423,2024-09-24T01:46:22,748.97
8016,1878,2024-08-26T22:04:15,617.94
1773,1468,2024-05-12T12:21:48,75.13
1354,7253,2025-06-12T17:07:33,1062.03
6187,9741,2025-02-10T23:43:19,529.28
2607,2375,2025-11-27T08:04:24,631.24
5281,4083,2025-05-16T15:21:34,1915.66
2727,7592,2025-08-28T10:47:39,573.45
4323,6114,2025-04-15T10:54:33,1570.62
1238,3573,2024-12-03T06:04:54,111.84
2724,3916,2024-07-17T04:35:59,483.96
3214,1099,2024-12-09T14:12:16,133.91
2105,3319,2024-07-29T12:46:38,1886.84
9243,5454,2024-07-30T09:42:59,434.81
1450,6584,2024-12-20T08:19:55,729.87
1699,5314,2025-06-28T08:12:16,500.27
7032,6127,2024-03-04T08:15:31,1140.11
6396,7997,2025-07-23T04:28:39,1599.81
8300,5117,2025-07-29T17:52:58,1720.64
2319,4855,2025-11-26T05:29:06,1444.2
1120,2129,2024-11-07T09:46:51,1754.6
4333,9955,2025-08-15T09:45:56,1430.58
7715,5356,2025-09-05T12:56:39,1590.64
3888,9103,2024-02-28T08:47:35,125.23
6801,6231,2024-08-12T18:07:01,1301.5
2974,2065,2024-04-09T14:41:09,259.22
5615,3291,2025-04-03T14:24:40,1299.9
2853,9846,2025-11-22T12:45:19,1187.04
8416,2427,2024-08-18T15:15:45,1041.34
413,8450,2025-10-20T16:29:03,187.89
6388,8680,2025-05-16T07:30:23,355.22
2513,4093,2024-11-28T09:47:01,1714.26
5977,7087,2025-02-22T16:16:20,119.21
7160,8093,2024-05-16T20:56:42,1778.91
5968,6273,2025-08-13T10:01:44,924.49
3741,6185,2025-10-01T15:13:25,33.3
7476,9378,2024-08-17T23:11:30,1327.18
845,8692,2025-09-15T13:35:11,1524.45
181,6198,2025-04-07T12:02:08,1900.33
3212,4644,2025-06-24T19:33:48,1218.09
8670,7607,2025-05-24T16:24:47,69.54
4392,6359,2025-01-01T08:55:18,608.6
1025,5055,2024-09-07T04:19:04,1524.14
7236,3859,2024-10-26T07:45:27,805.58
6784,2690,2025-03-17T04:31:58,306.14
7861,5159,2025-10-01T17:31:40,635.85
5139,8677,2024-09-02T19:48:50,495.17
3687,7350,2025-07-07T14:51:20,482.03
6639,1517,2025-05-20T02:12:18,1746.72
7082,7038,2024-11-11T05:49:51,1937.83
3715,7503,2025-12-17T12:28:26,1537.59
5076,4311,2024-11-02T17:35:09,1900.67
9950,1451,2024-10-10T15:31:13,1589.94
2703,9108,2025-11-26T07:16:31,86.38
5078,1584,2025-02-06T12:25:28,940.57
7670,3868,2025-11-21T23:48:05,1625.11
773,3509,2025-01-06T09:57:24,912.68
3106,6810,2025-05-26T17:49:09,682.95
8641,7268,2024-06-11T08:09:22,790.34
1220,2274,2025-08-01T22:12:24,479.8
9740,9126,2024-09-07T15:51:48,763.46
3177,7810,2024-02-04T04:27:09,1027.44
9566,2688,2025-05-07T16:18:35,552.51
5660,9629,2024-09-10T15:01:03,315.42
9668,4402,2024-01-18T19:44:22,187.78
3501,3968,2025-01-25T04:11:00,381.39
1399,7713,2024-10-05T00:08:47,594.23
4426,6185,2025-06-05T22:49:07,1795.98
3513,1854,2024-01-01T09:59:25,1322.56
2177,2311,2025-01-09T00:25:26,288.46
2099,5532,2024-08-10T14:00:11,1066.89
7446,8343,2025-06-13T14:59:48,996.19
947,6890,2025-09-06T04:06:22,1404.76
8013,8919,2025-03-15T08:01:11,1986.88
746,7846,2024-05-15T23:26:38,1765.08
6677,9689,2024-08-20T00:25:15,1942.69
5834,5056,2025-03-11T21:20:54,168.61
6030,1381,2025-11-03T05:29:36,1338.99
3935,1284,2025-09-28T01:53:43,1136.7
7976,3348,2025-02-09T17:42:44,919.27
7020,1017,2024-04-07T22:20:42,1815.13
3244,6711,2025-08-06T18:25:05,1021.67
5783,2415,2025-04-26T20:00:44,1984.29
4096,7215,2025-10-30T05:03:04,1365.47
6584,9304,2024-12-08T00:47:09,750.73
9354,5303,2024-03-15T06:14:32,579.38
6951,3999,2025-07-12T19:58:19,1813.48
3873,1080,2025-02-21T12:48:51,1868.55
5983,9847,2025-04-11T07:18:11,956.17
1800,8460,2025-05-09T16:32:26,1237.37
2558,6755,2024-11-15T22:55:27,117.62
6519,4220,2025-06-30T20:43:05,54.46
1604,7201,2024-10-19T13:26:35,733.77
5142,9693,2025-08-15T22:40:11,1471.96
5122,6956,2024-12-26T00:35:09,678.91
2918,3772,2024-11-12T08:10:58,122.53
7086,9390,2024-03-06T07:58:25,1609.34
8010,4402,2025-05-11T09:54:36,726.4
548,7026,2024-05-30T16:43:25,1358.22
4419,3509,2025-11-25T14:18:37,1412.75
7537,9324,2025-02-23T20:50:53,1463.52
6279,9876,2025-11-29T20:52:04,355.93
8953,8019,2025-09-23T03:03:20,636.14
7182,3022,2025-03-21T13:52:37,1539.63
1719,1533,2025-02-24T00:38:42,1007.44
645,2215,2025-05-13T22:03:33,902.7
512,7299,2025-01-28T20:25:45,928.11
5701,5259,2025-04-15T19:47:07,319.0
7539,2037,2024-12-24T03:16:38,1059.07
1276,9561,2025-04-28T22:38:29,1564.46
317,8941,2024-12-06T07:04:33,247.25
1652,5281,2024-07-16T00:03:24,1710.68
6362,3747,2025-02-04T06:08:58,1838.89
3129,6084,2025-03-22T16:28:49,1177.05
417,4394,2025-08-17T07:34:02,1174.83
7561,5470,2024-06-22T14:38:04,1343.97
2010,4308,2025-07-07T12:28:04,1765.68
608,5843,2025-05-28T08:25:38,616.46
8550,3110,2024-11-15T00:32:34,27.1
6109,3033,2024-10-17T17:30:22,111.53
4644,8787,2024-08-24T16:47:26,1427.59
8181,1452,2025-11-01T01:03:18,486.27
3552,4440,2024-07-12T09:50:48,1071.52
8491,3557,2024-02-12T06:04:29,827.47
8855,7412,2024-07-29T12:09:11,53.88
5572,4206,2025-09-21T06:08:39,1692.58
5233,8617,2024-11-14T05:57:55,1760.55
9170,6842,2025-07-20T18:16:03,498.8
2040,7208,2025-11-28T03:10:03,1641.43
4766,7388,2025-10-05T07:11:20,42.65
4024,2758,2025-09-13T06:22:53,930.61
8015,5454,2025-11-02T03:53:14,1624.33
8073,3126,2024-04-30T02:29:18,1788.05
4170,6789,2024-01-13T12:27:52,1083.18
1574,4629,2025-09-02T05:45:57,1425.84
7285,8337,2025-03-20T14:13:55,1188.21
6561,1240,2024-12-12T11:18:35,138.66
4123,4777,2025-02-08T16:02:59,613.35
9295,5149,2025-03-01T12:59:26,1629.23
7619,3700,2024-10-17T16:03:51,605.26
299,1339,2024-06-26T19:27:37,1999.15
4925,6773,2024-09-24T05:33:06,1947.29
31,6155,2025-03-16T13:00:08,429.19
7276,2134,2024-04-04T00:33:40,707.19
4948,6573,2024-04-23T05:15:53,1067.99
3497,2884,2024-08-06T08:48:27,1729.01
3905,2938,2024-07-25T06:44:46,1854.22
9216,8896,2025-09-24T15:43:13,1918.06
8619,2168,2025-08-26T19:38:24,1573.92
3169,1797,2024-01-04T14:58:32,1545.96
1927,8245,2025-09-15T13:12:09,1248.25
9207,4679,2025-10-30T07:50:28,1349.25
2546,7374,2024-08-30T16:40:13,977.47
726,9011,2025-06-20T03:00:16,637.5
6594,7938,2025-04-10T22:58:42,1121.58
8704,5297,2025-04-17T11:43:16,681.24
1602,5480,2025-02-08T23:05:43,1670.57
8218,6326,2025-08-10T09:11:15,523.92
5934,3521,2024-12-01T09:45:19,1377.39
8574,9121,2025-09-22T07:58:01,646.19
4939,5336,2024-06-06T00:19:57,1712.67
8734,1071,2024-06-03T14:31:10,140.36
5637,8182,2025-11-17T06:14:58,1518.19
290,4683,2025-02-26T23:22:42,1297.03
5727,4014,2025-12-12T02:01:51,19.84
9267,2575,2025-03-15T05:12:15,973.9
6009,5237,2024-07-22T04:43:23,1924.49
8767,7633,2025-10-30T10:57:05,581.75
3896,7317,2024-10-09T10:48:41,1950.25
2485,2948,2024-12-30T08:19:43,1817.52
5146,6133,2024-03-10T20:43:59,1863.47
3507,4791,2024-08-26T00:33:59,447.44
7662,4328,2024-08-12T18:31:35,78.11
6130,1897,2025-03-10T20:20:14,818.6
5388,9834,2024-12-16T02:56:18,1724.29
6448,2462,2025-04-15T13:37:33,236.29
1561,4183,2024-07-15T07:26:53,233.67
5063,7813,2024-01-08T22:39:09,1647.99
7993,4358,2025-01-22T18:08:46,1928.26
9769,2950,2025-09-29T13:33:47,1269.81
5614,3411,2025-08-05T19:29:28,902.63
3658,7637,2025-05-13T13:42:44,1655.37
1702,3924,2025-12-24T10:29:03,955.73
4171,4845,2024-02-04T17:53:05,702.71
6575,1367,2024-12-11T05:16:31,1463.26
5518,8935,2024-10-31T04:31:00,1435.5
8200,1227,2025-03-17T16:11:50,195.83
7673,1157,2024-06-01T11:17:00,574.06
5985,3467,2024-02-29T11:59:59,355.57
9937,7336,2024-02-29T15:36:23,1048.33
2834,7580,2024-09-01T12:22:57,1963.98
2188,5827,2025-09-11T23:57:33,581.97
7926,8533,2025-03-24T07:13:20,1481.33
4300,6401,2025-04-21T08:48:52,262.78
1176,7750,2025-01-22T12:00:49,1766.14
3939,8415,2024-09-17T17:28:45,983.87
4307,4757,2024-11-03T05:08:39,583.92
4715,7620,2024-01-05T09:44:36,115.34
3748,4074,2025-08-02T04:59:45,843.25
7453,3516,2025-03-16T14:05:46,39.99
7576,8509,2024-08-12T10:53:21,1040.38
4134,8062,2024-05-23T05:57:52,1067.32
5457,6859,2024-07-23T02:29:30,951.88
2017,1719,2024-10-22T15:01:44,1537.68
1799,3238,2024-05-21T16:18:58,582.74
8899,6515,2024-07-30T20:10:01,1980.12
835,4555,2024-05-26T03:37:04,961.39
2048,6185,2025-10-20T12:05:58,523.02
7646,6001,2025-03-29T23:02:53,344.77
7600,1752,2024-06-14T07:53:14,1360.92
5898,6847,2025-06-04T06:39:11,196.7
3449,9722,2025-02-04T00:30:35,1397.27
5666,5920,2025-04-04T13:57:14,1604.34
1845,3627,2025-04-10T00:12:10,142.41
4890,8718,2025-04-09T19:51:04,468.2
3949,8056,2024-07-08T19:20:45,722.04
6635,1359,2025-08-28T15:45:30,1820.47
9277,2446,2025-02-08T11:34:04,582.21
881,1154,2024-02-13T14:03:29,1407.18
4353,1223,2025-08-10T21:23:27,328.38
9210,8567,2025-06-23T12:59:40,181.33
2308,9842,2025-11-01T02:28:21,1017.54
9241,1555,2024-07-30T08:28:22,1524.03
6727,9422,2024-07-24T14:52:14,353.78
5510,3281,2024-05-26T07:09:01,1605.48
1669,5693,2025-02-08T16:14:50,1424.65
8072,8700,2025-04-23T03:02:47,1952.02
7713,9669,2025-08-06T00:26:09,602.0
7077,9867,2025-10-16T02:45:18,1643.25
3648,7494,2024-01-09T10:35:10,1666.2
5013,3898,2025-03-21T19:51:22,1783.42
3445,2385,2024-02-14T14:13:42,1488.1
4315,3025,2025-08-05T11:26:10,1626.93
4965,2262,2024-10-04T08:20:42,1916.39
5344,9185,2024-06-09T06:41:35,1893.86
8898,8978,2025-11-05T04:48:54,274.18
308,1601,2024-11-07T00:58:15,912.38
7888,9855,2024-11-29T21:18:09,1762.28
602,6554,2024-10-27T07:34:51,1947.58
5231,4117,2025-08-01T15:14:07,460.08
6214,9785,2025-04-02T11:37:36,1655.51
5743,9964,2025-07-12T13:07:47,583.94
7117,2270,2024-07-06T02:26:01,161.98
7290,1377,2024-01-26T15:39:14,816.38
7209,7495,2024-05-01T03:30:31,204.05
4459,4452,2025-08-23T17:23:19,520.14
7797,3019,2025-01-16T08:09:26,909.76
9730,1183,2025-02-03T22:02:05,1141.9
9651,1608,2024-09-12T08:24:00,1491.72
4007,1105,2024-08-29T11:25:30,1612.21
8520,3336,2025-12-23T16:46:41,600.02
9145,5195,2024-02-28T13:19:54,642.92
4516,9306,2024-04-09T23:52:42,771.06
7037,9765,2025-01-06T20:33:02,1532.35
1644,2373,2025-12-07T21:13:14,570.12
8934,8873,2024-11-22T05:10:51,588.61
5556,8244,2024-10-28T06:59:33,1215.08
2707,3757,2024-05-20T07:39:09,1501.12
9748,4087,2025-03-04T07:30:47,1145.46
1573,1079,2024-05-10T23:40:06,629.86
8710,8051,2025-02-18T08:09:25,90.78
4544,2253,2024-02-01T13:36:10,656.54
8707,7007,2025-06-24T16:30:06,466.37
1123,1130,2024-12-20T18:21:57,740.99
6068,4501,2025-11-16T06:54:53,786.56
6139,9523,2025-11-28T21:39:43,281.35
7918,2822,2025-04-06T04:11:05,1226.31
7473,2371,2025-05-13T22:34:26,357.68
1060,3181,2025-08-23T18:20:54,1284.94
8272,5552,2024-10-15T16:54:06,324.31
1640,4759,2024-11-29T04:19:27,1877.15
1347,6820,2024-06-21T15:06:20,450.54
9329,3643,2025-11-06T21:21:40,284.31
7873,1278,2024-04-20T05:30:26,1168.77
367,7951,2024-08-20T08:38:21,1382.18
7305,6495,2025-04-27T03:53:48,1225.39
42,1188,2025-03-05T16:52:41,1362.17
6479,2227,2024-07-20T10:46:11,1776.76
4728,8979,2025-12-06T22:53:17,503.44
4375,4703,2025-11-17T02:42:37,693.19
8389,7368,2025-01-24T03:00:10,1147.34
7827,6071,2025-01-09T22:34:30,202.09
6516,5714,2024-02-07T03:01:35,725.44
9418,3885,2024-07-05T23:40:48,1800.2
3565,7479,2025-03-27T18:59:56,315.5
4257,2295,2025-09-16T04:57:20,1489.83
6829,7639,2025-03-16T18:22:16,322.81
2989,7943,2024-06-24T06:00:38,1915.76
6329,6706,2025-10-27T05:26:54,807.38
2601,8145,2025-03-10T19:53:40,846.93
1464,8493,2024-12-15T22:00:51,1318.62
2274,9570,2024-06-13T09:58:01,919.45
5244,3593,2024-10-31T15:43:57,610.53
5574,2474,2024-06-26T13:02:36,1415.67
7439,1303,2024-12-09T22:44:14,612.94
8145,6210,2025-01-13T00:17:52,617.26
322,3522,2024-04-01T05:43:39,999.26
8907,4649,2025-05-11T10:46:26,1148.21
3564,6312,2024-06-20T09:00:35,541.24
5259,7832,2024-10-14T09:27:31,495.99
9650,2872,2025-05-12T12:31:35,169.82
1401,8875,2024-06-10T07:41:47,664.55
2797,2412,2024-08-07T09:23:02,1335.78
698,1742,2024-02-01T06:24:21,82.63
5971,1447,2024-01-09T22:55:39,1551.73
8214,3619,2024-12-08T04:48:44,1128.59
2516,9055,2025-06-07T15:13:58,1345.83
7282,8606,2025-03-11T22:41:22,794.31
6698,2940,2024-05-25T01:02:58,353.94
5719,8753,2024-06-11T22:25:52,1314.08
8696,1137,2025-10-06T02:03:41,745.07
9885,5673,2025-08-04T08:48:29,1259.28
1755,7631,2025-04-20T14:17:17,1698.56
1032,6362,2025-01-14T01:48:30,1166.0
4898,9566,2024-06-23T11:28:13,210.59
6474,2943,2024-12-18T10:13:15,288.05
9788,9994,2024-11-29T07:42:01,1950.49
5452,8044,2024-10-11T19:19:45,45.97
788,1356,2024-08-27T08:41:49,794.92
2229,4552,2024-02-14T04:21:20,1901.23
8123,7954,2025-09-19T21:23:06,1711.77
2258,7563,2024-08-23T05:07:28,115.11
6602,9099,2024-02-04T04:36:52,1799.68
9002,2533,2025-05-14T23:34:36,1051.97
9227,2783,2024-05-28T13:15:00,922.72
7167,8582,2024-12-11T09:59:14,908.67
671,6231,2025-07-11T23:15:17,1469.73
6439,4216,2025-04-20T10:00:05,1823.75
8859,9873,2025-06-10T19:52:59,486.68
9398,9758,2024-09-11T11:25:53,679.38
5654,3713,2025-12-11T19:20:04,1850.02
259,4033,2025-08-15T00:14:38,387.12
6830,8522,2025-04-16T10:03:20,1570.9
4466,3600,2024-01-07T03:14:06,845.71
4280,8880,2025-02-26T01:57:30,594.36
5347,5675,2025-01-07T23:07:17,1591.03
5668,4663,2025-03-07T02:12:44,1689.75
1710,2285,2024-04-03T02:41:49,1353.25
7963,4641,2025-12-23T18:44:55,692.16
6558,9444,2024-06-12T20:07:16,1341.11
8966,5956,2025-03-09T06:38:12,742.34
8635,5027,2025-04-01T13:59:11,1785.06
6140,1286,2025-11-27T18:31:04,1672.76
3966,3022,2024-08-07T19:49:29,111.12
7187,3525,2024-09-29T16:18:54,1038.6
3591,2680,2024-08-18T11:36:23,1025.53
5467,7401,2025-06-28T20:25:16,27.33
1180,9907,2025-09-15T01:29:48,1590.72
83,4872,2025-12-20T12:43:55,336.79
4916,1653,2025-07-11T21:52:38,697.87
3221,7947,2024-07-09T05:43:55,356.99
3343,3501,2024-09-15T18:15:52,1656.63
9727,3816,2024-11-07T20:50:25,1186.29
9395,3064,2025-07-05T00:53:01,619.09
551,3655,2024-11-21T04:24:12,1634.7
8293,2541,2024-09-03T20:07:45,545.46
1357,7704,2024-09-23T03:49:46,1974.45
808,1256,2025-12-28T04:44:23,485.13
7142,2944,2024-10-12T18:56:58,535.06
8998,4572,2025-05-26T05:44:25,204.8
8519,5837,2025-08-02T17:30:24,1621.96
9444,5745,2024-10-19T16:53:24,884.98
6721,5116,2025-02-14T16:50:09,461.47
6252,3129,2024-08-14T16:48:23,599.78
9610,1072,2024-07-04T06:57:12,1608.56
2743,8825,2025-09-14T13:52:33,604.28
5003,2540,2025-08-06T22:51:16,1050.12
3523,2971,2024-04-11T08:25:27,86.87
8768,4048,2024-02-01T00:07:40,1737.81
8591,1045,2025-12-27T10:11:13,899.9
2069,9537,2024-02-13T12:19:51,602.19
2369,8839,2025-05-19T02:57:09,1476.07
9997,2055,2024-08-05T14:33:09,92.14
2828,3260,2024-06-26T05:37:15,1604.53
2544,5965,2025-05-27T04:18:44,1769.98
7789,1058,2024-07-21T01:07:56,1141.49
9208,2364,2025-01-23T10:24:37,207.5
1407,4787,2025-05-15T11:18:30,916.22
9588,4397,2025-02-20T13:32:17,752.97
3141,7447,2024-03-15T04:53:09,1398.8
6489,3598,2024-07-21T18:32:44,1656.4
1807,4558,2025-01-18T08:59:23,687.12
1000,5785,2024-06-20T06:58:04,70.23
3010,2659,2025-04-25T23:17:39,682.53
8263,3006,2024-06-28T00:40:18,257.02
5751,5163,2025-06-03T04:28:47,792.65
3385,2922,2024-06-10T03:24:17,365.43
817,3347,2025-11-11T14:38:20,1971.46
131,3662,2024-07-02T21:06:13,1952.53
3893,6108,2024-08-31T09:26:08,1418.48
6993,7408,2024-04-10T23:31:21,371.37
8674,6953,2024-07-30T18:19:07,1423.78
7219,9328,2024-05-05T08:26:58,38.69
6608,1740,2025-05-12T02:26:20,1770.11
1829,8786,2024-02-02T14:48:47,1378.37
5091,4014,2024-06-23T22:41:45,1256.29
7141,5524,2025-11-06T20:07:59,277.73
5869,8099,2024-01-03T08:59:38,929.85
9422,2984,2024-06-16T08:15:26,1678.81
9173,6906,2025-03-20T22:40:06,358.81
5827,7884,2025-11-12T22:26:24,190.47
9195,8498,2025-05-12T20:14:30,1727.51
4395,8773,2025-07-02T13:21:12,713.21
3671,9195,2024-11-05T05:48:00,393.79
5483,6250,2024-02-03T07:52:47,1562.36
8962,1651,2025-06-16T10:28:22,1686.77
6954,1718,2024-08-07T10:32:46,1911.94
8078,2737,2025-03-10T16:47:05,1799.84
1931,4982,2024-02-12T08:39:44,1898.14
1972,9732,2025-03-08T21:34:34,1897.46
5296,8816,2024-09-10T15:06:36,740.8
7271,2502,2025-04-13T01:36:43,1261.78
7022,3655,2025-10-15T21:17:27,455.17
2564,9433,2024-11-24T03:28:05,1803.31
6321,2787,2024-04-26T06:21:30,570.54
8628,9922,2024-09-25T23:48:42,1485.27
4770,4282,2025-05-22T16:13:25,1541.01
9790,9423,2025-11-09T20:30:40,401.26
1426,3140,2025-10-31T23:34:40,968.74
4530,9021,2025-11-05T02:46:02,923.2
7494,8145,2024-04-19T10:44:26,1618.28
8806,2389,2024-08-11T10:26:40,1457.21
4499,2174,2025-02-18T20:37:42,697.0
8005,8240,2024-02-29T11:42:40,1768.33
8241,4050,2024-05-08T20:40:25,1544.44
2600,6087,2024-07-09T18:03:58,931.0
9625,3319,2025-10-04T13:37:23,1434.07
5647,4186,2024-04-13T06:13:08,839.66
5282,2972,2025-04-09T03:49:57,594.76
7825,4935,2025-08-29T10:51:07,1681.18
1330,6327,2024-08-02T18:01:16,1723.68
3288,6833,2024-02-14T11:03:34,1746.79
5856,2182,2025-07-21T23:32:03,1369.72
3786,3595,2025-02-05T18:44:37,877.62
1301,9589,2025-10-23T05:17:43,1759.27
2402,3072,2025-03-22T05:55:31,884.57
5485,7122,2025-12-23T22:59:47,784.6
7782,3200,2024-11-23T22:45:50,1867.59
5333,9385,2024-12-12T01:31:54,1541.18
4600,4673,2025-04-25T16:41:03,281.45
4405,4129,2025-03-10T19:19:00,768.0
7859,7387,2024-02-28T16:44:10,993.75
3585,4314,2024-03-06T23:51:57,282.76
5308,7562,2025-01-17T12:02:22,1092.5
4564,1296,2024-06-23T15:02:15,1419.47
6541,5416,2025-03-13T05:36:14,1150.47
303,8141,2024-05-20T23:12:10,1271.4
9293,8099,2025-04-08T13:22:53,1931.79
8114,8803,2024-10-19T20:51:06,1440.79
6710,9795,2024-01-05T18:04:18,34.95
7946,6269,2024-12-12T18:56:51,753.25
9538,9898,2025-11-06T11:58:12,411.06
4883,5072,2024-05-30T04:42:08,1669.49
8769,3185,2025-12-16T19:06:43,647.71
6998,2142,2024-03-14T23:34:06,35.39
5618,8975,2024-07-15T10:46:10,801.48
8426,1598,2025-11-29T14:30:08,459.65
8356,8766,2024-02-12T15:16:40,1951.35
7157,5601,2025-12-12T14:16:41,640.08
684,4524,2024-07-05T23:30:25,1168.77
3436,7852,2024-07-12T11:46:38,1415.04
6120,8474,2025-05-13T11:04:27,183.86
4022,9076,2024-03-18T16:30:07,737.84
2528,2770,2024-12-19T03:00:21,248.77
3578,7291,2024-10-20T12:06:10,46.33
8634,1828,2024-01-03T02:11:53,573.69
1816,5049,2024-12-10T01:23:25,1476.55
27,4598,2025-12-19T18:32:30,1370.81
8791,3036,2024-06-20T18:17:48,63.76
2700,1894,2024-04-25T10:29:33,463.57
9920,7497,2025-08-14T06:24:04,99.23
2603,3235,2024-07-30T19:43:10,63.14
3041,3333,2024-03-30T11:17:02,584.7
8763,4555,2024-07-06T21:15:32,383.36
6023,7392,2024-02-01T16:10:22,586.79
2733,8298,2025-01-15T07:14:05,1771.4
2446,5713,2025-06-01T05:31:35,837.23
6226,7599,2024-11-28T23:20:45,1363.09
5436,2132,2024-12-11T04:46:30,1006.63
6781,4337,2024-04-12T16:24:30,1664.12
8663,2505,2024-03-02T06:04:16,403.39
6620,9727,2024-11-06T18:58:26,1394.89
8472,3943,2024-10-22T10:49:20,131.7
8365,1203,2024-03-30T01:31:58,1287.61
4192,9592,2025-05-27T00:20:12,1043.07
129,7658,2024-10-01T17:02:51,1947.8
8085,4181,2024-08-15T16:54:09,1597.81
6453,9669,2025-12-19T21:08:30,1521.1
2066,3545,2025-01-08T23:43:37,1256.26
3622,7301,2024-06-27T17:38:43,171.82
5430,2540,2025-07-16T13:31:56,912.1
9884,5797,2024-09-14T06:40:32,1182.99
9292,6431,2024-06-18T03:59:34,107.54
7770,2346,2025-02-08T20:37:05,758.53
6699,3966,2024-08-16T10:39:04,1926.74
9281,4491,2024-02-28T07:38:49,1939.66
5873,3900,2024-08-04T23:03:10,855.17
3922,4335,2024-05-12T20:12:49,698.53
2100,8227,2025-08-23T05:47:44,1343.89
7218,3502,2024-06-17T07:24:42,287.56
9306,7049,2024-01-24T18:54:03,216.4
3824,9123,2025-09-20T09:04:18,874.94
9305,4619,2025-04-09T09:22:15,1962.42
783,4365,2025-06-12T09:37:20,1435.25
7531,2716,2024-12-19T07:29:58,499.43
8955,1911,2024-12-13T23:43:00,1343.84
2000,1807,2025-02-04T21:17:55,383.75
1203,3907,2024-09-21T16:12:32,1837.97
5047,8107,2025-10-03T02:27:50,1478.39
4749,9657,2025-10-07T23:32:07,125.27
2761,8817,2024-05-13T09:22:44,923.03
4029,6811,2025-12-05T12:47:41,1925.78
9851,8465,2024-11-18T21:49:38,403.59
8537,9356,2024-07-30T06:01:25,1095.83
4201,7862,2024-12-14T17:22:13,463.38
1987,1245,2025-08-16T20:02:13,1851.24
8950,1441,2025-03-25T22:24:13,1961.49
3397,6769,2025-02-09T23:12:18,1214.31
9204,4872,2025-04-03T10:49:41,1233.74
8339,8264,2025-10-07T19:49:21,84.32
3512,1779,2025-11-26T05:59:22,367.59
253,7046,2025-03-27T16:58:54,949.15
1305,6904,2025-12-14T01:20:22,1410.74
7328,7763,2024-08-10T23:17:13,744.24
4540,9084,2025-05-06T14:29:03,865.05
7897,2451,2024-12-06T10:54:51,1953.56
4579,8070,2025-03-14T18:21:29,833.71
150,4114,2025-03-23T20:22:48,513.17
6262,4059,2025-05-25T02:16:25,57.3
3171,4908,2024-10-17T23:53:00,403.97
9830,9052,2025-08-06T00:08:17,1242.78
1445,1291,2025-01-21T07:42:40,209.77
8985,3358,2025-04-02T20:41:53,778.31
2262,1644,2024-05-17T04:24:13,1935.19
2097,6114,2025-08-12T03:20:58,1279.51
6828,7191,2024-04-19T09:12:00,1070.92
860,1794,2025-06-03T00:26:26,1529.86
6380,5352,2024-10-09T02:18:13,970.25
3376,7290,2024-05-20T15:53:06,970.96
1214,5825,2025-07-24T02:39:28,259.06
3894,3523,2025-05-23T23:28:43,1696.37
6973,7124,2024-07-08T05:36:38,1373.62
5695,1003,2025-04-22T04:33:46,1643.75
6241,3273,2025-03-19T05:05:43,658.15
7255,9128,2025-11-04T07:45:45,196.71
8364,4247,2024-06-08T16:24:02,1574.07
9583,7314,2024-12-31T01:51:36,879.89
8698,8027,2024-03-09T03:24:22,535.63
8064,8742,2024-01-18T13:55:29,1845.63
8435,5607,2025-01-04T05:37:48,1553.32
3614,3370,2024-08-04T07:10:17,185.44
2205,7765,2025-08-07T16:29:15,1541.88
7069,2572,2024-11-05T01:05:20,1224.15
5807,7973,2025-02-21T03:55:31,590.44
5395,2833,2025-11-15T01:52:01,1981.06
6373,3623,2025-01-15T05:38:49,411.89
1537,1620,2024-09-14T15:37:22,179.6
9693,1734,2025-02-16T23:30:13,351.11
3347,3608,2025-09-25T00:55:40,1982.17
4254,9081,2024-12-01T18:01:16,529.8
6425,7098,2024-06-12T13:36:09,1336.36
7138,7247,2024-10-15T07:57:44,797.16
5415,2948,2024-12-17T13:03:48,846.73
8275,4328,2025-03-15T21:39:49,1803.87
8236,7859,2024-01-03T03:59:41,1497.63
1367,7280,2025-01-05T19:23:10,14.31
4214,9436,2024-04-12T19:42:00,1734.43
382,6352,2024-08-17T05:15:27,1496.22
683,9281,2024-11-01T10:33:56,917.18
5589,9743,2024-04-28T14:52:52,1864.64
6540,2113,2025-02-26T10:37:13,1641.99
7392,5849,2025-02-23T13:45:18,919.61
4318,2210,2024-02-29T10:34:05,1011.5
9977,5863,2024-01-01T15:49:00,1903.1
4923,8481,2025-07-20T06:36:51,1699.61
5876,5967,2024-09-27T04:15:47,1290.28
6857,2219,2025-04-01T10:18:29,901.31
210,4467,2024-09-11T06:17:45,912.13
4296,1747,2025-09-27T18:24:15,620.48
2981,8086,2024-09-07T21:08:33,1689.46
2843,7618,2024-04-24T01:42:09,895.15
470,2336,2024-02-08T15:38:24,547.85
4720,1387,2024-10-17T02:04:55,647.08
720,3837,2024-08-31T16:46:20,922.03
6228,7597,2024-02-17T10:46:49,1722.5
262,4180,2024-03-19T01:56:32,596.01
6545,9222,2025-04-17T21:46:19,80.61
8455,1242,2024-05-06T11:55:02,951.76
9451,1957,2024-09-21T01:42:41,692.48
378,3240,2025-07-13T23:04:44,1258.35
8385,6040,2024-12-11T20:55:30,536.88
5427,1633,2024-10-22T03:06:13,1925.72
733,4310,2024-06-15T05:00:11,1656.76
3052,7100,2024-10-14T02:36:04,1323.51
9983,7905,2025-07-26T12:56:57,418.38
4838,3379,2025-05-28T13:41:43,1160.84
1448,5990,2025-04-25T20:13:46,1780.77
5729,2527,2024-11-18T23:05:35,976.35
2372,5380,2025-11-28T10:41:06,1009.61
2001,7521,2024-12-07T09:52:41,1769.37
7588,2002,2025-12-01T09:29:57,41.07
3136,8476,2024-08-11T15:03:52,696.83
9848,8434,2024-06-19T19:35:49,1398.58
2111,2410,2024-02-11T18:54:08,855.8
8083,1515,2025-01-23T18:01:13,34.39
5565,7371,2024-01-17T23:51:35,1145.45
4380,4319,2025-05-13T08:16:43,159.56
9120,9780,2025-07-15T15:18:44,963.44
764,8319,2024-07-01T22:26:03,1508.74
9025,1354,2025-09-24T13:34:55,137.46
2389,9513,2024-06-29T10:54:32,1291.12
2588,8656,2025-10-01T22:45:29,539.53
3298,6333,2025-07-25T12:32:56,1357.47
806,2848,2025-12-29T02:35:44,69.27
7469,2752,2024-06-08T01:03:13,449.96
2174,9948,2025-12-20T16:24:47,1154.82
2122,6320,2025-11-16T09:12:02,909.3
8066,8268,2025-10-12T05:03:57,1047.56
5763,6383,2024-10-29T03:58:47,358.59
2280,3138,2025-05-18T22:15:19,33.66
3775,7794,2025-12-02T03:02:43,1348.24
5657,8682,2024-10-16T00:45:07,1911.56
183,9270,2025-07-12T16:14:18,856.35
64,2049,2024-06-23T12:39:43,679.48
1415,8171,2025-11-25T19:12:12,1910.4
8136,7058,2025-07-27T08:02:04,1544.55
4440,3774,2024-01-16T14:49:42,1578.53
3172,7908,2024-01-13T10:58:41,60.75
8669,2954,2025-05-26T04:36:40,227.32
500,3504,2025-04-12T21:31:51,1521.63
2393,8503,2024-12-11T20:10:44,611.64
6250,8096,2025-02-25T04:52:30,1950.14
6243,9753,2024-01-31T15:07:05,1546.28
2794,7395,2024-08-15T21:15:40,1919.81
6589,4095,2024-05-19T16:16:24,763.6
5831,1696,2025-01-05T11:29:50,941.1
8180,2261,2024-12-04T21:51:31,1175.46
1372,6641,2025-11-12T04:11:16,627.62
2490,2487,2024-01-23T17:25:46,295.39
2064,8849,2025-12-17T08:32:27,1832.75
8249,1667,2024-02-22T05:21:48,312.16
6839,4878,2025-04-06T22:02:28,257.38
9064,1484,2025-08-04T20:15:36,1152.4
8775,6540,2025-02-19T11:35:04,1305.15
6628,3674,2025-08-09T19:22:26,1997.17
2024,1057,2024-06-06T13:25:47,1247.01
2196,5603,2025-04-23T07:18:08,554.06
9674,3105,2025-01-21T20:30:39,583.75
2623,3374,2024-08-03T17:19:57,729.18
2170,8373,2025-09-28T23:14:21,772.51
8626,2202,2025-09-24T04:59:53,1118.9
9090,3101,2025-08-06T18:59:12,762.32
283,2229,2025-03-04T17:52:52,317.28
9676,3314,2025-07-24T14:38:04,46.48
6235,2412,2024-05-03T16:01:22,1984.34
6266,9068,2025-02-17T08:52:36,772.03
1715,5501,2025-11-15T06:47:33,984.16
6871,8700,2025-11-02T11:45:35,1983.8
376,6772,2024-06-27T17:43:03,441.91
1688,9409,2024-03-31T21:12:20,1913.64
9197,9962,2025-08-01T14:48:44,1862.78
5027,9040,2025-09-27T00:53:54,380.74
6832,9520,2025-03-09T10:26:03,1795.92
903,7150,2024-10-03T08:48:05,866.54
2502,3963,2024-03-24T08:40:25,1670.31
5591,5461,2024-05-13T10:28:56,1028.93
4373,8679,2024-02-17T11:07:54,1190.94
6662,3208,2025-04-21T16:08:35,1446.15
2317,3589,2024-05-16T14:46:57,1572.06
1611,3461,2024-06-13T06:57:52,377.88
3011,1425,2025-12-29T05:50:54,910.88
1961,7436,2025-11-27T20:33:36,1315.58
9157,4425,2024-08-26T06:11:02,451.14
5334,4028,2024-06-07T21:50:06,229.82
5005,7113,2024-02-15T22:33:54,195.5
3890,4078,2024-10-26T02:02:34,977.85
9545,5148,2025-05-12T04:36:29,1215.15
6665,7250,2024-07-10T09:09:49,1778.86
7482,9802,2024-07-22T14:42:57,121.68
5240,3830,2025-05-29T00:19:31,306.32
5126,6954,2025-11-09T13:11:55,1801.21
4966,6270,2024-04-14T11:07:39,1720.59
8996,4868,2024-12-09T12:18:31,1480.77
5908,8229,2025-03-02T02:02:59,1438.27
6673,5258,2025-03-25T22:21:14,658.67
778,6927,2025-02-14T05:51:38,160.81
1636,8901,2024-03-13T09:11:12,1320.49
1441,7203,2024-06-21T23:33:01,809.54
8730,7907,2024-04-29T19:40:39,1804.09
7225,6530,2024-05-22T04:07:18,426.07
7370,5592,2025-04-18T09:56:23,847.14
169,4262,2024-06-23T11:36:19,298.97
4864,3486,2025-08-28T19:05:32,1127.95
5035,4244,2025-08-16T01:05:35,589.45
965,6225,2024-12-17T10:13:37,139.01
3110,3279,2024-01-26T00:25:08,311.61
639,7044,2025-03-20T12:01:26,937.47
3662,6496,2025-04-13T12:16:46,60.96
5255,2996,2024-11-29T05:05:30,1200.24
1029,2525,2025-09-09T04:23:31,808.69
885,1697,2025-12-14T22:14:21,463.38
3208,5726,2024-11-18T06:10:24,1502.35
5939,3581,2025-08-16T17:46:34,427.51
5839,9350,2025-09-30T14:27:52,480.98
5446,3893,2025-08-25T12:50:37,1546.06
1374,3736,2024-08-25T18:23:56,135.25
4088,2320,2025-04-20T16:34:19,1775.6
3222,5966,2024-07-12T09:07:35,574.28
1444,8324,2025-01-22T03:53:45,635.54
6580,9767,2024-08-24T05:05:50,280.79
4846,7646,2025-11-06T09:08:11,906.95
1428,1753,2024-12-08T07:01:03,131.36
1486,7920,2025-10-20T02:50:13,1617.57
4837,6373,2024-04-12T07:11:53,846.93
3166,9566,2024-02-07T02:14:12,1283.82
7737,2991,2025-08-01T04:52:04,248.11
2536,8635,2025-09-07T17:35:04,407.85
5152,3618,2024-03-19T20:05:15,1802.13
8438,6391,2024-11-30T16:42:20,439.97
1038,3139,2025-03-24T21:27:50,1134.45
2841,6638,2024-08-31T15:42:10,20.76
1665,8133,2025-04-11T05:23:09,180.84
853,9005,2025-09-30T03:35:01,1933.18
9332,5550,2025-02-20T08:41:49,944.73
7591,4628,2024-03-22T01:41:04,6.09
6062,7799,2024-09-16T21:10:52,228.47
1685,1076,2025-03-22T13:02:17,525.91
2573,2234,2025-09-03T09:31:56,1681.56
5108,4893,2025-08-04T01:01:28,1367.35
9402,1244,2024-10-21T05:47:03,328.49
2083,4311,2024-01-30T01:05:38,1827.14
4246,1651,2024-01-22T05:50:35,1919.91
3098,8773,2024-06-12T00:21:14,471.28
6311,2409,2024-01-30T06:36:09,1677.93
9570,1196,2025-05-11T10:50:16,210.7
1066,2646,2024-03-08T07:58:55,284.33
8731,1262,2024-11-11T10:20:47,266.51
3213,9543,2024-10-23T07:24:46,646.67
910,6050,2024-01-05T00:50:45,892.25
673,7070,2024-04-11T13:39:27,1032.39
8975,1456,2025-09-02T18:39:00,1265.91
1503,5819,2024-05-30T07:03:31,900.39
8725,7674,2025-06-27T05:58:21,762.87
9713,3285,2024-08-13T10:01:00,193.86
3611,6247,2024-04-23T20:37:07,299.82
1591,9227,2024-10-09T14:56:44,26.13
3368,3826,2024-08-23T02:32:35,1307.33
8816,9328,2024-05-28T06:49:31,1326.41
3525,2616,2024-12-12T05:45:04,154.38
2914,7258,2024-09-03T12:26:14,518.07
5656,6615,2024-12-22T23:40:55,1235.51
7549,9243,2025-12-14T04:52:40,1391.11
6174,7035,2024-02-09T01:38:40,444.92
1813,5097,2025-10-15T15:25:45,1635.42
8501,9317,2025-02-05T01:16:40,1321.24
5915,9796,2024-07-13T10:14:27,1494.1
5412,1385,2024-05-28T08:37:14,37.36
6146,8113,2024-04-23T21:03:02,1323.53
9077,4420,2025-11-29T18:35:11,1451.77
2799,9063,2025-04-15T11:58:47,206.3
1245,8869,2024-08-16T18:47:58,403.35
4974,9145,2024-12-06T02:30:22,1184.17
8561,1800,2024-05-14T02:44:18,1048.9
949,2392,2025-12-11T05:40:29,223.19
5632,4583,2025-01-30T17:53:36,1263.2
5372,4081,2025-11-08T07:06:03,473.46
9018,1875,2025-02-21T15:57:17,1748.05
8012,9360,2024-03-25T13:10:07,610.1
1949,6168,2024-03-18T08:44:51,971.9
9500,3262,2024-11-11T23:13:37,633.23
5975,8877,2024-05-27T21:43:25,1906.41
8815,5015,2024-02-01T01:50:13,1414.64
8639,9944,2024-07-12T03:04:14,303.47
3442,6123,2024-11-11T17:59:05,1691.26
5723,9152,2025-09-23T02:26:54,929.69
1287,8785,2024-02-08T06:51:01,1842.07
9955,2318,2025-03-29T17:10:26,1246.32
9294,7365,2024-05-24T02:49:48,137.53
6856,8823,2024-04-19T10:48:49,671.86
4384,7274,2025-04-01T04:23:00,663.67
3205,8270,2025-04-09T12:55:46,1479.81
6126,4185,2025-03-18T07:54:18,1906.81
8424,6952,2024-07-02T10:51:41,826.74
5822,9868,2025-03-03T08:37:39,1826.38
9462,6493,2024-06-07T20:06:53,495.92
142,6753,2024-08-04T19:16:01,1284.76
9842,2314,2024-09-22T19:28:16,522.79
8282,9334,2025-06-02T16:19:03,1260.96
1251,4029,2024-10-28T00:01:44,745.19
6005,1994,2024-02-20T02:38:16,539.28
3336,3415,2024-12-20T00:26:22,1204.92
1478,4560,2025-07-06T22:17:59,405.77
3339,5480,2024-04-05T21:32:09,1993.71
1565,5107,2024-02-22T07:43:58,200.91
9212,8765,2024-06-10T17:29:17,265.94
7850,1981,2024-01-24T07:42:28,196.08
8142,8875,2025-08-09T04:36:12,1065.46
5081,2104,2025-08-15T06:48:07,487.29
6777,7174,2024-07-16T03:02:47,468.94
6657,8214,2025-03-02T20:23:38,626.67
9678,7176,2025-06-01T17:12:01,1580.87
9558,4551,2024-02-07T21:27:58,1903.56
9406,6879,2024-08-14T02:48:28,366.66
3698,8242,2024-07-17T20:40:34,1302.33
7879,8628,2024-03-02T06:51:17,1207.34
8267,7435,2025-08-06T14:18:24,629.55
3702,3113,2025-04-26T07:44:15,884.45
2728,3525,2025-08-07T12:42:30,245.6
274,5978,2025-09-22T00:47:03,174.94
1690,5098,2025-03-22T12:47:55,1389.91
4621,5260,2024-11-19T23:06:49,1767.3
4301,1326,2025-02-23T05:59:31,1900.81
5363,8859,2025-06-29T22:34:18,131.25
3080,8086,2024-12-29T03:46:55,820.86
44,6573,2025-08-19T23:43:07,227.55
2101,3446,2024-07-30T18:38:34,319.2
4956,3381,2024-06-16T17:56:13,29.77
4903,5519,2025-07-22T21:43:13,1809.94
7459,7725,2025-12-18T17:44:13,440.64
9833,6776,2024-07-04T15:17:39,1154.33
2747,2763,2025-02-02T18:44:25,1023.75
5564,8409,2024-02-20T06:00:05,1427.57
8198,3935,2025-10-27T05:54:18,378.43
7435,7266,2024-07-21T11:17:54,1700.74
4151,7465,2025-03-19T13:45:06,82.02
1480,3173,2025-12-16T12:15:32,1962.76
9041,8644,2024-01-19T14:45:30,1821.21
3494,5623,2024-08-12T20:02:56,974.43
3992,5954,2025-04-22T20:19:06,1574.33
7391,3159,2024-07-29T09:04:12,98.1
5039,7370,2025-01-11T00:21:42,615.27
7939,7051,2025-03-07T07:28:01,1390.13
5052,4335,2024-02-26T16:08:16,993.07
529,2388,2025-07-04T13:37:25,622.62
9446,2937,2025-08-30T16:27:31,1231.8
6366,2734,2025-09-19T09:09:45,1475.41
8716,6396,2025-12-20T00:50:12,454.13
1446,1587,2024-11-16T06:32:51,1116.48
3544,9401,2024-01-07T21:11:13,913.6
1102,1480,2024-04-01T16:44:12,673.35
5810,7219,2025-09-25T13:37:34,1998.57
898,1879,2024-09-25T15:17:18,199.88
4152,6926,2024-08-01T00:45:40,541.15
1100,5247,2025-07-13T20:02:35,338.09
2549,3560,2025-01-04T15:37:30,1015.84
2863,5057,2025-02-07T15:17:18,214.93
6920,5908,2024-07-14T05:53:37,1862.24
8766,3183,2025-06-14T04:48:59,424.61
3965,8436,2024-01-13T02:39:48,86.7
7884,2732,2024-04-12T01:43:13,217.07
9520,1850,2025-05-24T02:16:23,920.62
5170,2361,2025-09-02T22:51:46,712.65
285,5771,2024-12-30T23:48:12,70.12
4683,2636,2024-06-02T07:43:57,1087.03
6928,6774,2024-09-17T15:21:28,164.72
8133,8567,2025-09-22T18:36:26,325.75
3047,3884,2024-01-17T16:38:25,1686.55
2957,2329,2025-02-21T23:29:50,1575.67
60,9835,2025-12-22T12:12:09,1511.75
3794,7265,2024-03-02T04:25:33,55.45
3813,6681,2024-09-23T06:26:59,970.4
2689,2468,2024-04-12T11:09:30,638.05
4526,3463,2024-03-03T03:28:40,18.88
1111,6963,2025-01-01T10:19:45,769.04
8631,7429,2025-07-11T22:19:44,1339.81
275,2940,2024-07-11T18:36:53,1118.36
6143,8113,2025-12-01T19:07:52,685.97
5622,2659,2025-11-27T18:00:59,594.36
6622,5235,2024-04-16T18:25:43,793.4
9452,8715,2025-05-26T17:32:43,1297.96
2182,2279,2025-07-30T02:01:52,1369.73
6110,7071,2025-06-02T02:15:40,905.81
260,8933,2025-07-27T16:35:19,556.62
2413,8243,2025-07-19T21:02:25,680.68
8972,2298,2024-11-05T14:19:29,306.12
6282,7441,2025-02-10T16:19:46,924.07
6552,5794,2024-10-23T21:07:13,208.6
9675,1563,2024-01-31T14:25:34,1379.97
9922,4370,2025-04-14T14:19:05,549.92
4599,4094,2024-11-14T16:25:51,1274.65
9543,2405,2025-01-22T09:39:34,1396.14
7977,2470,2024-01-24T00:14:41,1448.2
8375,4414,2025-06-21T22:00:10,1581.13
6691,7054,2025-10-27T16:20:01,519.89
8368,4277,2025-12-30T02:28:22,1432.26
1524,2857,2025-09-10T10:21:59,774.82
6965,3065,2024-09-27T11:06:04,1875.69
7352,4193,2024-07-12T03:22:39,623.5
7707,8227,2024-02-25T12:03:25,1491.66
5021,3543,2025-04-13T18:07:05,1994.7
5112,6900,2025-11-14T02:01:48,451.56
1254,4706,2024-07-23T14:08:49,1674.97
6986,7143,2025-06-26T20:14:25,1724.47
6583,4819,2025-07-26T18:58:54,1144.32
4534,6847,2024-08-15T18:23:02,837.04
7338,6836,2024-11-01T15:02:30,1059.89
3524,4120,2025-12-09T12:12:30,389.89
9381,4648,2024-03-13T09:59:48,839.42
5215,3661,2024-06-25T20:55:31,792.36
1668,7564,2025-12-23T21:13:32,1229.86
8973,7539,2025-04-06T02:57:24,1364.11
1422,3611,2025-10-17T19:49:19,211.91
1317,7709,2024-07-28T00:04:53,1029.0
5151,3870,2025-06-30T12:06:52,583.03
6539,5303,2025-08-04T18:47:40,1173.2
8223,9081,2024-05-02T17:24:07,364.46
1289,5965,2025-09-26T21:10:40,625.34
1275,1202,2025-12-13T09:08:13,1574.17
6905,9432,2025-09-07T23:10:45,1851.76
5926,3819,2024-05-29T13:17:31,1645.52
9739,8616,2025-01-08T00:55:25,308.83
4023,7409,2024-08-01T17:45:07,774.71
982,6766,2024-09-27T05:47:07,1691.81
1150,4401,2025-08-21T08:07:04,906.57
1290,9054,2025-10-16T15:47:55,1717.18
474,2816,2024-11-29T22:10:15,570.08
7642,5435,2025-08-22T22:35:46,1074.46
4264,1583,2025-10-15T13:24:41,1898.62
604,9507,2025-09-11T06:34:45,537.11
221,7043,2025-08-18T16:01:00,339.74
523,1857,2024-09-19T19:37:14,1579.51
7043,2572,2025-05-25T14:00:50,1990.88
6744,4139,2024-01-24T20:23:04,1735.88
2133,8063,2025-09-24T04:29:18,1569.71
3282,1118,2025-02-09T17:01:17,754.45
9774,7306,2025-12-03T16:48:10,1304.16
5603,7617,2025-07-18T02:00:01,1778.14
4031,6861,2024-05-02T23:11:48,1003.77
5988,1661,2024-12-30T04:27:07,1016.75
6925,1869,2024-09-16T10:04:17,893.8
5465,1651,2024-03-30T23:35:50,468.34
8608,8934,2025-02-04T12:09:33,390.79
4001,5760,2024-03-16T15:39:00,1133.06
5627,8855,2025-11-05T16:25:07,140.17
4316,7565,2024-10-20T11:45:36,266.73
4760,5536,2024-11-30T17:25:45,934.1
3968,1010,2025-05-27T20:00:49,104.55
2458,9677,2024-08-14T13:00:46,1279.7
8295,2721,2025-05-11T23:37:02,602.53
5851,5144,2025-08-03T01:05:35,1384.14
6528,8167,2025-10-13T03:37:01,1779.82
6105,4179,2024-12-13T12:41:59,688.51
6702,6089,2025-01-03T03:02:20,805.47
549,8218,2025-03-19T01:23:17,926.05
4551,2907,2024-12-02T15:49:09,1588.32
763,1111,2024-07-11T15:55:58,525.27
530,6381,2024-10-19T13:48:40,1627.3
954,5239,2024-03-17T14:09:34,447.89
974,7370,2024-11-29T15:26:43,13.88
3408,9780,2024-04-21T06:15:38,411.51
3403,3105,2024-08-03T11:01:51,1459.56
7720,9653,2024-06-12T01:11:35,1008.04
5196,2235,2025-11-01T20:21:21,24.24
1246,4390,2024-01-20T23:44:53,345.81
1447,2489,2024-01-01T03:09:49,1584.61
4884,4707,2024-02-24T18:48:18,1926.9
3273,7697,2025-11-08T00:05:29,884.26
5747,7836,2025-11-13T03:28:31,1858.45
7294,7989,2025-03-14T21:13:35,1234.84
5049,1732,2025-06-13T01:14:47,1821.77
1320,4666,2024-01-07T13:46:31,508.52
5812,9699,2024-02-27T18:51:54,730.75
7656,3312,2024-10-03T23:54:57,598.64
6902,5571,2024-07-18T16:31:14,1913.32
7865,8765,2024-02-23T03:07:05,1669.3
370,6881,2024-10-23T05:08:44,1151.75
2463,5932,2025-06-16T00:42:47,546.56
4345,6266,2024-01-29T08:35:25,1379.55
410,7018,2025-06-16T14:00:23,1091.21
4611,2061,2024-08-15T13:34:43,1789.42
7788,7854,2024-02-04T21:03:49,993.12
9136,1200,2024-06-01T08:59:04,811.47
6880,9884,2025-12-26T10:17:00,1848.77
7631,8161,2024-06-22T01:59:20,655.88
6379,5265,2024-09-06T05:03:22,1494.92
9882,8234,2024-10-15T05:32:02,760.3
3933,1016,2025-01-03T00:50:03,979.17
451,7929,2025-08-05T18:18:43,1736.84
9434,7169,2024-09-21T11:36:15,1432.51
9449,8395,2025-06-04T11:11:48,1948.2
7310,5217,2024-08-26T18:11:37,1572.2
3118,2138,2024-06-03T13:36:19,1823.13
5803,9099,2025-01-02T17:22:16,1109.4
2267,1584,2024-04-18T16:43:32,390.22
5477,9353,2025-10-28T07:24:05,295.08
8232,9015,2024-06-08T13:06:03,533.23
4674,5354,2025-04-18T03:08:59,1106.19
3923,5718,2024-08-11T16:34:12,1469.1
4700,9824,2025-06-17T13:50:33,1646.0
4467,6516,2024-09-16T23:29:34,1297.52
6134,1500,2025-11-23T12:46:06,1285.66
8124,6243,2024-04-04T23:27:17,947.56
4342,4808,2025-10-14T04:12:38,122.57
8125,6520,2025-03-04T14:28:30,645.3
8002,7347,2024-11-20T21:46:49,1870.22
9082,5987,2025-05-08T17:38:56,555.78
8347,7074,2024-07-09T18:30:29,1527.22
675,5382,2024-04-05T03:58:26,901.94
5131,7752,2025-08-24T15:10:26,106.52
8818,5298,2025-09-09T20:30:53,1892.0
7283,9925,2024-08-28T03:39:36,1332.44
6430,2343,2024-10-28T06:04:07,1630.27
4015,9957,2025-10-15T18:48:46,524.24
6360,7771,2024-08-15T07:43:49,303.66
2227,5641,2025-07-17T07:39:07,507.53
6775,8853,2024-04-13T04:24:30,213.78
2836,1607,2025-08-12T16:22:18,1322.05
7013,1760,2024-11-02T23:49:57,465.74
7563,5880,2025-07-27T08:33:46,1773.76
9939,1148,2025-10-15T07:10:04,478.93
5855,5095,2024-06-28T07:27:40,1491.04
4587,4567,2024-09-30T10:12:52,839.27
4940,6744,2025-01-12T01:16:09,677.32
7316,1281,2024-07-23T21:28:59,1054.02
9995,8906,2024-05-10T05:32:32,1870.41
3602,3475,2025-04-14T12:48:56,360.25
7349,5859,2024-06-07T23:57:03,1781.05
784,2489,2025-01-14T16:24:49,1798.28
7812,4162,2024-09-28T03:49:08,1027.74
1455,5783,2024-10-02T20:16:13,1097.64
6909,1743,2024-09-15T02:20:14,311.69
7205,9156,2024-10-29T05:09:45,1576.88
6075,3282,2024-01-21T11:41:13,1514.26
3643,8703,2024-08-20T15:13:41,825.99
3215,2146,2025-01-16T20:52:35,1907.55
2467,8944,2024-10-16T17:29:18,826.93
1179,9614,2025-05-14T03:54:40,502.05
8802,6922,2025-03-09T19:24:45,109.46
1720,3863,2024-11-01T19:24:55,917.11
3812,1515,2024-05-18T18:46:55,238.83
4008,4288,2025-04-29T09:56:17,233.84
6186,1372,2024-07-23T16:51:04,797.57
8335,2428,2024-07-31T10:54:44,578.51
6603,5065,2025-05-13T21:50:22,358.17
4230,5576,2025-04-01T18:37:19,1889.81
9921,1778,2025-05-18T18:17:45,548.04
4609,4920,2025-11-10T08:39:41,354.55
4982,7492,2024-04-13T13:57:02,434.33
4158,4569,2025-10-17T19:21:53,820.18
3533,9255,2025-12-24T09:17:34,1582.82
6922,6208,2024-05-17T09:13:17,1601.4
3184,7376,2024-01-10T07:20:56,429.47
846,4328,2024-09-05T17:34:51,744.56
2404,1568,2025-07-03T05:56:25,1332.78
6799,2522,2024-10-25T00:58:57,581.08
5367,3867,2024-11-16T08:08:43,1945.95
6346,6027,2025-09-14T15:18:27,748.14
3543,4568,2024-05-04T06:40:23,1186.26
800,7439,2025-02-21T07:13:26,1060.04
7780,4506,2025-01-15T21:59:50,21.5
6162,2913,2024-02-12T20:05:14,1668.25
8589,1070,2024-04-12T07:13:33,174.92
5739,9273,2025-10-28T06:04:04,550.52
7532,5992,2025-03-04T20:49:17,1930.44
8024,9078,2024-03-19T12:10:51,1549.35
2416,4610,2024-11-07T22:55:27,894.72
6044,6817,2025-10-01T23:18:34,392.69
8253,6383,2024-08-08T08:10:36,1593.45
4817,7679,2024-04-22T02:42:27,97.77
26,8573,2024-05-06T22:02:35,762.01
3415,9707,2024-04-06T19:06:28,224.43
1378,6615,2024-04-13T22:00:56,1992.3
5464,4039,2025-05-24T17:37:24,1166.33
6183,8768,2025-10-03T13:52:06,1846.04
9000,6214,2025-06-13T05:12:06,882.76
7198,8760,2024-10-09T09:49:10,1383.92
2316,1859,2025-07-29T02:22:16,1850.1
1302,3846,2024-01-23T11:37:58,389.56
357,6873,2024-08-15T20:46:18,752.81
1386,2771,2024-02-07T06:02:46,1308.87
311,1018,2025-10-02T17:45:27,1317.03
3617,7782,2025-01-08T19:52:07,1205.48
5748,4783,2025-12-11T00:09:21,1846.56
8392,4692,2024-10-14T04:08:18,760.11
5294,3105,2025-03-31T12:47:09,648.99
3210,9836,2024-06-08T20:42:54,112.88
6314,6370,2024-09-10T19:23:37,408.58
849,7841,2025-03-05T18:28:30,593.91
9164,5985,2024-06-17T05:18:46,375.41
6672,3060,2025-07-04T23:21:57,204.52
4006,3535,2025-11-26T04:59:05,605.28
9388,8533,2024-08-22T00:31:36,1548.87
4711,5974,2025-01-01T14:22:33,744.73
8476,4801,2024-07-29T22:08:25,1125.02
4086,1579,2024-02-26T15:10:34,694.96
6739,9048,2025-04-22T12:16:00,1365.93
1169,1829,2024-12-24T01:34:05,340.14
8425,8018,2025-11-16T07:18:34,71.37
4930,9966,2025-11-01T16:29:16,1298.33
6167,7147,2024-02-21T10:28:32,1057.99
2826,5021,2025-05-31T12:24:36,307.46
7010,9897,2025-11-11T18:20:54,905.04
8037,7079,2025-11-13T02:08:18,625.45
5304,9565,2024-03-20T10:08:17,330.95
9572,5617,2024-10-23T06:25:47,897.52
3944,8935,2025-10-27T14:49:14,229.96
913,9395,2025-03-08T14:57:12,819.05
5414,2168,2025-10-04T20:38:14,138.71
2131,3605,2025-03-01T14:30:36,1947.91
546,6070,2024-07-04T18:25:26,1931.37
4927,6316,2024-02-07T03:02:24,919.12
2038,6901,2025-08-05T00:36:47,1863.3
7303,2283,2024-07-01T08:26:37,1707.38
5426,9033,2025-06-15T22:29:42,1989.3
2750,2339,2025-03-30T19:46:35,1538.45
8800,8833,2024-08-20T00:52:31,61.41
7728,6171,2024-10-14T16:52:41,299.87
1182,8940,2025-08-29T23:00:22,691.35
9636,7187,2025-04-18T08:02:21,1050.41
9192,7361,2025-12-08T10:13:44,990.24
2916,3359,2024-08-09T15:20:30,369.42
4331,1282,2024-10-24T00:36:29,1986.34
2224,1138,2024-01-09T05:11:16,1664.22
747,1595,2024-05-16T12:56:20,1994.36
5094,9659,2025-04-12T07:45:22,579.17
5623,6743,2024-02-11T06:12:58,932.85
7938,2514,2024-09-04T06:18:07,1325.99
3758,8517,2024-05-16T13:24:24,859.63
9448,2710,2025-04-22T02:59:12,1840.39
6694,5738,2024-09-18T08:57:04,113.11
6701,8837,2025-11-15T13:37:59,1389.43
5491,8090,2024-02-28T07:08:03,1201.64
273,1878,2025-05-03T21:43:06,307.7
5312,5272,2024-03-30T12:23:59,458.66
4559,3969,2025-12-07T14:54:08,1358.03
306,3634,2024-03-22T05:52:59,662.96
5369,5601,2025-08-20T17:08:08,1421.25
8473,9824,2024-09-21T01:39:36,881.18
9429,4697,2025-04-25T18:54:23,981.37
7127,8736,2025-03-14T07:38:37,1982.3
6029,5814,2024-05-25T05:05:58,387.39
3400,3321,2024-05-26T01:56:49,602.92
4655,8950,2024-10-20T14:02:03,1298.51
3350,7412,2025-08-11T12:48:58,785.17
2961,7336,2024-10-05T00:57:54,358.49
9224,3694,2025-08-04T12:07:54,780.26
4273,3918,2024-06-10T23:35:50,82.43
4793,9335,2024-07-17T06:50:55,228.42
8052,2620,2025-01-20T13:13:51,1181.44
6298,7062,2025-08-30T03:37:09,208.93
1572,6182,2024-10-10T02:39:00,1917.52
328,2143,2024-04-16T00:41:59,556.11
6921,4198,2025-01-25T23:40:48,1096.59
8277,7480,2024-05-20T10:34:12,895.45
8894,5554,2025-04-17T19:14:19,1494.68
1255,2009,2025-03-14T06:19:07,306.51
5550,7299,2025-07-28T03:01:22,1701.92
1,2824,2025-05-11T15:46:46,54.9
5338,4511,2025-06-07T16:07:01,1773.87
7081,9209,2024-01-11T20:49:54,116.47
6863,3071,2025-01-27T20:45:03,10.76
5874,8753,2024-01-11T16:38:49,1572.46
9984,7810,2025-12-17T23:29:31,527.55
6426,4025,2024-10-04T13:45:10,477.41
5517,9142,2025-05-17T21:51:08,753.12
1682,6703,2025-07-18T00:12:23,698.21
7341,8722,2025-10-14T02:57:33,1927.87
4272,9039,2024-02-22T05:50:27,1117.69
8579,6398,2024-01-09T19:42:03,1244.06
3521,5521,2024-07-04T01:20:35,424.02
432,7580,2025-01-07T00:52:11,855.42
1324,8646,2024-06-18T11:42:41,607.78
1345,3999,2025-07-17T06:27:31,1894.11
7215,7595,2024-07-19T14:30:50,959.56
4274,5310,2025-06-18T08:54:27,1228.69
1393,3247,2024-07-28T16:44:19,840.56
844,9147,2025-02-02T07:35:35,934.68
7099,3251,2024-11-15T04:23:45,1839.67
365,9955,2025-06-10T07:34:56,320.16
7497,5658,2024-02-05T07:39:43,330.37
9968,7099,2024-01-20T14:52:10,730.1
6695,6472,2024-11-03T23:06:59,1209.28
269,6582,2024-12-08T02:56:00,372.81
7488,9532,2024-08-31T15:23:19,657.95
9831,6416,2025-10-08T13:43:37,380.24
9493,6987,2025-10-10T02:46:02,1346.92
8830,8151,2024-11-19T20:26:07,596.71
7373,9524,2024-04-13T16:11:00,1988.06
7041,9340,2025-09-16T06:09:44,555.84
7105,2607,2025-04-06T11:10:20,1481.11
8460,6289,2024-11-21T04:45:09,1931.72
6182,9062,2024-03-12T12:18:00,1451.35
6586,1420,2024-02-17T22:26:28,522.7
4667,9761,2025-03-05T17:58:12,1693.98
4502,6935,2024-10-13T17:07:47,683.0
3478,8198,2025-05-24T17:56:21,327.86
7461,7590,2025-05-31T09:31:32,469.02
8334,3662,2024-05-11T16:12:48,495.14
9020,5374,2024-08-22T23:59:58,717.54
2235,2240,2024-12-28T16:40:58,1279.37
9728,7965,2024-05-22T23:24:54,867.35
5575,2513,2024-05-03T07:22:58,1232.82
617,4866,2024-02-22T05:19:14,1558.14
75,2612,2024-02-12T01:49:26,125.92
3300,2333,2025-04-20T19:32:56,699.93
9613,8731,2025-12-18T13:57:20,254.5
9003,4647,2025-04-24T21:52:53,1035.57
2042,5797,2024-02-20T10:18:21,944.28
7503,7656,2025-08-13T13:58:39,1178.31
4238,6150,2024-08-04T03:04:19,203.44
735,4920,2025-04-23T05:03:06,488.7
5377,7017,2024-03-09T16:11:37,915.23
6634,2546,2025-01-31T22:32:33,804.21
9817,6156,2025-10-17T23:17:54,542.93
1575,8145,2025-05-12T18:05:46,556.98
5288,7904,2024-01-23T09:16:00,162.03
3433,7206,2024-04-20T19:33:51,1137.28
5354,7108,2024-11-24T16:22:46,156.82
4643,3593,2025-07-10T00:09:46,1137.44
6914,4964,2025-02-11T00:24:06,678.1
6995,2001,2024-05-22T17:43:32,1257.33
9328,2823,2025-07-13T07:55:02,247.82
4076,9755,2024-02-28T01:56:47,1152.83
136,2771,2025-09-03T13:43:28,768.17
7858,9344,2025-07-31T07:04:47,947.86
4457,9253,2025-06-27T10:29:33,1105.46
6115,8423,2025-07-09T02:05:35,1983.83
8570,4716,2024-08-24T20:51:36,1706.55
9166,8253,2024-08-19T10:10:22,859.25
2673,3391,2025-09-07T12:35:27,62.4
5692,1662,2024-03-08T23:29:40,334.62
9464,9833,2024-04-05T14:49:42,714.69
356,6314,2024-02-05T17:20:01,1593.31
5571,9473,2024-06-19T05:00:19,1200.21
3346,7419,2025-07-18T23:38:03,601.71
4408,6085,2025-03-31T07:20:38,660.26
7369,3653,2024-05-06T21:25:43,1631.06
342,6439,2025-04-03T09:45:38,1740.05
5629,3718,2025-01-28T13:53:59,27.06
5403,7684,2025-08-05T09:46:32,1377.16
9085,6741,2025-08-26T09:47:44,130.02
2189,5981,2024-01-28T10:31:43,1455.31
9677,1813,2024-10-30T19:03:38,177.29
2894,8551,2025-01-27T01:28:49,1524.55
9209,9442,2025-11-27T16:07:17,1313.28
4082,5274,2024-11-23T07:34:17,405.02
4658,6609,2024-02-20T07:04:33,453.53
2880,2807,2024-11-13T09:13:34,246.13
4719,5193,2025-07-10T15:44:50,593.12
5931,2931,2024-01-25T11:01:58,1452.86
7122,5400,2025-03-13T20:25:05,1001.26
8319,3211,2025-01-06T03:19:16,812.04
611,6776,2025-07-18T12:48:08,1231.63
4169,5244,2025-07-09T00:10:09,1950.69
7147,2906,2025-09-26T06:07:03,605.49
6247,1619,2024-04-08T13:06:15,1702.49
8632,2916,2024-07-12T07:23:29,1844.04
1680,1251,2025-02-06T03:25:24,1475.17
6078,9287,2025-04-16T03:15:11,300.03
7744,2655,2025-02-19T13:20:13,1711.89
3420,7179,2024-03-17T01:51:42,1959.07
4217,4955,2025-03-08T14:07:43,1425.41
3902,1271,2024-07-05T20:24:33,1788.73
3770,8693,2025-10-27T03:23:01,1901.35
8828,5621,2024-01-12T00:49:11,1196.44
8477,5553,2025-02-02T04:06:35,1319.08
4914,4909,2024-04-01T05:51:43,724.6
3303,4196,2024-08-16T06:00:10,1425.32
3135,1640,2025-03-23T11:53:34,1475.89
6720,3697,2024-03-27T03:28:11,111.68
4427,7000,2024-05-11T10:22:08,1035.1
3078,1674,2024-06-27T18:49:15,933.18
8395,3833,2024-12-29T04:53:28,399.73
2912,6569,2024-01-19T01:39:30,876.85
6958,6999,2025-07-04T03:36:46,1289.61
6203,6292,2024-05-11T00:40:34,100.33
37,9348,2024-04-17T10:41:26,989.56
4818,9604,2024-10-19T20:28:29,343.63
2438,8571,2025-03-07T17:07:15,1421.94
4595,9727,2024-01-03T14:12:47,1660.58
2078,1518,2024-09-01T06:41:37,546.64
5007,7303,2024-09-10T21:06:20,616.0
3777,3512,2024-01-21T09:16:34,1582.07
267,9042,2025-08-07T17:03:47,209.66
3144,5782,2025-02-21T16:09:15,1334.98
8877,6781,2024-10-24T04:27:05,514.43
1072,5942,2025-05-26T09:33:56,414.86
1522,4994,2025-05-13T20:40:31,1918.0
4097,1296,2025-07-27T03:53:32,1107.23
9318,1083,2024-06-21T19:22:13,1973.72
1529,2572,2024-03-04T23:01:49,338.95
6287,4640,2025-10-06T22:04:11,1733.25
8803,1566,2024-10-20T22:51:33,673.44
3797,4633,2025-05-21T19:54:18,597.36
9825,1379,2024-09-23T19:14:32,1317.58
5685,2357,2025-10-24T16:46:28,205.82
9337,2897,2025-09-15T08:18:49,460.21
2751,2866,2024-01-13T15:16:13,1482.33
2839,7586,2024-11-21T16:25:02,1772.14
6938,5832,2025-09-17T14:30:51,1409.8
9554,6436,2025-11-29T05:07:13,587.09
7091,4216,2024-10-31T02:23:30,1371.29
6253,6533,2025-04-15T09:09:29,1693.04
6263,8405,2025-04-23T03:17:47,553.43
7869,3158,2024-08-15T16:26:47,371.42
3963,3664,2025-05-30T23:49:42,610.77
2860,9737,2024-07-02T09:10:23,1689.77
578,4068,2024-11-19T13:22:58,1330.42
2875,8942,2024-04-08T17:45:45,1423.75
9469,3494,2024-08-10T04:40:31,1214.52
2970,7489,2025-09-29T18:51:03,226.34
4378,7017,2024-08-25T11:35:56,1250.88
5236,7317,2024-04-20T08:37:01,842.1
6281,5115,2024-07-27T09:53:34,369.2
9826,2543,2025-03-12T18:32:04,626.75
3271,3993,2024-02-15T19:30:19,1619.31
446,2398,2025-10-08T01:21:06,190.99
1157,5262,2024-08-20T02:47:40,1641.08
1247,2342,2024-08-14T15:45:35,949.77
6317,9593,2025-01-04T14:35:30,199.27
2935,5016,2024-05-10T15:15:27,1077.38
8333,1208,2025-05-16T20:31:57,185.83
915,6315,2024-03-13T06:50:36,1728.12
1530,9814,2025-08-23T15:42:07,1068.75
5322,4760,2024-06-11T04:59:47,1167.56
4917,8212,2025-09-04T03:55:35,1705.2
2200,3873,2024-10-14T04:57:11,526.2
5097,7716,2024-02-20T14:08:10,1038.5
5242,8737,2024-10-30T22:12:17,304.05
638,1430,2025-01-18T17:14:11,724.99
7659,8557,2025-09-05T04:48:02,242.57
3155,8606,2025-08-04T12:19:57,972.09
1065,8248,2025-04-23T12:29:21,1720.63
8834,9979,2025-07-12T03:41:39,1173.52
3153,1618,2024-11-04T02:32:43,26.42
5760,4496,2025-03-26T15:16:08,1070.51
8110,7964,2025-07-27T16:19:09,1203.37
5062,5466,2025-11-13T11:48:06,821.36
1689,9813,2025-11-11T11:55:51,1627.23
4670,5009,2024-07-11T14:31:55,515.86
9437,6064,2024-10-01T21:07:29,9.9
133,3938,2024-01-20T06:03:04,1474.45
4489,2477,2024-12-05T01:51:39,1449.65
6825,7017,2024-01-12T16:26:52,1547.15
5511,5833,2025-06-18T15:26:30,383.98
1068,6152,2024-11-29T12:23:10,1583.2
6977,1213,2025-03-24T15:24:46,1290.03
8434,7722,2024-11-22T17:06:21,1776.27
1934,2823,2025-06-22T21:16:49,613.71
1489,5374,2024-06-04T06:27:04,1501.62
5752,9695,2024-01-04T07:52:42,462.3
6740,2390,2025-04-27T04:21:53,904.25
7197,3855,2025-04-13T16:00:00,7.84
5041,1903,2025-06-26T20:28:16,1057.46
120,3647,2024-07-22T11:12:00,1483.76
6027,4753,2025-09-04T13:40:10,1443.64
4009,3507,2024-01-01T00:39:56,1209.56
4580,1383,2025-08-17T03:31:05,1504.02
2578,2102,2024-07-31T07:53:30,1135.02
505,6179,2025-05-02T04:10:47,306.16
2545,9052,2024-05-07T11:52:13,864.21
4436,2410,2024-12-28T03:34:20,1134.55
9057,4332,2024-07-17T04:15:27,1389.52
4859,2359,2025-03-05T18:13:56,1932.75
9941,8846,2025-06-28T19:18:00,1980.76
4399,8163,2025-10-14T08:25:31,1123.17
4755,2509,2025-03-15T02:04:57,1948.58
5080,7358,2025-10-09T02:00:41,373.03
1637,9835,2025-12-01T14:12:52,1655.91
8918,8533,2024-12-07T18:32:21,944.97
9942,7232,2025-07-27T10:31:28,1202.46
237,9817,2025-12-15T06:54:56,1550.41
5056,6419,2024-07-05T17:08:44,1968.88
5123,7535,2025-05-31T19:27:34,270.56
7109,7230,2025-03-19T10:13:42,531.02
3846,4562,2025-02-13T12:52:58,210.33
3029,8794,2025-06-02T17:48:55,1391.09
4025,7960,2025-09-23T20:37:11,300.59
6747,1206,2024-10-01T16:08:40,1311.83
1005,7010,2025-02-25T20:13:58,1086.38
3761,8167,2025-06-18T19:30:52,1270.04
8606,6464,2024-04-23T21:03:35,1667.49
1542,7381,2024-01-14T02:52:13,1348.23
4430,9216,2025-10-02T20:00:03,299.29
2798,3839,2024-04-10T06:32:03,402.97
2813,2817,2025-08-10T00:28:06,1949.45
2173,9220,2024-07-02T21:20:21,542.15
5008,7141,2025-09-13T09:47:32,1719.42
2954,8807,2024-01-02T14:10:06,13.54
184,9976,2025-12-05T08:59:50,894.6
4813,7114,2024-11-09T12:39:41,1818.42
3709,7541,2025-03-18T20:03:46,1708.39
7846,7784,2025-09-15T09:19:05,1444.28
1983,8680,2025-10-19T05:09:35,1425.48
2230,2995,2025-05-10T14:43:37,1417.61
7836,4505,2025-10-08T12:43:12,348.92
472,7785,2024-12-09T08:18:03,549.97
7420,1819,2025-07-30T21:48:46,1340.87
7026,9592,2025-12-05T09:55:21,1572.42
3148,6341,2025-08-28T11:07:53,823.14
7709,2212,2025-11-27T20:54:31,1640.9
3536,1996,2025-03-15T18:15:45,1589.81
3379,9806,2025-07-08T09:36:09,373.86
1091,9788,2024-04-30T16:26:22,656.87
1055,2975,2025-09-26T16:00:58,1976.37
8327,1141,2024-09-29T03:14:27,1511.19
9986,9825,2024-10-19T21:47:47,1954.03
9932,6087,2025-02-27T16:42:32,323.57
1523,6258,2025-06-14T03:40:46,765.84
5385,6903,2024-11-12T18:25:24,1922.97
3084,2350,2024-10-05T21:58:38,592.56
7921,7655,2024-04-02T12:23:20,1597.65
7552,6733,2024-08-20T04:03:35,1323.18
1764,2311,2025-06-28T05:56:14,425.09
2881,5744,2025-03-20T02:28:03,85.36
9215,9786,2024-07-31T17:18:03,1229.02
527,3317,2025-03-28T15:03:06,1833.91
4548,5947,2025-05-09T13:42:49,847.95
2222,4193,2025-04-02T06:36:58,1042.3
7616,1708,2025-12-29T16:14:36,789.82
8821,4422,2025-01-12T06:07:36,213.45
9492,5078,2025-09-19T10:27:19,980.57
5937,3868,2025-02-18T00:23:35,1370.46
5012,3534,2025-12-09T20:22:11,1201.44
7023,1100,2025-08-07T01:04:19,365.96
9620,3101,2024-09-04T19:19:33,1388.12
756,5215,2024-12-22T10:47:08,1438.6
5533,1981,2025-11-23T07:15:04,24.66
8542,3083,2024-06-02T11:15:39,465.49
6553,7258,2025-12-06T07:45:32,1911.13
9795,3621,2024-11-29T04:23:06,1710.08
7706,1841,2025-10-16T10:57:37,362.4
143,9785,2024-11-06T10:32:42,665.64
3971,3540,2025-08-20T05:03:44,1907.6
864,1990,2024-10-16T20:57:54,1237.58
3566,8109,2024-06-28T23:37:56,740.44
6384,8431,2025-10-26T00:06:09,767.91
5144,2070,2025-09-03T06:02:23,176.07
1538,3916,2024-02-12T03:37:48,1589.46
3830,6222,2024-07-30T00:22:08,1247.71
5216,5861,2025-10-11T08:55:21,1205.1
4124,4453,2025-03-05T12:01:37,249.88
9091,6844,2024-02-21T15:21:30,1471.45
3407,7968,2024-07-16T10:14:50,1880.7
1601,6309,2024-01-31T23:52:38,210.93
4231,4805,2024-03-16T06:19:15,598.21
5866,4080,2024-10-01T07:43:07,1740.55
4279,7425,2025-01-15T18:23:59,1197.7
9802,7693,2025-08-23T12:21:57,1544.05
9363,4635,2024-03-16T14:40:38,1648.7
3822,2506,2024-06-03T18:03:24,700.36
6475,7944,2024-05-28T03:57:27,1870.66
8881,5851,2025-01-01T20:29:09,14.85
1991,6323,2025-01-15T13:11:51,1734.22
612,5498,2024-12-03T19:52:43,1280.74
6649,8255,2024-03-02T20:12:51,545.39
3079,6511,2025-04-27T10:37:28,855.07
2986,9723,2024-11-22T06:31:28,900.48
1742,5166,2025-09-24T02:40:06,955.7
2941,7228,2024-07-13T20:54:32,1998.49
6898,3307,2025-05-16T15:41:52,1595.91
8087,3658,2024-05-24T15:26:50,1940.7
4163,3084,2025-01-19T10:08:38,458.7
1094,8118,2024-03-07T23:07:22,236.39
9137,4025,2024-02-11T00:08:54,394.5
5287,3360,2024-06-07T15:18:36,595.73
3019,8140,2024-08-30T01:53:28,1028.69
9834,3733,2024-08-01T10:06:24,805.2
1143,6161,2025-10-22T22:10:52,1852.45
4462,8785,2024-05-24T19:13:24,283.93
7176,1747,2025-05-26T07:19:38,77.55
1735,3389,2024-06-01T06:52:59,1601.07
5604,9514,2024-12-28T10:25:52,711.1
5279,6147,2025-01-11T11:25:12,1211.52
2384,1371,2025-05-02T05:16:33,589.87
2526,7626,2025-06-01T19:45:36,1975.11
3569,3885,2025-10-31T19:24:34,381.78
4563,6212,2025-09-05T19:28:51,198.81
7895,6111,2024-07-28T02:53:26,915.09
2510,6111,2025-04-11T08:04:17,1375.66
2027,9084,2024-01-05T11:11:52,479.57
8982,1600,2024-10-28T09:17:27,1746.79
9601,4316,2025-11-10T14:39:50,17.89
9793,4746,2025-10-26T23:47:09,1324.39
3841,6151,2025-08-28T11:12:16,249.0
6900,4495,2025-03-07T08:09:21,1731.08
5600,3226,2024-10-20T03:42:49,6.14
3685,5765,2024-09-20T07:48:14,723.83
8250,6429,2024-10-17T16:19:50,691.38
5455,8148,2024-08-04T15:06:50,1116.78
8453,4374,2024-10-30T12:11:07,377.7
6088,2908,2024-03-15T13:17:46,1493.95
4848,8206,2025-02-27T23:55:48,240.05
5854,3170,2024-07-12T05:35:52,1423.58
9853,3300,2025-10-17T02:52:48,1692.48
2677,3182,2024-12-30T04:35:12,1743.53
7803,9255,2024-06-10T18:19:59,1521.21
3976,7328,2024-07-12T04:38:07,848.01
923,2260,2025-08-30T21:57:48,725.44
9865,6505,2025-04-09T06:10:32,1899.89
5087,5109,2024-09-22T03:10:42,1844.07
744,4804,2024-03-10T11:40:07,1072.63
601,8204,2025-07-31T08:15:35,1789.8
9477,4419,2024-10-22T03:30:58,257.99
4387,4798,2024-01-03T01:47:13,1978.23
5398,3698,2025-03-03T13:06:17,1480.72
8633,9059,2024-02-06T10:06:42,1643.41
7704,6710,2025-07-05T10:57:47,1509.7
9907,6881,2024-01-21T21:32:45,278.13
3967,1083,2024-08-25T12:55:33,863.49
1975,6221,2025-08-17T12:44:34,1760.86
6908,2158,2025-12-01T08:50:29,75.87
3187,4580,2025-11-18T18:10:18,825.14
3635,2736,2025-06-28T19:04:35,1327.18
6374,8588,2025-03-05T07:55:55,693.29
1883,4943,2024-09-08T05:33:43,1128.47
2814,2669,2025-08-30T03:03:24,1648.1
3089,6394,2024-06-01T17:45:11,503.8
5703,4666,2025-04-16T01:40:24,1379.62
8090,7265,2025-08-15T23:08:58,1105.21
6980,7338,2025-02-28T15:53:06,1435.67
1260,9773,2024-11-21T03:52:02,1375.7
8186,1977,2024-05-20T00:20:03,1413.8
213,8705,2024-03-04T14:50:34,43.67
3395,9750,2024-08-15T21:18:47,892.62
1865,1994,2025-05-11T06:16:15,725.05
776,4578,2025-09-14T22:16:12,1524.91
2732,7020,2024-03-15T15:38:53,1027.74
8691,8346,2025-12-05T15:43:52,16.85
6422,9010,2024-07-25T01:45:57,1215.13
878,2320,2025-10-20T13:23:18,1309.2
9589,6841,2024-07-17T12:25:12,1289.03
9516,1102,2025-10-27T16:12:40,577.31
9667,4933,2025-06-11T05:21:05,1625.56
8611,6087,2025-10-23T14:24:24,553.75
9949,4955,2024-12-02T20:47:02,541.64
9404,4488,2024-07-04T18:17:58,447.14
1453,8414,2024-10-09T04:18:04,232.48
1164,2376,2025-05-04T13:35:52,1166.74
8309,4841,2025-11-15T00:05:18,1516.32
9185,7076,2025-10-21T10:25:58,322.71
7996,2361,2024-11-23T15:57:40,984.88
3571,6081,2024-01-17T08:21:00,330.02
6726,3765,2024-09-29T03:04:46,740.15
4999,5128,2025-11-13T18:57:02,1001.87
9777,5723,2024-12-30T17:29:06,1988.31
6858,5330,2025-09-22T01:10:11,1443.41
1694,1448,2025-10-31T13:16:43,966.53
6790,1733,2024-04-04T01:57:47,1633.35
2917,2468,2025-08-19T18:14:15,312.68
7351,3223,2025-06-04T23:39:30,71.8
5774,1054,2025-10-24T13:38:13,1907.4
6006,3005,2024-02-06T11:53:37,1731.18
7553,1272,2024-05-18T09:47:49,1981.4
9772,4204,2025-01-22T04:14:39,44.53
2756,5342,2024-12-15T11:38:12,685.96
1543,1096,2025-02-19T10:02:07,1284.64
3279,1155,2024-03-19T07:13:07,126.81
6684,6091,2025-09-29T01:28:31,632.92
1552,9941,2024-10-30T16:37:46,593.48
3986,8240,2025-02-13T00:00:08,1389.8
6659,2479,2025-06-18T22:05:45,658.02
5135,4382,2024-01-19T12:19:26,775.01
3462,5809,2025-01-10T06:05:48,533.18
8070,7991,2024-03-23T03:56:58,59.84
1262,8803,2024-07-02T00:41:08,601.21
7089,5173,2025-08-31T08:19:37,604.5
155,3041,2025-05-30T06:26:19,1440.91
1672,1175,2024-12-06T23:01:55,407.41
8758,8835,2025-08-02T12:09:48,1695.89
9059,3104,2025-07-25T14:59:26,1185.03
1556,7456,2024-01-04T21:45:46,1076.62
8467,9774,2025-06-24T04:14:24,1375.49
5832,7651,2024-10-07T11:55:03,1086.22
6841,6873,2025-06-28T21:41:39,911.83
5501,9470,2025-02-17T18:58:36,1234.65
6705,5602,2024-05-17T09:14:09,1419.74
8951,3805,2025-11-17T13:09:17,459.86
4574,6657,2025-03-11T23:52:12,170.77
1809,1519,2024-12-26T03:42:17,663.85
2036,3643,2024-05-18T10:47:27,1345.82
8034,1299,2025-08-24T06:51:24,697.9
1745,5222,2025-03-11T05:40:54,691.56
2209,2900,2024-07-24T08:41:21,109.78
2642,5275,2025-06-26T12:39:06,1015.14
5173,5140,2024-10-10T16:07:09,388.09
932,9044,2024-08-14T08:59:14,1935.69
9835,8548,2024-05-23T10:08:10,1635.14
7354,2765,2024-06-10T11:45:56,42.34
9530,3303,2025-06-05T02:31:34,1698.16
4668,2301,2025-02-21T15:59:48,1941.02
7817,3791,2024-02-22T16:15:28,1725.4
9447,6779,2025-08-10T22:19:41,395.64
4130,1978,2024-03-06T15:04:09,561.79
8531,4642,2024-10-02T15:03:58,1398.31
8616,4694,2025-08-24T13:06:31,633.85
7344,6906,2024-07-21T19:05:51,1107.34
5484,4155,2024-01-22T11:43:02,1344.95
7872,5421,2024-06-15T17:48:36,1511.88
876,4984,2024-12-22T12:20:17,1980.51
6562,5327,2025-09-30T21:22:05,334.46
9559,9348,2025-07-23T22:03:40,1156.27
7313,5234,2024-07-07T07:44:44,555.2
1872,4164,2024-05-27T03:47:53,1054.75
8790,2137,2025-06-19T17:25:40,407.47
1434,5072,2025-07-18T09:46:28,966.45
335,6272,2025-12-25T13:37:35,1739.86
3156,2352,2024-02-23T00:01:59,1099.11
8497,7793,2025-04-11T12:42:32,1102.78
2033,3381,2024-01-29T12:31:48,1708.39
7862,5576,2025-12-17T04:14:42,1488.25
4601,9247,2025-04-26T12:09:06,1997.83
2571,6952,2024-08-20T15:28:27,1939.01
8415,2100,2024-11-09T21:34:10,738.65
2102,1249,2024-03-29T21:41:47,1916.8
